Género,Título,Adivinanza 2,Artista,Spotify
Pop Latino,3:00 a.m.,"Hora en la que se inicia un nuevo día, pero todavía es de noche.","Jesse & Joy, Gente De Zona",https://open.spotify.com/track/0yyZN5ASdrYu0XYWFzfxUu
Urbana,301,"Número que sigue al tres, un lugar especial para algunos.","Reykon, KAROL G",https://open.spotify.com/track/5GJBSWrbSZRj0M9yi0nDdS
Plancha,¡Ay Amor!,La exclamación que surge al sentir el afecto y su título en dos palabras.,Ana Gabriel,https://open.spotify.com/track/0fC6Szw2CX8XZYsydOLmVC
Pop Latino,¡Corre!,"Un imperativo que invita a moverse rápidamente, como si estuvieras huyendo de algo.",Jesse & Joy,https://open.spotify.com/track/5kIcrM3QVD4BQPFMszQnU1
Plancha,¿Qué Pasará Mañana?,Un interrogante sobre el futuro que está justo al llegar.,José Luis Perales,https://open.spotify.com/track/588L3T9VgPngwtXUiFWnf6
Pop Latino,¿Qué pides tú?,"Solicitudes en un diálogo, lo que anhelas de alguien en una charla.",Alex Ubago,https://open.spotify.com/track/2tWmETghMSbR3LQ5lCrJq8
Plancha,¿Qué Será de Ti?,Un interrogante sobre el futuro de alguien que te importa.,Camilo Sesto,https://open.spotify.com/track/6AP6ELJ9Il3RwyQlzbeogS
Banda,¿Qué Te Parece?,Un interrogante que busca tu opinión sobre algo que se propone.,"Grupo Frontera, Oscar Maydon",https://open.spotify.com/track/6oCQOBXMHc1z2JRx1Dv6tG
Urbana,¿Qué Tengo Que Hacer?,¿Qué acciones debo realizar para alcanzar lo que deseo?,Daddy Yankee,https://open.spotify.com/track/0nssGbqC6ZSMx0OliWCkHk
Plancha,¿Quieres Ser Mi Amante?,"Un deseo sincero de compartir la vida, buscando complicidad en el amor.",Camilo Sesto,https://open.spotify.com/track/1Y7q2zwCBjt9zgIHZ0Ku7J
Plancha,¿Y Cómo Es Él?,Un interrogante sobre la manera de ser de un caballero.,José Luis Perales,https://open.spotify.com/track/7aSxNjoVoAwNL7HDAKwGtC
Banda,(Entre Paréntesis),Lo que ocurre cuando no puedes ocultar lo que sientes en tu corazón.,"Shakira, Grupo Frontera",https://open.spotify.com/track/68viiGZoRbLCjsy5xD4VrU
Urbana,1+1,"La suma de un individuo más otro, formando una unión especial.","Maluma, Kany García",https://open.spotify.com/track/4IIVfcAGxVXGMbwIpj6ZXJ
Urbana,11 PM,La hora en la que empieza la noche y las emociones se desatan.,Maluma,https://open.spotify.com/track/7KbF6AdprOXEEHlsq11Z6d
Tropical,13 Años,La cantidad de vueltas que da el reloj en más de una década.,Wilfrido Vargas,https://open.spotify.com/track/56sBMO7NmQccMdCeRf4iS4
Pop Anglo,19-2000,Un número que indica una edad y otro que suena a un par de milenios.,"Gorillaz, Miho Hatori, Tina Weymouth",https://open.spotify.com/track/71koAFCnGnugRdGIDfS7f4
Urbana,200 COPAS,"Cantidad de bebidas que se necesitan para ahogar las penas, ¿será suficiente?",KAROL G,https://open.spotify.com/track/0aZnyTWJNgdzYoOiaW8HKG
Pop Anglo,24K Magic,"Oro puro y encanto en el aire, una celebración brillante que no puedes ignorar.",Bruno Mars,https://open.spotify.com/track/6b8Be6ljOzmkOmFslEb23P
Tropical,25 Horas,"Un día tiene mil y un momentos, pero solo una parte de ese tiempo.",Proyecto Uno,https://open.spotify.com/track/5fq4jxlqyjAVFLOB0lZIdT
Pop Anglo,3:15 (Breathe),"Un momento de cada hora y un cuarto, donde todo lo que necesitas es inhalar.",Russ,https://open.spotify.com/track/0dGqP4VickYjtIaB5VOt4H
Urbana,5 Letras,"Un término que describe un vínculo por el que muchos sienten afinidad, pero a veces se enreda.",Alexis y Fido,https://open.spotify.com/track/0tDSgSmZsbxCkdkfUPjg59
Urbana,6 AM,"La hora en que empieza el nuevo día, pero ya has vivido mucho antes.","J Balvin, Farruko",https://open.spotify.com/track/7mPwkbaoiQ5bf8FPbRJzUr
Urbana,7 Días,"Un número que representa una semana, que se siente eterno cuando hay amor.",Romeo Santos,https://open.spotify.com/track/3sTVMGhTdyyLM67WyYhYMB
Vallenato,A Besitos,"Un contacto suave y dulce entre labios, preferiblemente en pequeñas dosis.",Los Diablitos,https://open.spotify.com/track/7CnlBAOTtLrPoSslicvZM7
Tropical,A Donde Iras,"El lugar al que te diriges, el destino de tus pasos, ¿cuál es?",Luisito Ayala Y La Puerto Rican Power,https://open.spotify.com/track/3hkISWyfeWQk5iq9fPuv6n
Vallenato,A Donde Iré Sin Ti,"Un lugar al que no sé si llegaré, si no estás a mi lado.",Los Gigantes Del Vallenato,https://open.spotify.com/track/1TYPgjaOTvBaNL7FrGOxxk
Plancha,A Donde Vayas,"El lugar al que te diriges, donde quieras que sea.",Los Bukis,https://open.spotify.com/track/3yb8pakJMZzfiK7siLZLUM
Urbana,A Ella,A esa persona que siempre conquista tu atención y te hace girar.,KAROL G,https://open.spotify.com/track/1pkMzGqBBS10nDiiYrNGGJ
Plancha,A Esa,"Dirígete a la destinataria de tu afecto, expresa lo que sientes sin rodeos.",José José,https://open.spotify.com/track/1TJS7POzl1qrGhqvFcjtHv
Plancha,A Esa,"Una dirección a un amor, pero con un toque de anhelo.",Pimpinela,https://open.spotify.com/track/42QWOsW1f9uDu9zsoUAE73
Tropical,A Fuego Lento,"La forma en que arde un amor, lentamente, sin prisa, pero con intensidad.","Mario Ortiz Y Su Orquesta, Anthony Cruz, Luigui Valentin, Nelson Rodriguez, Gilberto Santa Rosa, Primi Cruz",https://open.spotify.com/track/1Srn5mpWz7eS0rdy0EtHxJ
Plancha,A la Mujer Que Tanto Amé,Dedico esta letra a quien ocupó un lugar especial en mi corazón.,Los Angeles Negros,https://open.spotify.com/track/431WFvDCFrqyuWZu1orajz
Tropical,A Maina,Un lugar donde las dudas se disipan y se celebra la alegría.,Willie Rosario,https://open.spotify.com/track/3UcD91YUQVenifPgFNtmPA
Tropical,A Mi,"Un pronombre personal que refiere a ti, seguido de un posesivo.",Cano Estremera,https://open.spotify.com/track/3y3A0PQZqg6RiWMHRgqvFU
Urbana,A Mí No,Una expresión de rechazo ante algo que no te afecta personalmente.,Greeicy,https://open.spotify.com/track/5UJ0ekAw8exus0fvaUWSZ8
Tropical,A Nuestro Modo,"Adoptando nuestro estilo, sin seguir las reglas de los demás, en nuestra propia esencia.",Gabino Pampini,https://open.spotify.com/track/2KnGrPWw6jCtvl7JITgmQg
Tropical,A Pesar de la Distancia,Es un sentimiento que persiste incluso cuando hay kilómetros entre tú y yo.,Hansel Camacho,https://open.spotify.com/track/5oWJAQ5VwHMrtwcblMFQ7Q
Vallenato,A Pesar De Todo,"Aun con los obstáculos y las adversidades, el amor sigue firme.","La Combinación Vallenata, Alex Manga, Morre Romero",https://open.spotify.com/track/6PJlqc0VY2xHVRpdG64O09
Tropical,A Prueba De Fuego,"Resistente ante el ardor, no se deja consumir por las llamas del amor.",Grupo Niche,https://open.spotify.com/track/3WIHqoLLeQ0m7zeJshfSpg
Banda,A Punta de Licor,"Con un sorbo en mano, a enfrentar lo que venga, el camino se cierra y la diversión comienza.",Darío Gómez,https://open.spotify.com/track/4U32yeewz9SPZxxc1FNEGY
Tropical,A Puro Dolor - Salsa Version,Una mezcla intensa de sufrimiento y una necesidad constante.,Son By Four,https://open.spotify.com/track/6M03z3sBED3z2dVJgt7F7j
Tropical,A Quien...? A Mi...?,¿A quién le importa mi sufrimiento? La respuesta está en la pregunta.,Gilberto Santa Rosa,https://open.spotify.com/track/2lReNvObBxLnEkM2EpuutY
Pop Anglo,A Sky Full of Stars,Un firmamento brillante repleto de brillantes esferas luminosas.,Coldplay,https://open.spotify.com/track/0FDzzruyVECATHXKHFs9eJ
Pop Anglo,A Thousand Miles,El trayecto que recorrería si pudiera cruzar muchas distancias.,Vanessa Carlton,https://open.spotify.com/track/4w1lzcaoZ1IC2K5TwjalRP
Tropical,A Ti Volvere,"Regresaré a ese lugar que guardo en mi corazón, donde todo comenzó.",Tito Rojas,https://open.spotify.com/track/4C1PKwORybZ91FLj2Ua5ce
Urbana,A Tu Merced,"Donde tú te sientes a tu antojo, inmerso en la voluntad de otro.",Bad Bunny,https://open.spotify.com/track/4r9jkMEnArtWGH2rL2FZl0
Plancha,A Tu Recuerdo,"Un eco de lo que viviste, siempre presente en tu mente.",Los Angeles Negros,https://open.spotify.com/track/3SZ5Q0KLVIIFKcXIKXb295
Urbana,A Veces A Besos,"En ocasiones, el roce de labios es más que un simple saludo.",Greeicy,https://open.spotify.com/track/6AQgrZrFu1xfuAmbyXmKAE
Pop Latino,Abrázame Muy Fuerte,"Un gesto de amor que une intensamente, pidiendo que no me sueltes nunca.",Juan Gabriel,https://open.spotify.com/track/2nejvFyJeTDtMRP2nUMt0J
Plancha,Acaríciame,"Toca suavemente, como una brisa que busca el calor de una piel.",Maria Conchita Alonso,https://open.spotify.com/track/36AZfm9TMpqDe0a97eQHZ5
Vallenato,Acuerdate,"Cuando el tiempo avanza, hay algo que no debes olvidar.",Los Gigantes Del Vallenato,https://open.spotify.com/track/67PpBxwzwBbBUyUDcbWGxC
Vallenato,Acuérdate,"Recuerda un momento vivido, aunque el tiempo intente borrar la memoria.",Los Gigantes Del Vallenato,https://open.spotify.com/track/7sjRnSohHSVBK6Ii3hrvd7
Urbana,Adan y Eva,"Un hombre y una mujer en un paraíso perdido, ¿quiénes son los primeros?",Paulo Londra,https://open.spotify.com/track/6FyRXC8tJUh863JCkyWqtk
Banda,Adiós Amor,Un último saludo a un sentimiento profundo que se va para nunca volver.,Christian Nodal,https://open.spotify.com/track/63bmZnBN1CiJ9sA4qTEe8y
Vallenato,Adiós Amor,Un saludo emotivo a un sentimiento que ya no estará presente.,"Luis Mateus, La Nueva Generación",https://open.spotify.com/track/0Mm50XeSEj5KGUZmQRuLfo
Urbana,ADMV,"Una abreviatura que evoca sentimientos profundos: Amor, deseo y compasión.",Maluma,https://open.spotify.com/track/3eJMSq78dDaFb7VvhNFnq6
Vallenato,Adolescentes,Una etapa de la vida donde la curiosidad y el cambio están en su apogeo.,Daniel Calderón,https://open.spotify.com/track/1dunmSg72KhKCDhbnlwzWO
Pop Anglo,Adore You,"Te venero con cada susurro, anhelando tu presencia sin condición.",Harry Styles,https://open.spotify.com/track/3jjujdWJ72nww5eGnfs2E7
Pop Anglo,Adventure of a Lifetime,Un viaje emocionante que dura para siempre y nos llena de alegría.,Coldplay,https://open.spotify.com/track/69uxyAqqPIsUyTO8txoP2M
Pop Anglo,Africa,Un continente donde la vida late con fuerza y folclor.,TOTO,https://open.spotify.com/track/2374M0fQpWi3dLnB54qaLX
Pop Anglo,After Last Night (with Thundercat & Bootsy Collins),"Después de la oscuridad, ese momento que todos anhelan tras haber soñado.","Bruno Mars, Anderson .Paak, Silk Sonic, Thundercat, Bootsy Collins",https://open.spotify.com/track/0crw01bqnefvDUDjsuKraD
Urbana,AGUA,"Un elemento esencial para la vida, que fluye y refresca en cada gota.","Daddy Yankee, Rauw Alejandro, Nile Rodgers",https://open.spotify.com/track/4e4t1qNN47CzmCxFffzs4U
Pop Latino,Agua,"Elemento esencial para la vida, fluido que cae del cielo y da vida a la tierra.",Jarabe De Palo,https://open.spotify.com/track/5omgFpiMt1CGHjQGfkwzvz
Urbana,"Agua (with J Balvin) - Music From ""Sponge On The Run"" Movie","Elemento esencial para la vida, que también puede fluir en un río.","Tainy, J Balvin",https://open.spotify.com/track/1pqnQ41XbfKjaFu6M0eGJp
Tropical,Agua Caliente,Elemento primordial en estado líquido que alcanza temperaturas elevadas.,Hildemaro,https://open.spotify.com/track/5HmxRC7UzG9FxGYAm7EsXH
Urbana,Agua de Jamaica,"Una bebida dulce y refrescante que en México se disfruta fría, con un toque de color.",Maluma,https://open.spotify.com/track/41BzKiCrKpUQHS3TP0jmdr
Tropical,Agua Que Va A Caer,"Un líquido que desciende del cielo, pronto tocará el suelo.","Ismael Rivera, Cortijo Y Su Combo",https://open.spotify.com/track/417oy2mvDKzeiDFdTORBSJ
Tropical,Aguacero,"Una intensa lluvia que cae con fuerza, dejando todo empapado.",El Gran Combo De Puerto Rico,https://open.spotify.com/track/5k1OxW8WdINpWyQTjDup4b
Urbana,Ahí,"En ese lugar, entre el aquí y el allá, se encuentra lo que deseas.","KAROL G, Drake",https://open.spotify.com/track/6DoUDG1GJrJf6eGQLUBBnm
Urbana,Ahora Es,"El momento perfecto para actuar, ya no hay tiempo que esperar.",Wisin & Yandel,https://open.spotify.com/track/15wPtgg6jsyMLhIkjcSpl4
Tropical,Ahora me da pena,Siento un rubor que me invade cuando pienso en lo que pasó.,Henry Fiol,https://open.spotify.com/track/3ogUFoUSvXN7GLb0Q0EAgu
Urbana,Ahora Me Llama,"En este instante, necesito que me busques, pero no eres tú quien me llama ahora.","KAROL G, Bad Bunny",https://open.spotify.com/track/0alSPoUfrGb0RdVVG4Lf3n
Banda,Ahora Que Puedo,Un tiempo que sí tengo para hacer lo que deseo.,Fernando Burbano,https://open.spotify.com/track/0ICYIN3E2bBXKAexkAZXBt
Vallenato,Ahora Que Te Vas,"El momento que surge cuando se decide marcharse, pero aún queda un eco de la presencia.",Los inquietos del vallenato,https://open.spotify.com/track/2rGBCsiDxWsTPaNZeGLlSk
Tropical,Ahora Soy Yo - Nuevo,"Un presente renovado, donde el enfoque está en mi propia esencia.",Willie Gonzalez,https://open.spotify.com/track/3qjTHpXCj9QdECRDRRuxjM
Vallenato,Ajena,"Algo que no te pertenece, pero sientes profundamente en tu corazón.",Nelson Velasquez,https://open.spotify.com/track/0InkfUhyIVjDUcV65GUqFV
Tropical,Al Desnudo,"Sin ropa ni máscaras, mostrando lo que realmente soy.","Bayardo de la Vega, Orquesta Travesuras",https://open.spotify.com/track/0ihnHiVJlxJYHua4TLnEkr
Urbana,AL GOLPITO,"Un toque ligero que acompaña el movimiento, pequeño golpe que hace vibrar el suelo.","Quevedo, Nueva Línea",https://open.spotify.com/track/7Btdfb0u6xW8GNawIvNESw
Pop Latino,Al lado del camino,"Junto a la senda que pisamos, donde el destino espera.",Fito Paez,https://open.spotify.com/track/4Ft15s9T7pcG7O85VbdxVl
Tropical,Al Rojo Vivo,Un intenso color que arde y se asocia a la pasión desenfrenada.,Charlie Cardona,https://open.spotify.com/track/02IfEuNuMzA5lMJAkUSmF7
Banda,Alch Si,Una respuesta afirmativa a una pregunta con un toque de misticismo.,"Carín León, Grupo Frontera",https://open.spotify.com/track/5cWgwbui8BasfjCXvBZ7UA
Pop Latino,Aléjate de Mí,Evita estar cerca de quien te causa dolor.,Camila,https://open.spotify.com/track/15AbuFJdFrbINydSMSqVhV
Tropical,Aléjate De Mí - Salsa,"Mantén la distancia, por favor, ya que tu presencia me hace daño.",Angeles,https://open.spotify.com/track/14BfagAf9eBYxrT1R6OMM9
Pop Latino,Algo contigo,Una cierta cosa que deseas compartir con alguien especial.,Andrés Calamaro,https://open.spotify.com/track/4VJZMZV7U4KK2GE4sSThVM
Plancha,Algo de Mí,"Una porción de mi ser que queda en el aire, como un recuerdo que nunca se va.",Camilo Sesto,https://open.spotify.com/track/1bDbdMiDaXpaDpqitYVriQ
Pop Latino,Algo Más,Una porción adicional de lo que se siente necesario para ser completo.,La Quinta Estacion,https://open.spotify.com/track/3bJBWsVNUJ3hOIO6lQUKCj
Urbana,Algo Me Gusta De Ti,Una emoción positiva hacia un aspecto atractivo de alguien especial.,"Wisin & Yandel, Chris Brown, T-Pain",https://open.spotify.com/track/2FqoR7diymD1Eh7cVb3DMg
Tropical,Algo Que Se Quede,"Una cosa que persista en el tiempo, que no se lleve el viento.",Grupo Niche,https://open.spotify.com/track/1JXcB149QtbcIpDUA6YZOB
Urbana,ALGO TÚ,Una porción de algo que pertenece a ti.,"Shakira, Beéle",https://open.spotify.com/track/1dHbcmMm9bov1q4lG7Q4nQ
Banda,Alguien Me Gusta,"Una persona que despierta interés en el corazón, pero no es solo una amistad.","Andy Rivera, Jhonny Rivera, Jessi Uribe",https://open.spotify.com/track/4iFTIshL0xDCw8JJUl5AJ3
Urbana,Alguien que te amaba,"Una persona que podía sentir lo que tú sentías, pero ya no está.",KAROL G,https://open.spotify.com/track/1ODtEk90QyddQlslqHkjAJ
Urbana,Alguien Robo,"Un ser inesperado tomó lo que te pertenece, dejándote vacío.","Sebastian Yatra, Nacho, Wisin",https://open.spotify.com/track/0pQoNBSZeRFuhLVH8gCVDT
Pop Anglo,All of Me,"Todo lo que soy, sin excepción, entregado por completo a ti.",John Legend,https://open.spotify.com/track/3U4isOIWM3VvDubwSI3y7a
Tropical,Almohada,Un objeto blando donde reposan los sueños y las penas de la noche.,Tito Nieves,https://open.spotify.com/track/17IWD81zbAjCj6Lx6LMv7O
Banda,ALV,"Cuando respondas a una situación, ¿no usarás la frase inicial que se dice para despedir?","Arcángel, Grupo Frontera",https://open.spotify.com/track/32hCeeK3ayPux4UauNPsgA
Pop Anglo,Always,"Una palabra que indica continuidad, seguida de un término que remite a la existencia perpetua.",Bon Jovi,https://open.spotify.com/track/2RChe0r2cMoyOvuKobZy44
Urbana,AM,"La letra que nos une en un vínculo especial, como el comienzo de todo.","Nio Garcia, Flow La Movie",https://open.spotify.com/track/2dNhNlpZAtV4lwAFW45LIv
Plancha,Amada Amante,"Quien posee tu cariño, y que a la vez es objeto de tu deseo.",Roberto Carlos,https://open.spotify.com/track/1EjTQ72d5YuDI3yD3n5e4a
Tropical,Amada Mía,Aquel ser que ocupa un lugar especial en el corazón.,Cheo Feliciano,https://open.spotify.com/track/3FisO1ah3lVv1kYyu4wSJb
Tropical,Amame,"Solicita cariño y afecto, como un abrazo que se desea recibir constantemente.",El Gran Combo De Puerto Rico,https://open.spotify.com/track/6QmoaIj5foG6h4cej26sl0
Vallenato,Ámame,Siente el deseo de que alguien te quiera profundamente.,Los inquietos del vallenato,https://open.spotify.com/track/5AzwDUHIsSSdcsvRgIcmZu
Plancha,Ámame Una Vez Más,"Deseo que me abraces nuevamente, como si fuera la primera vez.",Amanda Miguel,https://open.spotify.com/track/6TcVUedzB0NE0mg6bORhx0
Tropical,Amandote,"Sintiéndote en cada instante, como si estuvieras en plena conexión amorosa.",Gilberto Santa Rosa,https://open.spotify.com/track/5vBR1I29WsODATDVGcKfB6
Tropical,Amanecí Con Ganas De Ti,Desperté con deseos intensos de tu compañía.,Willy Garcia,https://open.spotify.com/track/5FuBiYJ9uUeeICyWntUPNU
Banda,Amanecí Contento,Un nuevo día ha llegado y me siento completamente alegre.,Jhon Alex Castaño,https://open.spotify.com/track/37nxtlD0prL0E0uPJ7G1bv
Vallenato,Amante y Amigo,Una conexión especial que cruza la frontera entre el cariño y la complicidad.,Los Gigantes Del Vallenato,https://open.spotify.com/track/3WzuHQ5FlKmKoHZAzjOKoM
Urbana,Amantes,Un par de personas que comparten más que solo afecto; un vínculo intenso.,"Greeicy, Mike Bahía",https://open.spotify.com/track/3IyPnNX142pvWx6D5CiimD
Tropical,Amantes Cobardes,Parejas temerosas que no se atreven a mostrar su amor en voz alta.,Willie Gonzalez,https://open.spotify.com/track/7GLn3iAM4zx4WGLm95XBO8
Vallenato,Amantes Inocentes,"Pareja apasionada, pero sin malicia ni astucia, en un mundo ajeno.","La Combinación Vallenata, Jean Carlos Centeno, Gigantes Del Vallenato",https://open.spotify.com/track/4DgZ6w7btR0E4pAb7I3bLs
Plancha,Amantes Mas Locos,Pareja apasionada que pierde la cordura en su devoción.,Joan Sebastian,https://open.spotify.com/track/0FYdF7HpjCrXct02OyVKG4
Tropical,Amar A Muerte,Sentir algo profundo y eterno que puede ser un fin o un inicio.,Eddie Santiago,https://open.spotify.com/track/6jMciXFmStsATTlBiBidpv
Urbana,Amarillo,"Un color que evoca el sol, la alegría y la energía vibrante de un nuevo comienzo.",J Balvin,https://open.spotify.com/track/6zEgnpM0qYmHLDnh8WPejL
Urbana,Ambulancia,Vehículo de emergencia que lleva ayuda donde más se necesita.,"Camilo, Camila Cabello",https://open.spotify.com/track/5OPte07J5hRK1pTn0f7ldr
Pop Anglo,American Boy,"Chico de Estados Unidos, listo para explorar la ciudad en busca de aventuras.","Estelle, Kanye West",https://open.spotify.com/track/6etwirSInfuJrSOlogS6Sh
Plancha,Amiga,Una persona cercana que comparte alegrías y penas en la vida.,Miguel Bosé,https://open.spotify.com/track/3Pr70knS8uTSiKbwf4rGav
Tropical,Amiga,Una persona cercana que siempre está a tu lado.,Rey Ruiz,https://open.spotify.com/track/4gy8TVpFHgK3GSEcgacGF1
Pop Latino,Amiga mía,Una compañera cercana que ocupa un lugar especial en tu corazón.,Alejandro Sanz,https://open.spotify.com/track/6kQYMqjobmB8MkWwa9OUyA
Banda,Amigos Con Derechos,"Vínculos que no son solo de camaradería, donde hay más que una simple amistad.",Jhon Alex Castaño,https://open.spotify.com/track/7FZmJSyS6LLOdFFV8nuQcU
Urbana,Amigos Con Derechos,Vínculos amistosos con permisos especiales para algo más que solo platicar.,"Reik, Maluma",https://open.spotify.com/track/4yVO0wOhXsZC1RuPgHP524
Tropical,Amor Amor,"Sentimiento profundo que se repite, dos veces, en el aire y en el corazón.","Jhonsy de los Angeles, Angeles Bendecidos, Charlie Zaa",https://open.spotify.com/track/2xIlVtlJ8dZuVf3d9A2qq2
Pop Latino,Amor Clandestino,"Sentimientos ocultos que florecen a escondidas, lejos de miradas curiosas y juicios ajenos.",Maná,https://open.spotify.com/track/5etssK2rpk4SnHWWD1Q6xn
Tropical,Amor de Habitación,"Sentimientos intensos que florecen en un espacio íntimo, aquí es donde todo comienza.",Keko Hernández,https://open.spotify.com/track/6MHOYMwOkyLAizxJpYvwrg
Plancha,Amor de Mujer,El cariño que siente una persona por otra del sexo femenino.,Camilo Sesto,https://open.spotify.com/track/0ad2L8dGv8MtrZkHVNsjGa
Tropical,Amor De Papel,"Sentimientos frágiles, construidos con algo que no es real y se puede romper.",Tito Gomez,https://open.spotify.com/track/2ccabU9T3oFwcM0NnBXxpf
Urbana,Amor De Pobre,"Sentimientos intensos, pero sin recursos para demostrarlo.","Zion, Eddie Dee",https://open.spotify.com/track/1XC79bX6FnBuMgCiI05R9r
Tropical,Amor De Una Noche (feat. Julio Voltio) - Remix Version,Un sentimiento intenso que se desata pero solo perdura por un breve período.,"N'Klabe, Julio Voltio",https://open.spotify.com/track/6B9r2hH46YbSEvnivmeF5C
Pop Latino,Amor del Bueno,"Sentimiento genuino que todos desean y que, al encontrarlo, es más que maravilloso.",Reyli Barba,https://open.spotify.com/track/2G74yhtIMW8tJY5I83dS4Z
Tropical,Amor Fugaz,"Un sentimiento intenso que se escapa rápido, como un susurro en el viento.",Juan Manuel Lebron,https://open.spotify.com/track/6VzNrrPyJ4Yqa8xlOt3JVW
Vallenato,Amor Herido,"Un sentimiento afectado por una pérdida, marcado por el dolor.",Los inquietos del vallenato,https://open.spotify.com/track/2GyJHfivuSxcBWktSrFwxm
Urbana,Amor Imposible - Versión de Erick,El vínculo que sientes pero que no puede ser real.,"Caracol Televisión, David Botero",https://open.spotify.com/track/59fevrQI1poILO15e6jmvg
Plancha,Amor Libre,"Sentimiento sin cadenas, donde el corazón elige sin restricciones.",Camilo Sesto,https://open.spotify.com/track/0hl5SFNlqgHrfrXLNyOADU
Tropical,Amor Lunático,Un sentimiento profundo que se siente bajo la luz plateada de la noche.,Giro,https://open.spotify.com/track/2qW91WpZ1LyxZ52BaiovxU
Plancha,Amor Mío ¿Qué Me Has Hecho?,El cariño que siento por ti me ha dejado un profundo impacto.,Camilo Sesto,https://open.spotify.com/track/7FONuba0etgjuJcUTjkMVB
Plancha,Amor No Me Ignores,"Sentimientos que no reciben respuesta, pido atención del corazón que anhela.",Camilo Sesto,https://open.spotify.com/track/5WAAN3MdyF3NiFHtQLIhPc
Tropical,Amor Perfecto,El afecto ideal que todos anhelan encontrar.,El Gran Combo De Puerto Rico,https://open.spotify.com/track/0wq2MvqtYwiKQG8pjl90NC
Tropical,Amor Pirata,Un sentimiento profundo que navega en un barco de desamor.,Willie Gonzalez,https://open.spotify.com/track/69c1CihJVVHHna5cdkMNAd
Banda,Amor Prohibido,Sentimientos intensos que no se pueden compartir abiertamente.,"Dayanara, Yeison Jimenez",https://open.spotify.com/track/4VzOkdEFxNZXrIybRmpjhv
Plancha,Amor Prohibido,Un sentimiento intenso que no se puede vivir abiertamente.,Selena,https://open.spotify.com/track/1kCewNSs909Xj1naXr36X8
Banda,AMOR PROPIO,"El cariño que debes tener hacia ti mismo, ese respeto que no se debe perder.",Grupo Frontera,https://open.spotify.com/track/01cN1DKc5HH7F9MOBBjSip
Tropical,Amor Que Mata,Un sentimiento tan intenso que puede ser fatal si no se controla.,Mariano Civico,https://open.spotify.com/track/7HeWW1mnNLopNIOqtdXoJE
Vallenato,Amor Sin Fronteras,"Un cariño que no conoce límites ni barreras, se siente en cualquier lugar.","Erick Escobar, Nayo Quintero, La Decision Vallenata",https://open.spotify.com/track/0Ps0Iu78N8aGZAB5tGFS27
Banda,Amor Verdadero,El cariño genuino que no se disimula ni se oculta.,Alzate,https://open.spotify.com/track/1T9fuxX8eO5LbpYxq80faP
Tropical,Amor y Control,Sentimientos profundos y la habilidad de manejar lo que se siente en el corazón.,Rubén Blades,https://open.spotify.com/track/1oUjLEp7oCpjQlSCiwBZsF
Tropical,"Amor, Cuánto Te Amo - En vivo","Sentimiento profundo y un fuerte vínculo, ¿cuánto me quieres, mi querido?","Grupo Galé, Diego Galé",https://open.spotify.com/track/61ZyA4Cj743hZJvH9uZbWg
Plancha,Amor... Amar,"Sentimiento profundo que se siente por alguien, seguido de la acción de dar a otros el mismo sentimiento.",Camilo Sesto,https://open.spotify.com/track/7q4mEwUErCsYFXy6AwTHSU
Tropical,Ana Mile,Un término que se refiere a un ser femenino de características nobles.,Grupo Niche,https://open.spotify.com/track/5ZNLNqz5rGeTi6FzWmuETk
Urbana,Anaranjado,Un color cálido que evoca atardeceres y alegría.,"Jowell & Randy, J Balvin",https://open.spotify.com/track/5iw28wvyHgj4ppOu5AdcEU
Tropical,Anda y Ve,"Mueve tus pies, pero no aquí; sigue adelante y explora lo que hay.",Frankie Ruiz,https://open.spotify.com/track/59Cmvy0bCynWrtCXl1tnLZ
Pop Latino,Andar Conmigo,"Acompañame en este viaje, ¿quieres caminar a mi lado?",Julieta Venegas,https://open.spotify.com/track/05iMQqncVBIm4AE26EvaTL
Urbana,Andas En Mi Cabeza,"Eres la idea que no se apaga, siempre rondando en mis pensamientos.","Chino & Nacho, Daddy Yankee",https://open.spotify.com/track/23WI5V2eD4EyGKxSl7Pyeq
Banda,ÁNGEL,"Ser celestial que ayuda en momentos difíciles, a menudo se le atribuyen alas.","Grupo Frontera, Romeo Santos",https://open.spotify.com/track/4JtKlgBLKHtRTqixKHrrw8
Banda,Ángel o Demonio,"Serafín o mala entidad; en tu corazón, la lucha eterna de la dualidad.","Fredy Montoya, Luisito Muñoz",https://open.spotify.com/track/4gjye5pqoFD2gsixKnElhv
Urbana,Angelito,Un pequeño ser alado que acompaña con ternura en momentos difíciles.,Aventura,https://open.spotify.com/track/4s8r4lbbUXF3xFdEXWgTrs
Tropical,Anhelo,Un deseo profundo que arde en el corazón.,Adolescent's Orquesta,https://open.spotify.com/track/4HIeIbJeQMUurTM57KVQU7
Plancha,Anoche Hablamos,Un encuentro reciente donde las palabras fluyeron como en un diálogo profundo.,Joan Sebastian,https://open.spotify.com/track/0wQSuOYPc1QvEdOsPYJjkk
Pop Anglo,Another One Bites The Dust,"Un ser que cae a la tierra, sumando más a la lista.",Queen,https://open.spotify.com/track/2k1yPYf9WGA4LiqcLVwtzn
Tropical,Antídoto Y Veneno,"Una solución y un problema, dos sustancias que pueden ser lo mismo o lo opuesto.",Eddie Santiago,https://open.spotify.com/track/6qLWTeDmgrC5Id2lTb4Hdq
Pop Latino,Antología,Una recopilación de los mejores momentos de un amor que perdura.,Shakira,https://open.spotify.com/track/0KAqMRUSZwzG3dZLdDA4eH
Tropical,Anuncio Clasificado / Dámelo,Un mensaje que se publica para despertar el interés de alguien especial.,Willie Rosario,https://open.spotify.com/track/3kqapvD6gg0TlUeqinOX9u
Pop Anglo,Anyone,"Un ser querido que solo existe en los sueños, sin limitaciones ni distancias.",Justin Bieber,https://open.spotify.com/track/31qCy5ZaophVA81wtlwLc4
Tropical,Aparentemente,"Lo que parece ser, pero oculta su verdadero rostro.",Tony Vega,https://open.spotify.com/track/2anxqRyxhBDayd98Yhq1QU
Tropical,Apiádate de Mi,"Siente compasión por mi corazón herido, que busca consuelo en tu abrazo.",Víctor Manuelle,https://open.spotify.com/track/3SHvRyQDsmumq48SF7jtVk
Pop Anglo,Apologize,Una frase que se usa cuando deseas mostrar pesar por un error.,"Timbaland, OneRepublic",https://open.spotify.com/track/6q3zC9dDD4lUNk8nfUztXy
Pop Latino,Aprendiz - Unplugged,"El que está en proceso de aprender, siempre necesita de un guía en su camino.",Alejandro Sanz,https://open.spotify.com/track/7efXKi4jjGrXMvO6N7U2N4
Tropical,Aprieta,"Cuando algo se hace más intenso o firme, se usa este verbo.",Grupo Niche,https://open.spotify.com/track/71UNCHGuQ3P9QIM97M5ML4
Tropical,Apuesta Por Mi,"Si te arriesgas a elegir, ¿por qué no seleccionar lo que ofrecen mis sueños?",Richie Valdes,https://open.spotify.com/track/5wTEkBU30q512xgz89BGsN
Tropical,Aquel Lugar,Un sitio del pasado que evoca recuerdos y emociones perdidas.,Adolescent's Orquesta,https://open.spotify.com/track/2vHNqDJe1qvt1sroQfNHSI
Tropical,Aquél Viejo Motel,"Un alojamiento de antaño, lleno de recuerdos y sueños perdidos.",David Pabon,https://open.spotify.com/track/3ZDnf1PUAV1mFpjCebeGSR
Plancha,Aquella Noche de Verano,"Un recuerdo de una tarde calurosa, en el que todo parece posible.",Leonardo Favio,https://open.spotify.com/track/4XFJ1y1nNZ9zqwUl2WbKC9
Tropical,Aquello Que Me Diste,"Un regalo que llega a lo profundo, abrazando el alma y dejando huella.",Sergio Vargas,https://open.spotify.com/track/4QpjYiiLTlUXKRDXmMqXQK
Vallenato,Aquí Conmigo,"Dame tu compañía en este lugar, donde la calidez y el cariño se entrelazan.","Los Chiches Vallenatos, Osmar Pérez",https://open.spotify.com/track/07Y4ogmT2oQpXmdA8MNhnE
Urbana,Aqui Está Tu Caldo,"Señal de que tu plato favorito está listo, caliente y servido.",Daddy Yankee,https://open.spotify.com/track/3pz1qrsT7YuaZ5UwbzJXJh
Tropical,Arrepientete,"Cuando sientes que la culpa pesa, vuelve a revisar tus decisiones pasadas.",Orquesta Broadway,https://open.spotify.com/track/2xO1HrZ3XCOBghOpk3Ln8G
Pop Anglo,As Long As You Love Me,"Mientras me quieras, no importa quién seas ni qué has hecho.","Justin Bieber, Big Sean",https://open.spotify.com/track/0pwYLVXVknPSGUQb39cePC
Tropical,Asi Eres Tu,"Eres así, con tu esencia única que deslumbra y envuelve cada momento.",Maelo Ruiz,https://open.spotify.com/track/0YuSShE9d5eKY0k6EWwuG7
Tropical,Así es la Vida,"La manera en que transcurre todo, con sus altos y bajos.",El Klan De Porfi,https://open.spotify.com/track/0OUbFoWIW6kN4XaSZHebbP
Banda,Así es nuestro amor,Un sentimiento en el que nos reconocemos y aceptamos tal como somos.,Luis Alfonso,https://open.spotify.com/track/3OjVagLjye1BVTSEPeC0et
Plancha,Asi Fue,"El modo en que sucedió, un relato que se cuenta de una manera específica.",Isabel Pantoja,https://open.spotify.com/track/419FFiitGchOUaIMEY7Dqi
Tropical,Asi Lo Quiso,Una manera de aceptar el destino que se decide sin titubeos.,Porfi Baloa,https://open.spotify.com/track/7GFPrxqvJO7NL2Yi4hc7Qv
Tropical,Asi No,"De esta manera, no puedo continuar; cambiamo los pasos si no quiero más.",Sono-Lux,https://open.spotify.com/track/1nNKuKi9m0sY9JQ3NSEwmV
Plancha,Así No Te Amará Jamás,"Un modo en que el cariño no te corresponderá, aunque esperes.",Amanda Miguel,https://open.spotify.com/track/0hTao6s03MkTStWfxAmnGk
Banda,Así o Más Claro,"La elección es entre dos opciones, pero no hay duda en la claridad.",Luis Alfonso,https://open.spotify.com/track/34uRvdcZY4MOPxUWW15E4h
Banda,Así Soy Yo,"Soy como soy, sin máscaras ni disfraces, aceptando mi esencia auténtica.",Yeison Jimenez,https://open.spotify.com/track/4L8S1BqCjqpjYRUNr6DrP9
Tropical,Asia,Continente donde el sol sale y las tempestades pueden ser intensas.,Willie Colón,https://open.spotify.com/track/55fQM5yPg6bv7mTUAok8FF
Pop Latino,Atado a Tu Amor,Unión con un lazo que se aferra a un sentimiento profundo por alguien especial.,Chayanne,https://open.spotify.com/track/458nfDZJLTrH1z0QQySW4o
Tropical,Atrapado en Dos Amores,"Dividido entre dos afectos, sin saber a quién entregar mi corazón.",Pedro Arroyo,https://open.spotify.com/track/73YlITyguPMCAh9MRC3Hyd
Urbana,Atrévete-Te-Te,"Desafía tus límites, no seas reservado, repite en tres la acción de lanzarte.",Calle 13,https://open.spotify.com/track/1q8NdCAQ9QUjpYiqzdd3mv
Tropical,Atrevida,"Cualidad de alguien que no teme mostrar su verdadero ser, ¡dame un poco de eso!",Grupo Niche,https://open.spotify.com/track/7qvGRrYCEOXLkg3ax9mfUb
Pop Latino,Aunque no sea conmigo,"A pesar de la distancia, sigo deseándote, aunque no esté a tu lado.","Bunbury, Andrés Calamaro",https://open.spotify.com/track/0dRY4OrSY53yUjVgfgne1W
Urbana,Aunque Te Fuiste,"La acción de dejar un lugar, aunque el recuerdo permanece.",Don Omar,https://open.spotify.com/track/2y20Y2PP4EFCbdzeGk9WvS
Tropical,Ausencia,La falta de algo o alguien que antes estaba presente en tu vida.,"Héctor Lavoe, Willie Colón",https://open.spotify.com/track/1r6oqZhRYStrYWSeGKuCFP
Banda,Aventurero,El que se atreve a explorar lo desconocido y buscar nuevas experiencias.,Yeison Jimenez,https://open.spotify.com/track/49dwc91esnpPYpVNPS01bX
Tropical,Ay Amor,"Un dulce sentimiento que provoca llanto y alegría, a menudo seguido de un simple suspiro.",Guayacán Orquesta,https://open.spotify.com/track/0CPce1sFlPLl8Ah2Loa30v
Banda,Ay Ay Ayyy,"Un lamento se transforma en una exclamación repetitiva, como un grito de corazón.",Pipe Bueno,https://open.spotify.com/track/1GitRJKZWYZ2dzevOOgRUl
Banda,AY MAMÁ,Un grito afectuoso hacia la figura que da vida y amor incondicional.,"Tito Double P, Grupo Frontera",https://open.spotify.com/track/2lAUq68F2bt7Kc218n9FPp
Urbana,Ay Mi Dios,Una exclamación de sorpresa hacia un ser supremo.,"IAmChino, Pitbull, Yandel, El Chacal",https://open.spotify.com/track/5Uel5PmPBZICA0TQTI912U
Urbana,Ay Vamos,Un movimiento ligero y festivo que invita a seguir adelante.,J Balvin,https://open.spotify.com/track/6Ges5C2IE738iJh4HyQizQ
Urbana,"Ay, DiOs Mío!",Un lamento popular con mayúscula importancia que se eleva al cielo.,KAROL G,https://open.spotify.com/track/1beTDCe7sT7fzm8WIKXicz
Urbana,Ayer La Vi,"Esa sensación de encontrarla de nuevo, pero en un tiempo anterior.",Don Omar,https://open.spotify.com/track/3hmjFpxcBeqX2ValXW9BBs
Vallenato,Ayer Y Hoy,Un día que ya pasó y uno que está presente.,"La Combinación Vallenata, Jean Carlos Centeno",https://open.spotify.com/track/5HCk7iruzhQ1FbxyS3igmM
Vallenato,Ayudame A Olvidarla,Necesito apoyo para dejar atrás el recuerdo de ese amor.,"Miguel Morales, Gabriel ""Chiche"" Maestre",https://open.spotify.com/track/1xIMSvJwM5eg37aKWSSnf7
Urbana,Azul,"El color del cielo claro y del océano profundo, a menudo asociado con la calma.",J Balvin,https://open.spotify.com/track/2lCkncy6bIB0LTMT7kvrD1
Pop Anglo,B-A-B-Y,Una letra que representa a la pequeña criatura que todos queremos cuidar y amar.,Carla Thomas,https://open.spotify.com/track/35w6fQ0Wnuv7aIryRx7gTq
Pop Anglo,Baby Let Me Take You (In My Arms),"Déjame llevarte, pequeña, a un abrazo sincero.",The Detroit Emeralds,https://open.spotify.com/track/4Q0X9NoEcDTAs9dvdvR6r3
Pop Anglo,Bad Day,Un mal momento en el que todo parece ir en contra.,Daniel Powter,https://open.spotify.com/track/0mUyMawtxj1CJ76kn9gIZK
Pop Anglo,bad guy,La persona que desafía las normas y se aleja del camino correcto.,Billie Eilish,https://open.spotify.com/track/2Fxmhks0bxGSBdJ92vM42m
Urbana,"Baila Morena (with Luny Tunes, Noriega) - Remix","Muévete al ritmo, piel oscura que ilumina la pista.","Hector & Tito, Luny Tunes, Noriega",https://open.spotify.com/track/4qbi9JDziBh3cxi9SFUbeu
Urbana,Báilame - Remix,Muévete al ritmo y déjate llevar en este juego de pasos.,"Nacho, Yandel, Bad Bunny, Mambo Kingz, DJ Luian",https://open.spotify.com/track/4l3xGFwoTinvYxsePytOOf
Tropical,Bailando,"Moviéndose al ritmo, con alegría en cada paso, la fiesta nunca para.",Frankie Ruiz,https://open.spotify.com/track/68SjqGcbzLIdvjy3IZfsbL
Urbana,BAILE INoLVIDABLE,"Una danza que siempre recordarás, con movimientos que perduran en la memoria.",Bad Bunny,https://open.spotify.com/track/2lTm559tuIvatlT1u0JYG2
Tropical,Balada Para Una Mujer Enamorada,Una melodía dedicada a aquella que siente mariposas en su corazón por amor.,Roberto Lugo,https://open.spotify.com/track/3DQ22uALVbkO84imkXMDSM
Tropical,Bandolera,"Un objeto que es parte de un atuendo para llevar cosas, pero con un giro.",Ray Sepulveda,https://open.spotify.com/track/6062oUaAPFVWHSRnyQVh55
Urbana,Bandoleros,"Forasteros en la senda, buscando libertad en un camino de rebeldía.","Don Omar, Tego Calderón",https://open.spotify.com/track/4BxzNZpcm1j3JczZzGNe2k
Vallenato,Bañarte en Mis Sueños,Sumergirte en mis fantasías nocturnas.,Binomio de Oro de América,https://open.spotify.com/track/6oIuJKZdgjmkqVLtdkgAss
Urbana,BbY WOW,¿Quién dice que una sorpresa puede ser algo encantador y vibrante?,"KAROL G, Judeline, rusowsky",https://open.spotify.com/track/3h5T5JypYU7huFiVYhv1dr
Pop Anglo,Beautiful Girls,Chicas encantadoras que hacen que los chicos se sientan tristes y vulnerables.,Sean Kingston,https://open.spotify.com/track/1hGy2eLcmC8eKx7qr1tOqx
Urbana,BEBÉ,"Pequeña criatura que muchos llevan en brazos, especialmente cuando el amor es intenso.","Camilo, El Alfa",https://open.spotify.com/track/7D7EH7MGyNHWSkqrszerI1
Urbana,Bebiendo Lágrimas,Un acto de hidratarse con el llanto de una tristeza profunda.,KAROL G,https://open.spotify.com/track/2vsEAGuk1vvzDKmEqrK8jS
Urbana,Bebo,"Una acción placentera que realizamos cuando la sed nos acompaña, a menudo en compañía.",Romeo Santos,https://open.spotify.com/track/7HsebNHZDGj8UhWIrZaMx6
Pop Anglo,Believe,Confío en que hay algo más allá de la duda y la incertidumbre.,Cher,https://open.spotify.com/track/2goLsvvODILDzeeiT4dAoR
Tropical,Bella Y Cruel,"Hermosa y despiadada, un contraste que enamora y aterra a la vez.",Eddie Santiago,https://open.spotify.com/track/6jJ4BQJ06sy9YfLT9zQa8O
Urbana,Bella y Sensual,"Hermosa y cautivadora, con un toque irresistible que fascina a todos.","Romeo Santos, Daddy Yankee, Nicky Jam",https://open.spotify.com/track/0ERbK7qVqveCaBWIiYCrl3
Banda,Bendecida,Un estado afortunado y favorecido por fuerzas superiores.,Yeison Jimenez,https://open.spotify.com/track/5qFO4vlG88RGZ0SpuXMikl
Pop Latino,Bendita Tu Luz,La iluminación divina que trae felicidad a un corazón amoroso.,"Maná, Juan Luis Guerra 4.40",https://open.spotify.com/track/2JBs412fpVUuzIaIp3CyIs
Tropical,Beso a Beso,"De manera íntima y gradual, como los pasos de un baile, se entrega el cariño.",Grupo Galé,https://open.spotify.com/track/3qE6fNreE4dPFlheCoHzEc
Vallenato,Beso Tras Beso,"Un roce suave de labios, uno luego de otro, en un baile de emociones.",Los inquietos del vallenato,https://open.spotify.com/track/4qIPlBwTuxRWNEs9XjMbqA
Urbana,Besos Chiquitos,Pequeños gestos de cariño que se dan de manera dulce y ligera.,Fabio Duque,https://open.spotify.com/track/4HJjTChqM6i1WdP4Wa6NXw
Urbana,Besos Mojados,"Un contacto húmedo de cariño, a menudo compartido en momentos de pasión.",Wisin & Yandel,https://open.spotify.com/track/0cpzO8YjhyR8JfLzfm5cOr
Urbana,BICHOTA,Una gran mujer que no se esconde y siempre destaca con poder.,KAROL G,https://open.spotify.com/track/7vrJn5hDSXRmdXoR30KgF1
Pop Anglo,Big Girls Don't Cry (Personal),Las chicas de gran tamaño no derraman lágrimas.,Fergie,https://open.spotify.com/track/6dgWWAs5yhWPOtvE1zuoQ1
Pop Anglo,Billie Jean,Una joven afirma que un famoso es el padre de su niño.,Michael Jackson,https://open.spotify.com/track/7J1uxwnxfQLu4APicE5Rnj
Pop Anglo,Billionaire (feat. Bruno Mars),"Quiero ser alguien con una fortuna inmensa, que nunca le falte el dinero.","Travie McCoy, Bruno Mars",https://open.spotify.com/track/2M9ULmQwTaTGmAdXaXpfz5
Pop Anglo,Bitter Sweet Symphony - Remastered 2016,Melodía que combina la tristeza y la alegría en una danza de la vida cotidiana.,The Verve,https://open.spotify.com/track/57iDDD9N9tTWe75x6qhStw
Urbana,Blanco,Un color puro que simboliza la paz y la claridad en medio del caos.,J Balvin,https://open.spotify.com/track/2rc7BkzO8qepMFAxHtOrXc
Pop Anglo,Blank Space,Un espacio vacío en medio de muchas letras.,Taylor Swift,https://open.spotify.com/track/1u8c2t2Cy7UBoG4ArRcF5g
Pop Anglo,Blast Off,"Un despegue hacia lo desconocido, dejando atrás la Tierra para tocar las estrellas.","Bruno Mars, Anderson .Paak, Silk Sonic",https://open.spotify.com/track/5ywsqu9AEJnEJhJ05Vf9Me
Pop Anglo,Bleeding Love,"Herida que fluye sin parar, causada por un amor que duele sin cesar.",Leona Lewis,https://open.spotify.com/track/7wZUrN8oemZfsEd1CGkbXE
Pop Anglo,Blinding Lights,"Una luminosa señal que guía en la oscuridad, pero puede deslumbrar.",The Weeknd,https://open.spotify.com/track/0VjIjW4GlUZAMYd2vXMi3b
Urbana,BLOKE,"Un tipo que se presenta de una manera particular, sin necesidad de etiqueta.",Daddy Yankee,https://open.spotify.com/track/4GTPtRKvv3smlg6LwQhyD5
Urbana,Blue Zone,Un área de tonalidad fría donde se siente una conexión especial.,Don Omar,https://open.spotify.com/track/54qJreodUijhQWqnsJDI8Q
Urbana,Bobo,"El sinónimo de un tonto, pero con un toque juguetón en su sonido.",J Balvin,https://open.spotify.com/track/5kdTuoKeqdnblCop75wMuX
Urbana,BOKeTE,"Ejercicio de ingenio para un momento de diversión y de placer. Aquí, te dejo un par de las letras del abecedario mezcladas en una palabra que, al final, se convierte en un juego.",Bad Bunny,https://open.spotify.com/track/79x7xtoCLpf6l32Zz6mWo4
Urbana,Bonita,"Hermosa en un sentido, un regalo que gusta a la vista.","J Balvin, Jowell & Randy",https://open.spotify.com/track/0atfY1ew83Ql9nNnJiD2t5
Urbana,Bonita - Remix,"Atractiva y hermosa, esa es la forma de describir lo que brilla y encanta.","J Balvin, Jowell & Randy, Nicky Jam, Wisin, Yandel, Ozuna",https://open.spotify.com/track/4jKX16TcfQIrqY1ZzDIZb2
Urbana,Borro Cassette,Eliminar una grabación antigua que ya no quieres recordar.,Maluma,https://open.spotify.com/track/6DUdDIRgLqCGq1DwkNWQTN
Pop Anglo,Boulevard of Broken Dreams,"Calle de desilusiones, donde caminan los que se sienten solos y perdidos.",Green Day,https://open.spotify.com/track/5GorCbAP4aL0EJ16frG2hd
Pop Anglo,Brighton Rock - Remastered 2011,Una piedra de un lugar costero que se ilumina al anochecer.,Queen,https://open.spotify.com/track/0w7lKfhxW190u1ckXi45E9
Urbana,Brindemos,"Celebremos juntos levantando copas para lo que viene, lo que hay y lo que fue.","Anuel AA, Ozuna",https://open.spotify.com/track/5P8TXlZCMwru6DaMsIbbO3
Tropical,Brujeria,Hechicería que transforma y enreda los corazones en un baile encantado.,El Gran Combo De Puerto Rico,https://open.spotify.com/track/0k1hbeZodoEw34FAdbh8xM
Pop Anglo,Bubbly,"Cuando te sientes ligero y alegre, como el efecto de burbujas en un vaso.",Colbie Caillat,https://open.spotify.com/track/1lkvpmrCaXK8QtliFDcHBO
Tropical,Busca Por Dentro,"Explora lo que llevas dentro, donde se encuentran los sentimientos más profundos.",Grupo Niche,https://open.spotify.com/track/2uJyG7lhmZ8bFrbVVlc6AH
Vallenato,Busca Un Confidente,Elige a alguien de confianza que escuche tus secretos.,Los Diablitos,https://open.spotify.com/track/63kq9VZGTYhBELP0jX3qsq
Vallenato,Buscaré Otro Amor,"Un nuevo afecto será mi destino, dejaré atrás el que se fue.",Los inquietos del vallenato,https://open.spotify.com/track/0awm6OBJOIRLhmkqA9ox4H
Banda,Caballero - En Vivo,"Un hombre con nobleza y honor, que lleva en su ser un corazón valiente.",Luis Alfonso,https://open.spotify.com/track/0b9rQbZr4di61R6PFEpyg7
Tropical,Caballo Viejo,Un equino con experiencia que recuerda sus mejores épocas.,"Roberto Torres, Charanga Vallenata",https://open.spotify.com/track/1anvIYY3hAtLL72lJA5z44
Vallenato,Cada Día Te Quiero Más,Mi afecto por ti se incrementa con cada amanecer.,Los inquietos del vallenato,https://open.spotify.com/track/6cxqDzoHBBrBUwkKR4uWFw
Tropical,Cada Vez Otra Vez,"Repetir un instante, como un eco en el tiempo, una y otra vez.",Eddie Santiago,https://open.spotify.com/track/7j3KTmge5VaTBQyHOV4gDw
Urbana,CAFé CON RON,Bebida caliente con sabor a tierras de café y un toque de alegría etílica.,"Bad Bunny, Los Pleneros de la Cresta",https://open.spotify.com/track/6VNXmo59yDYgcwLS17UNAW
Tropical,Caja de Sorpresa,"Un contenedor lleno de sorpresas, donde nunca sabes qué será lo que encuentres.",El Gran Combo De Puerto Rico,https://open.spotify.com/track/0LC62RuKfgxbrmIBz8OCKZ
Urbana,Call Me,"Un pedido de contacto con un tono cercano y directo, solo debes decirlo.","Maluma, Blessd",https://open.spotify.com/track/0VaOGXNtoYUf1vAXM0X9ST
Urbana,Callaita,Una persona tranquila que prefiere no hacer ruido en la fiesta.,"Bad Bunny, Tainy",https://open.spotify.com/track/2TH65lNHgvLxCKXM3apjxI
Tropical,Cállate,"Permanece en silencio, por favor, sin pronunciar palabra alguna.",Yan Collazo,https://open.spotify.com/track/4QP1xpoEloop4BWMzVCaAW
Pop Anglo,Calling All My Lovelies,"Un llamado para aquellos que tienen mi cariño, ¿quieres atenderlo?",Bruno Mars,https://open.spotify.com/track/6ObpR8ek44tvWefQRcSo8K
Pop Anglo,Calm Down,Tranquilízate y encuentra la paz interior.,Rema,https://open.spotify.com/track/6hgoYQDUcPyCz7LcTUHKxa
Urbana,Calma - Remix,"Estado de tranquilidad que se disfruta, a veces acompañado de serena melodía, perfecto para relajarse.","Pedro Capó, Farruko",https://open.spotify.com/track/4U0JLGFHJpEnDS5w8F7ngE
Urbana,Calor,Sensación intensa que sentimos en días soleados o en momentos de pasión.,"Nicky Jam, Beéle",https://open.spotify.com/track/2AwbTqtfhjdN8bexfe5WyE
Tropical,Cambiaré por Tí,"Una transformación por esa persona especial, dejando atrás lo que ya no sirve.",Guayacán Orquesta,https://open.spotify.com/track/4zlIIQ6bvMyeLmX4Ug12lL
Urbana,Cambios - Remix,"Transformaciones que suceden en la vida, a menudo son difíciles de aceptar.","Caracol Televisión, Alejo Valencia, Juan Palau",https://open.spotify.com/track/5s2HgfCgxYidq5rS83FLpV
Vallenato,Camino Al Cielo,La ruta que lleva a lo que está por encima de nosotros.,Los Diablitos,https://open.spotify.com/track/6lMvSN7EqNtuGaGEo8dmMW
Urbana,CAMPEÓN,"El que sobresale en la competencia, el que se lleva el primer lugar.",Daddy Yankee,https://open.spotify.com/track/7IatvjEcXEeeXnHC2gMZ2j
Pop Anglo,Can I Be Him,¿Puedo ocupar su lugar en su corazón?,James Arthur,https://open.spotify.com/track/0VhgEqMTNZwYL1ARDLLNCX
Pop Anglo,Can You Rush Them,"¿Puedes apresurar sus pasos, aunque el tiempo podría sentirse lento?",Matthew Dear,https://open.spotify.com/track/2cQxDXWERzGWYpC72s2Bdn
Pop Anglo,Can't Feel My Face,"Sensación ausente en el rostro, como si la alegría estuviera lejos.",The Weeknd,https://open.spotify.com/track/22VdIZQfgXJea34mQxlt81
Urbana,Cancioncitas de Amor,Melodías tiernas que nacen de los sentimientos más profundos.,Romeo Santos,https://open.spotify.com/track/6bcdiJvYNX115yvbh3wASz
Urbana,Cantinero,El que sirve bebidas en un bar y también un animador de la fiesta.,Fusion Perreo,https://open.spotify.com/track/2bJVNlb6SsjseSti5jnxqc
Vallenato,Canto Al Amor,Un canto dedicado a un sentimiento profundo que une corazones.,Binomio de Oro de América,https://open.spotify.com/track/4UIr0re2fzskWouDYDmTyb
Tropical,Cara Dura,"La fachada que muchos llevan, sin mostrar su verdadero yo.",David Pabon,https://open.spotify.com/track/1AAx4NAWkHhvYBwXXwcpkJ
Urbana,Caramelo,"Un dulce que se deshace en la boca, con sabor a alegría y ternura.",Ozuna,https://open.spotify.com/track/3gD4J3RUHy4OUuZ3qAiaiG
Urbana,Caramelo - Remix,"Un dulce que se derrite en tu boca, conocido por su sabor y color atractivo.","Ozuna, KAROL G, Myke Towers",https://open.spotify.com/track/67jvGGbJmOmVonlyX3mNkV
Pop Anglo,Careless Whisper - Remastered,"Susurro despreocupado, como si el viento hablara sin cuidado por lo que siente.",George Michael,https://open.spotify.com/track/5ac3D4hNLW7NFhYFCThXgh
Tropical,Caricias Prohibidas,"Toques que son un secreto, no permitidos en la luz del día.",Viti Ruiz,https://open.spotify.com/track/6ygcsyNINY8tSvzKzHiKkJ
Tropical,Carro de Fuego,"Vehículo ardiente que avanza veloz, simbolizando pasión y energía desbordante.",Guayacán Orquesta,https://open.spotify.com/track/3XpXrx227vTZkjhcj7tIXF
Tropical,Casi Te Envidio,"Sentir celos de lo que no se tiene, pero en una dosis frecuente de cercanía.",Andy Montañez,https://open.spotify.com/track/07PF7Djp1Dmrin3X5fy8nA
Vallenato,Casualidad,Dos eventos fortuitos que se cruzan en el camino sin ser planeados.,Nelson Velasquez,https://open.spotify.com/track/5IwgKWgCIhr5JyMuQESRYg
Tropical,Celeste,"Tono del cielo justo antes del amanecer, a menudo asociado con la tranquilidad.",Orquesta Sonara La Habana,https://open.spotify.com/track/00NO9Fy2ZMIRRvMG9P75fe
Plancha,Celia,"Nombre de una flor en un idioma que suena melódico, pero es el que llevas en el corazón.",Leo Dan,https://open.spotify.com/track/01MDfUnkUWfAFDdIIvEoyD
Plancha,Celos,Sentimiento que sentimos al ver que otros tienen lo que deseamos.,Camilo Sesto,https://open.spotify.com/track/3MrkeK7SML8bESNrzpLbsV
Plancha,Celos,Sentimiento que nace al ver que alguien más atrae la atención de quien amas.,Daniela Romo,https://open.spotify.com/track/4RjEM3PPICm6ng7ZITXZgG
Vallenato,Celos,Sentimiento que surge al ver a alguien más cerca de tu ser amado.,Binomio de Oro de América,https://open.spotify.com/track/0ZrddFVnZp5galGScp8NK5
Banda,Cenizas,Lo que queda tras un fuego que consume por completo un amor.,Jessi Uribe,https://open.spotify.com/track/19QuUM1beP2kJNQ6mLfkAi
Plancha,Cenizas,"Lo que permanece cuando el fuego se ha extinguido, perdido en la memoria.",Amanda Miguel,https://open.spotify.com/track/0nD8OvSkvwYTfjpygzS8ZA
Urbana,Centavito,Una moneda de poco valor que puede cambiar tu suerte en el amor.,Romeo Santos,https://open.spotify.com/track/68py7hjoxoGSE8HEoQIIwi
Pop Anglo,Cha Cha Cha,"Un ritmo festivo que te invita a moverte con alegría, un baile que empieza con un par de acordes.",Bruno Mars,https://open.spotify.com/track/6QletrrmpkUpeJkipX9pgf
Urbana,Chantaje (feat. Maluma),Juego de seducción en el que uno manipula al otro con astucia y deseo.,"Shakira, Maluma",https://open.spotify.com/track/1WniHvhq9zTkny0WvGXX8o
Pop Anglo,Chasing Cars,"Persiguiendo vehículos en un paisaje abierto, donde la simplicidad se encuentra en el silencio.",Snow Patrol,https://open.spotify.com/track/5hnyJvgoWiQUYZttV4wXy6
Urbana,Cheap Thrills (feat. Sean Paul),"Diversión sin gastos, disfrutando al máximo, sin importar el precio.","Sia, Sean Paul",https://open.spotify.com/track/6b3b7lILUJqXcp6w9wNQSm
Urbana,Chillax (feat. Ky-Mani Marley),"Relajarse y disfrutar, lo que necesitas para escapar del estrés diario.","Farruko, Ky-Mani Marley",https://open.spotify.com/track/1lxswgIpzV6HhENRvkflES
Pop Anglo,Chunky,Un término que se refiere a algo corpulento o robusto.,Bruno Mars,https://open.spotify.com/track/0mBKv9DkYfQHjdMcw2jdyI
Pop Latino,"Ciega, Sordomuda",Una condición sin percepción que puede llevar a la confusión total.,Shakira,https://open.spotify.com/track/7jxHeJLVpnP7S08JFF4GBi
Tropical,Cinco Noches,"Sesión de descanso, pero con un número específico de oscurecer.",Paquito Guzman,https://open.spotify.com/track/15bMjRos3fdlgwfQOXchez
Pop Anglo,Circles,"Trayectorias en un plano que se repiten sin fin, sin un final claro.",Post Malone,https://open.spotify.com/track/21jGcNKet2qwijlDFuPiPb
Tropical,Claro,"Un término que indica transparencia, pero también puede ser un pronombre possessivo.",Tito Rojas,https://open.spotify.com/track/3K8HUpYAGnV0iw75BRb1K7
Pop Anglo,Clocks,El sonido de un dispositivo que mide el paso del tiempo.,Coldplay,https://open.spotify.com/track/0BCPKOYdS2jbQ8iyB56Zns
Urbana,Cójela Que Va Sin Jockey,Agarra lo que se mueve sin la prenda que lo sujeta.,"Luny Tunes, Noriega, Daddy Yankee",https://open.spotify.com/track/5PlXm1EYkNmVH3o85Bpfql
Pop Latino,Coleccionista de Canciones,"Un aficionado que reúne melodías, guardando en su corazón cada tonalidad.",Camila,https://open.spotify.com/track/28Ct4qwkQXY2W5yyNCLuVI
Plancha,Colgando en tus manos,"Suspenso entre tus dedos, como un hilo frágil que se aferra a lo que queda.",Carlos Baute,https://open.spotify.com/track/3UI9I3e1g1y5T3SMfdgfGO
Pop Latino,Colgando en tus manos (con Marta Sánchez),"Algo que sostengo en mis dedos, y que se aferra a ti con fuerza.","Carlos Baute, Marta Sánchez",https://open.spotify.com/track/3UI9I3e1g1y5T3SMfdgfGO
Pop Anglo,"Come Back Home - From ""Purple Hearts""","Regresa al lugar donde perteneces, ese espacio que anhelas y extrañas.",Sofia Carson,https://open.spotify.com/track/2mPXui72mlIYR5sQUPZXwP
Pop Anglo,Commas,"Una pausa en la escritura, pero con un signo que indica contabilidad.",Ayra Starr,https://open.spotify.com/track/4GXW3Ne1jzdORKHvHjK31V
Tropical,Como Amigo Como Amante,Un vínculo que mantiene doble faceta; lealtad en el alma y deseo en el corazón.,Rafu Warner,https://open.spotify.com/track/0PsG0mtgOcLVITkfBpT70B
Urbana,Como Antes (feat. Wisin),"De la misma manera que solíamos, regresando a los viejos tiempos.","Yandel, Wisin",https://open.spotify.com/track/5YzA563GXTuwQaRq24z1k5
Banda,Como Duele,Sentir el peso de una herida profunda en el alma.,Yeison Jimenez,https://open.spotify.com/track/7e7IlnhFuQTNkm4TfUj6uh
Tropical,Como Duele Llorar,El sufrimiento que provoca el llanto por la pérdida de un amor.,Grupo Galé,https://open.spotify.com/track/6JOM3iiwWehe9TQEk764m2
Tropical,Como en el Idilio,Un estado de romance ideal en el que todo parece perfecto.,"Marc Anthony, NATHY PELUSO",https://open.spotify.com/track/3a4qpvbWmBF82u72x3nBOZ
Pop Latino,Como La Flor,Una planta del jardín que se marchita con la tristeza del adiós.,Selena,https://open.spotify.com/track/5ubqSAc9LxUS2CsMHcA4kF
Vallenato,Como Le Pago A Mi Dios,¿De qué manera compenso a quien todo lo ha dado por mí?,Los Diablitos,https://open.spotify.com/track/2AL3C3JiSsZxsOrq1VjXvR
Tropical,Como Lo Hacen,De qué manera se realiza algo cuando la pasión está presente.,Frankie Ruiz,https://open.spotify.com/track/0CfAYkj6LuePODRRl6Wio5
Tropical,Como Lo Haces Conmigo,"La forma en que me tratas es única, no hay otro igual.",David Pabon,https://open.spotify.com/track/0bPNFF5HIz49oaWSg0h0UJ
Plancha,Como Lo Hice Yo,Una pregunta sobre el método utilizado por mí en un caso similar.,Sandro,https://open.spotify.com/track/6pLwHZ6qFweqWDFWGl1iVC
Tropical,Como No Amarte Así,¿De qué forma podría expresarte mis sentimientos sin dejar de ser fiel a lo que soy?,Grupo Galé,https://open.spotify.com/track/5ADhRwUrMluUwCw91c2f5k
Tropical,Como Podré Disimular,Una pregunta sobre cómo ocultar lo que sientes cuando el amor duele.,Grupo Niche,https://open.spotify.com/track/3aKZn1juiFJCo4oV4uJyAM
Tropical,Como Quisiera,¿De qué manera anhelarías que las cosas fueran diferentes?,Grupo Galé,https://open.spotify.com/track/2C5x2olKXibXn0y1DBHBt5
Plancha,Cómo Quisiera Decirte,"Un deseo profundo de expresar lo que anhelo, pero las palabras no fluyen.",Los Angeles Negros,https://open.spotify.com/track/7lmK8HJzXjD7JW88tQGVUT
Tropical,Como Se Queda,"Después de una separación, ¿qué sucede con el corazón y los recuerdos?, ¿qué se convierte en el estado del alma?",Willie Gonzalez,https://open.spotify.com/track/6ltng2LyVfFU77PakYhjQN
Tropical,Como Si Nada,"Actúa como si no pasara nada, aunque por dentro todo esté en caos.",Camilo Azuquita,https://open.spotify.com/track/6dL2XSXGGEZ8MxMLsUNEpF
Tropical,Como Te Hago Entender,¿De qué manera logro que comprendas lo que siento?,Roberto Roena Y Su Apollo Sound,https://open.spotify.com/track/588fZDQv1c7F3iP68Pp3My
Plancha,Cómo Te Va Mi Amor,"Un saludo a tu estado emocional, ¿qué tal te va con el cariño que alguna vez fue?",Pandora,https://open.spotify.com/track/6Vy53iriyX8Vqx0V68Jzn2
Tropical,Como Tiembla el Alma,Siente ese estremecimiento profundo que se manifiesta en el interior.,El Gran Combo De Puerto Rico,https://open.spotify.com/track/49Fq5zfcCYt5ccarS2zNiZ
Urbana,Como Toda Una Señora,El comportamiento y la postura digna de una dama en su máxima expresión.,Dalmata,https://open.spotify.com/track/6nWCjOk9IPTRvHSSqgxUMF
Plancha,Como Tu Mujer,La compañera que comparte el amor en esta vida.,Rocío Dúrcal,https://open.spotify.com/track/6ljWmeDCoqgIFOVKVmKEmu
Tropical,Como un Huracán,"Un fenómeno natural que arrastra con fuerza, a veces sin previo aviso.",Rubén Blades,https://open.spotify.com/track/10vTsXpZPQXk3ZO7PLtfcm
Tropical,Como una Estrella,"Un astro brillante que guía desde lejos, pero en este caso, revela su esencia.",Víctor Manuelle,https://open.spotify.com/track/0C09HZicGLpFZei3u2nt8k
Banda,Como una Pelota,Un objeto esférico que rebota y se mueve por el aire.,"Espinoza Paz, Jhonny Rivera",https://open.spotify.com/track/5iJBBQOi25f86NEurPAszB
Vallenato,Como Vamos A Quedar,La manera en que nos encontraremos después de un adiós incierto.,Binomio de Oro de América,https://open.spotify.com/track/3sbauQ1WBXhnH4cfFaMPGh
Tropical,Compárame y Veras,Mídeme y observarás cómo se asemejan mis cualidades a las tuyas.,Roberto Lugo,https://open.spotify.com/track/2wDwRHN31GwuWSi0GF7j7U
Pop Anglo,Complicated,"Es un término que describe algo que no es sencillo, lleno de enredos y confusiones.",Avril Lavigne,https://open.spotify.com/track/5xEM5hIgJ1jjgcEBfpkt2F
Banda,Comprendí Que Te Perdí,"Entendí que ya no estás a mi lado, la aceptación de una ausencia dolorosa.",Jhonny Rivera,https://open.spotify.com/track/17njTqcVRcJU8qHmZKd9q9
Plancha,Con el Viento a Tu Favor,La brisa que te impulsa en la dirección deseada.,Camilo Sesto,https://open.spotify.com/track/25U61HewnPiN12BaBYrqQL
Tropical,Con Eso,Lo que se obtiene al mezclar un elemento esencial de la vida con un toque especial.,El Gran Combo De Puerto Rico,https://open.spotify.com/track/2SiNjRRe5jbdOXoy4VGpzZ
Tropical,Con la Misma Moneda,"Intercambiar billetes con el mismo valor, pero con una diferencia emocional.",Josimar y Su Yambú,https://open.spotify.com/track/7uxnFapaeICZNrr73vFPUX
Banda,Con Los Ojos Cerrados,"Imagina que miras sin usar la vista, dejando que el resto de tus sentidos guíen tu camino.",La Pandilla del Rio Bravo,https://open.spotify.com/track/6eIw5QF2xPSNmTgiFsDQK6
Urbana,Con quién andará?,¿Con quién podría estar esa persona que te preocupa en su compañía?,KAROL G,https://open.spotify.com/track/3xbhYZfPldyCNrVMX2wxJC
Plancha,Concavo Y Convexo,"Una forma que se hunde y otra que se eleva, un juego de opuestos en armonía.",Roberto Carlos,https://open.spotify.com/track/11AU0TQhGF58mq9OYCzCc9
Plancha,Cóncavo y Convexo (O Côncavo e o Convexo),"Dos formas que se abrazan, una hundida y otra sobresaliente, como el amor que se complementa.",Roberto Carlos,https://open.spotify.com/track/2jF1EOUMsIMMHIB4ktji6W
Tropical,Conciencia,Una voz interna que te dice lo correcto y te impide ignorar lo que sientes.,Gilberto Santa Rosa,https://open.spotify.com/track/5bccusEjEtnC5cDfWXQ8rf
Tropical,Condename A Tu Amor,Imponme a vivir en la prisión de tus sentimientos.,Tito Rojas,https://open.spotify.com/track/2C40I3YZiqsNlpBxQ4O1y7
Tropical,Confianza,Fe en lo que sientes cuando dejas tus miedos a un lado.,Adolescent's Orquesta,https://open.spotify.com/track/100ii8vyiQcsG8xgjF91o9
Tropical,Conflicto de Amor,Una disputa intensa entre dos corazones enamorados.,Jimmy Saa,https://open.spotify.com/track/32mRqibhtSlIzgycanEAxk
Plancha,Confundido,Un estado mental donde no sabes cuál es la verdad.,Joan Sebastian,https://open.spotify.com/track/3NU2wrm8lBizw1YnMPMPxb
Tropical,Contaminado,El aire se ha llenado de algo que lo ensucia y perjudica.,La Suprema Corte,https://open.spotify.com/track/0subeE0HUGiHypijANdPUb
Tropical,Contra La Corriente,Nadar en sentido opuesto a lo que el destino dictó.,Marc Anthony,https://open.spotify.com/track/22GxtWFeORJZaptz26pxet
Banda,Contrato,"Un acuerdo formal que implica promesas y compromisos, muchas veces en el amor.",Maluma,https://open.spotify.com/track/4LccwPrd0k6ROyl5oKyjHG
Banda,COQUETA,"Una persona que juega a atraer con encanto y picardía, pero sin serlo del todo.","Fuerza Regida, Grupo Frontera",https://open.spotify.com/track/1PREzVLuDT6PSE9sej4wnV
Urbana,Corazón (feat. Nego do Borel),"Órgano que late y siente, a menudo lo mencionan con ternura.","Maluma, Nego do Borel",https://open.spotify.com/track/5cepAtqnEQ6yVG6088zMMu
Tropical,Corazon de Acero,Un órgano vital con una tapa resistente y un material muy duro.,Yiyo Sarante,https://open.spotify.com/track/2fM9D3e5pyVBzqOBgMC8ap
Urbana,Corazon De Seda (feat. Ozuna),Un órgano vital recubierto de un material suave y brillante.,"Klasico, Ozuna",https://open.spotify.com/track/0uRHot8ml8U8cYVwwzMwNT
Tropical,Corazón Embustero,Un órgano vital que juega a engañar con sus latidos.,"La Grande De Madrid, Carlos Nuño",https://open.spotify.com/track/7BiqkbG3QmEzvaE9QBZQDh
Tropical,Corazon En Blanco - Remix,"Un órgano vital que siente, pero carece de color y ritmo en su latido.",Roberto Lugo,https://open.spotify.com/track/3d57i83unHBYQglnY2jwAn
Plancha,Corazón Encadenado,"Un órgano vital atrapado, sin libertad para amar.","Camilo Sesto, Lani Hall",https://open.spotify.com/track/3xYdhwgu6tMSclZoh4EzLm
Pop Latino,Corazón partío,Un órgano vital dividido en dos por el dolor del desamor.,Alejandro Sanz,https://open.spotify.com/track/0wQCKR9OFjYu5Kzrk7WivJ
Plancha,Cosas del Amor (with Vikki Carr),"Elementos que dan forma a lo que sentimos, a veces complicados y siempre intensos.","Ana Gabriel, Vikki Carr",https://open.spotify.com/track/4BBJezanyqAj6rRC1fKIg4
Urbana,Cosas Pendientes,Asuntos que aún no se han resuelto antes de que todo cambie.,Maluma,https://open.spotify.com/track/0iVEujJcafOBnxa654fJYu
Urbana,COSITA LINDA,Un hermoso ser que provoca sonrisas y alegrías.,"ELENA ROSE, Justin Quiles",https://open.spotify.com/track/1fDjHyaZnNCPo9QsuFdQVO
Banda,Costumbres - En Vivo,"Prácticas que permanecen en el tiempo, aunque el corazón anhele el cambio.",Yeison Jimenez,https://open.spotify.com/track/5NQPWgBmr7KrSLAxS2qOL4
Pop Anglo,Count on Me,"Cuando necesites apoyo, estaré a tu lado, siempre puedes confiar en mí.",Bruno Mars,https://open.spotify.com/track/7l1qvxWjxcKpB9PCtBuTbU
Pop Anglo,Counting Stars,Numerando astros brillantes en la vasta oscuridad del cielo nocturno.,OneRepublic,https://open.spotify.com/track/2tpWsVSb9UEmDRxAl1zhX1
Pop Anglo,Crazy,"Un estado mental que no se puede controlar, a veces es tan fuerte que desata la locura.",Aerosmith,https://open.spotify.com/track/3QxKpdTB8ZSFn8MGeCCpsQ
Urbana,Créeme,"Confía en mí, que lo que sientes es auténtico y verdadero.","KAROL G, Maluma",https://open.spotify.com/track/1mT47pKLXUwPYGwB91GcNz
Pop Anglo,Creep,"Ser un extraño en un lugar donde no encajas, sintiéndote fuera de lugar.",Radiohead,https://open.spotify.com/track/70LcF31zb1H0PyJoS1Sx1r
Pop Latino,Crímenes perfectos,"Delitos sin falla, donde todo sale según lo planeado.",Andrés Calamaro,https://open.spotify.com/track/6guoJhM9n5Fm7npXJ1rfsM
Urbana,Criminal,"Una infracción que roza la ley, pero en el amor se siente bien.","NATTI NATASHA, Ozuna",https://open.spotify.com/track/6Za3190Sbw39BBC77WSS1C
Vallenato,Cuando Casi Te Olvidaba,"Un tiempo en que tu recuerdo se va desvaneciendo, pero aún persiste.",Los Diablitos,https://open.spotify.com/track/6Fn0YHHglTA5qBVXS8yOER
Tropical,Cuando el Amor se Daña,Momento en que la emoción se vuelve frágil y se quiebra.,Rikarena,https://open.spotify.com/track/4uq7AHJBZbXE6jqIVqQD5A
Urbana,Cuando Me Muera Te Olvido,Un acto final que debería borrar los recuerdos de un amor perdido.,KAROL G,https://open.spotify.com/track/0x0Egm8IgaRNCfNKqkJrPt
Pop Latino,Cuando nadie me ve,"En momentos de soledad, un instante sin compañía se convierte en mi refugio.",Alejandro Sanz,https://open.spotify.com/track/7sNpt6AvOvXXZVaqTCFVCu
Tropical,Cuando Parara La Lluvia,"El momento en que cesa el agua del cielo, prometiendo un nuevo inicio.",Johnny Rivera,https://open.spotify.com/track/6RauZx8oRSlQoaSzONGpsQ
Tropical,Cuando Se Quiere Se Quiere,"A veces, el afecto se manifiesta sin condiciones, como un deseo sincero.","Conjunto Clásico, Tito Nieves",https://open.spotify.com/track/69vyURQ6T2zjSlPGZhuSVs
Urbana,Cuando Te Besé,Un instante mágico donde nuestros labios se encontraron por primera vez.,"Becky G, Paulo Londra",https://open.spotify.com/track/2XXMDz7SPZ4mSFN1PXfHUy
Vallenato,Cuando Te Vayas,"El momento en que decides partir, dejando atrás lo que ha sido.",Los inquietos del vallenato,https://open.spotify.com/track/0f8endfli0T4AdzFLMRBJ8
Tropical,Cuando Vuelvas Conmigo,El momento en que regresas a mi lado tras un tiempo de ausencia.,Ray Sepulveda,https://open.spotify.com/track/3ZkSy5qYjCHJXgRkTATN99
Banda,Cuánto Les Debo,Una pregunta sobre la suma de lo que se ha recibido y no se ha pagado.,Yeison Jimenez,https://open.spotify.com/track/0MZrplznEoZWkJQjk1xPX0
Banda,Cuánto Quisiera,El anhelo de una profunda cantidad de deseos perdidos.,Luis Alfonso,https://open.spotify.com/track/2G5b1vBhe2YmZ3XBhrO3jb
Vallenato,Cuanto Te Amo,La medida del afecto que siento por ti es infinita.,Los inquietos del vallenato,https://open.spotify.com/track/2A0HoB15jVgk4oiMeSvtCZ
Urbana,Cuéntale,"Relata una historia a otro, si lo que sientes no puedes guardar.",Don Omar,https://open.spotify.com/track/4ocXAchdkulq97w6m1ZaPv
Urbana,Cuéntame,"Historias que se comparten, relatos que fluyen entre amigos y confidencias.",Daddy Yankee,https://open.spotify.com/track/7CCuorx4vpWM7zdoDlvtdu
Vallenato,Cuéntame De Ti,"Relátame lo que eres, así podré conocerte mejor.",Los Gigantes Del Vallenato,https://open.spotify.com/track/3GIxyUdwDgCXEPMcIjtuYM
Tropical,Cuerpo a Cuerpo,Una conexión tan cercana que las pieles se rozan como si fueran una sola.,Grupo Cariaco,https://open.spotify.com/track/65V8Ylug8Z2uAHzZpyvNfR
Pop Latino,Cuidarte el Alma,Proteger esa parte esencial de ti que da vida a tus sentires.,Chayanne,https://open.spotify.com/track/5HTAYvTUfz7Q7SBPLZl9nu
Tropical,Culebra,"Un reptil ágil que se mueve con gracia, serpiente entre la música y el ritmo.",Grupo Niche,https://open.spotify.com/track/3LqGUozQ64ScbEyMj8vCk5
Tropical,Culpable o No,"Asumir la responsabilidad de mis acciones, o decidir dejarlo así.",Maelo Ruiz,https://open.spotify.com/track/1BbJ41HriH5AxVUMqMxMkQ
Urbana,Culpables,"Los que comparten la responsabilidad de un error, aunque el amor nos lleve a ocultarlo.",Manuel Turizo,https://open.spotify.com/track/3RD0PGolM0mETGHaprwgMn
Banda,Cupido Falló,Un dios del amor decepcionó en su puntería.,Pipe Bueno,https://open.spotify.com/track/42RKuMMmSjr4AX3m5RRm8L
Tropical,Da La Vuelta,Gira sobre tu propio eje para cambiar de perspectiva.,Marc Anthony,https://open.spotify.com/track/1Iz1lAfs2tvQR7i4xbpInu
Urbana,Dale Caliente,Aumenta la temperatura y déjate llevar por el ritmo ardiente de la fiesta.,Daddy Yankee,https://open.spotify.com/track/6X8pDrhv1pnurPSNUyizR2
Urbana,Dale Don Dale,"Un impulso para avanzar sin dudar, ¡hazlo sin pensar!",Don Omar,https://open.spotify.com/track/1PZrHbJjt5t7dP9OGRxcD0
Tropical,DALE TIEMPO PA QUE SUFRA,Otórgale un lapso para que sienta el dolor que deja una despedida.,DjYimiiProduccer,https://open.spotify.com/track/0KoPCXIYFmiJ6RjEWTJ4sD
Tropical,Damaris Canto - A Mi Medida,"Una prenda que se ajusta perfectamente a tu cuerpo, ni muy grande ni muy pequeña.",Grupo Niche,https://open.spotify.com/track/1jmV114M8NrFAeW36FEHh9
Tropical,Dame un Poco Más,"Solicito un extra de lo que ya tienes, sin escatimar.",Adolescent's Orquesta,https://open.spotify.com/track/6wJwdauYAuJmBqLbodXn0T
Pop Anglo,Dance With Me,"Baila a mi lado, acompáñame en esta pista donde el ritmo nunca se detiene.",Bruno Mars,https://open.spotify.com/track/1myZ6GQewhAzMH2dKtKSWK
Pop Anglo,Dancing in the Moonlight,Movimientos alegres bajo la luz plateada de la noche.,Toploader,https://open.spotify.com/track/3Fzlg5r1IjhLk2qRw667od
Pop Anglo,Dancing With A Stranger (with Normani),Bailando en compañía de alguien que no conoces del todo.,"Sam Smith, Normani",https://open.spotify.com/track/3xgT3xIlFGqZjYW9QlhJWp
Urbana,Danza Kuduro,Movimiento rítmico que alegra el alma y suena al compás de la alegría.,"Don Omar, Lucenzo",https://open.spotify.com/track/2a1o6ZejUi8U3wzzOtCOYw
Banda,De Bar En Bar,"Recorriendo lugares donde se sirve bebida, a menudo me encuentro sin rumbo.",Jhon Alex Castaño,https://open.spotify.com/track/17OmeFVo1HtzsRFWJM1lfY
Tropical,De Boca en Boca,"Un contacto cercano, compartido por palabras entre dos personas.",Jimmy Saa,https://open.spotify.com/track/2jtN22jque6TsqOCZF0zjE
Urbana,De Lejitos,"Desde una distancia apreciable, pero sin acercarse demasiado.","Andy Rivera, Luigi 21 Plus",https://open.spotify.com/track/5CygAGV9yYyI2LP20KqQKl
Banda,De Los Besos Que Te Di,Recuerdos de caricias que dejé en tus labios.,Christian Nodal,https://open.spotify.com/track/1qfoq1qvZT7VwDVeekCJ97
Banda,DE LUNES A LUNES,"Días de la semana, contando sin parar, desde el comienzo hasta el fin, sin descansar.","Grupo Frontera, Manuel Turizo",https://open.spotify.com/track/49Zc3sEJHADPoVDM4jNKgs
Tropical,De Mí Enamórate,Que tus sentimientos hacia mí sean tan fuertes que me atrapen por completo.,Tito Nieves,https://open.spotify.com/track/4hgk2iBQfSupmzye4LfTQE
Banda,De Pura Rabia,"Emoción intensa que consume el alma, acompañada de una expresión sincera.",Yeison Jimenez,https://open.spotify.com/track/6b6pCrHIU5drndulOXcDUn
Tropical,De Que Callada Manera,Una forma sutil y silenciosa de expresar un sentimiento profundo.,Sonora Ponceña,https://open.spotify.com/track/1lGdOYgBElQfugmEtq2Vox
Banda,De Que Duele Duele,Cuando el sufrimiento se hace tan fuerte que se siente en lo más profundo.,Los Despechados,https://open.spotify.com/track/2QIZ8PTqoJKXw45SQHWzg6
Urbana,De Remate,El acto de finalizar algo con un toque inesperado o sorprendente.,"Pipe Calderón, Ocoyaje",https://open.spotify.com/track/1swKwWAHQDJQqgkOB39xO8
Banda,De Rodillas Te Pido,Una posición de súplica donde hay un deseo intenso desde el corazón.,Giovanny Ayala,https://open.spotify.com/track/6mciiQ8zyuqgxW0nCUNJQo
Tropical,De Vuelta En La Trampa,Regresando a la trampa que una vez me atrapó.,Lalo Rodriguez,https://open.spotify.com/track/1VhlzJvqMIyAqtyXWKx1Nj
Tropical,De Vuelta Pa' La Vuelta,"Regreso a donde ya estuve, buscando un nuevo movimiento.","Daddy Yankee, Marc Anthony",https://open.spotify.com/track/7AUhck1sPy11OExQmDDx4P
Tropical,Debiera Olvidarla,Debería dejar en el pasado esos recuerdos que me atormentan.,Grupo Niche,https://open.spotify.com/track/3usWzVoV5d2mmWlmhSxfaQ
Urbana,DEGENERE ,"Un comportamiento que rompe con lo convencional, en esta fiesta no hay reglas.","Myke Towers, benny blanco",https://open.spotify.com/track/0qeIFEGRQqHoaJtLCl0U73
Urbana,Deja Vu,"Sensación de haber vivido un momento anteriormente, como si fuera un eco del pasado.",Hamilton,https://open.spotify.com/track/5jwQfcmvJeYP7ZYVRkb0iG
Tropical,Dejala,"Permite que ella se marche, sin cadenas que la aten.","Tito Gomez, Tito Rojas",https://open.spotify.com/track/6GHGvSM89aqo1SsSyn1uyq
Vallenato,Dejala,"Permite que se marche, sin retenerla ni insistir en su regreso.",Los Diablitos,https://open.spotify.com/track/5eVHl4vaeOcGHsr4069SoG
Banda,Déjala Que Se Vaya,"Permítele a esa libertad marcharse, sin importar el dolor que quede atrás.",Jhon Alex Castaño,https://open.spotify.com/track/6lnfV2hQWD0GGtkGYYxd7X
Tropical,Déjala Que Siga,"Permite que continúe su camino, sin detenerla, aunque te duela verla ir.",Héctor Lavoe,https://open.spotify.com/track/1M97ayCQqyCCsiSs2OIBb9
Urbana,Déjala Que Vuelva,"Permítele regresar a su vida, aunque ya no sea parte de la tuya.","Piso 21, Manuel Turizo",https://open.spotify.com/track/1j6xOGusnyXq3l6IryKF3G
Tropical,Dejame Sentirte,Permíteme que mi piel perciba tu abrazo cálido.,Gilberto Santa Rosa,https://open.spotify.com/track/6AbipcWJNgzX59ii8IXhBF
Tropical,Déjame Un Beso,"Un instante de afecto que se da al platicar, pero solo uno.",Salsa Kids,https://open.spotify.com/track/753mOp9sUQtNQWO3fWpD6A
Tropical,Dejame Volver,"Permíteme regresar a donde pertenecía, donde el corazón aún anhela.",Tito Gomez,https://open.spotify.com/track/1QI5Ss6mRZDAfBg068mgyv
Vallenato,Dejando Huellas,"Imprimiendo marcas en el camino, dejando una señal de mi paso.",Los Gigantes Del Vallenato,https://open.spotify.com/track/215HJm2MLqkzfnQ69O5iC2
Pop Latino,Dejaría Todo,"Si pudiera renunciar a todo por amor, eso es lo que haría.",Chayanne,https://open.spotify.com/track/1UzChRXWdrbeNngBQ7o0oS
Vallenato,Dejate Atrapar,Permite que un lazo te envuelva y te atrape en su abrazo.,Binomio de Oro de América,https://open.spotify.com/track/55FtrIkYrKHAhQsCzPdn3e
Urbana,Del Mar,Un vasto cuerpo de agua donde se encuentran las olas y la brisa.,"Ozuna, Doja Cat, Sia",https://open.spotify.com/track/5cpJFiNwYyWwFLH0V6B3N8
Tropical,Del Puente Pa' Allá,"Cruzando una estructura que conecta dos orillas, hacia el otro lado.",Grupo Niche,https://open.spotify.com/track/7sA3zKyJ299yssH86AbMvC
Urbana,Delicia,Un placer que se saborea y que te hace suspirar al tocarlo.,Piso 21,https://open.spotify.com/track/43vvIMnQMJVGsGoY1dNZPn
Tropical,Demasiado,Un exceso que ya no puedo soportar.,Karibe con K,https://open.spotify.com/track/0qjy6TWpfrmfC0YsGJnFRA
Tropical,Demasiado Corazon,Siento que he perdido el control de este órgano vital y emocional.,Willie Colón,https://open.spotify.com/track/203xPsmlzOYbPoUv4WL2kM
Pop Anglo,Denim Jacket,Una prenda de abrigo de mezclilla que a menudo llevamos puesta.,Maroon 5,https://open.spotify.com/track/1N857bufDNDocn8hbmoNt7
Pop Latino,Depende,Todo está en la actitud; la realidad cambia según lo que eliges.,Jarabe De Palo,https://open.spotify.com/track/6aaPUBUFw9KEW1p1inVQv9
Tropical,Derroche,"Lo que sobra de manera excesiva, a veces se gasta sin razón.",Orquesta La Solucion,https://open.spotify.com/track/2279GjTKjxJn5LOe5ICfCC
Urbana,Desahógate,Expulsa tus emociones y libera lo que llevas dentro.,"Danny Ocean, Ryan Castro",https://open.spotify.com/track/1BSB5vq75OxagxoJbjnnjs
Tropical,Descartame,"Elige no incluirme en tu vida, como si fuese un mal plan.",Pedro Arroyo,https://open.spotify.com/track/35SeLVae54IFFaTpMMzXVo
Urbana,Desconocidos,"Personas que no se conocen, pero que el destino une en un instante especial.","Mau y Ricky, Manuel Turizo, Camilo",https://open.spotify.com/track/56f5qnyAlZdlz8wrUDA50h
Urbana,Desde Antes,Un tiempo anterior a lo que ahora sientes.,"Andy Rivera, Valka",https://open.spotify.com/track/5Ulsi8075EHzP2chQqbv86
Pop Latino,Desde cuando,El tiempo que ha pasado desde un momento clave en la relación.,Alejandro Sanz,https://open.spotify.com/track/38EI0NudWZT1qFuhEafIHh
Tropical,Desde El Fondo De Mi Corazón,Desde lo más profundo de ese órgano que siente y bombea.,Hildemaro,https://open.spotify.com/track/3rQndjZ676PPjV9QvL42te
Banda,Desde Que Te Tengo,Desde el momento en que tu presencia llegó a mi vida.,Carín León,https://open.spotify.com/track/27aIkG6qb03S40uNAorXkM
Tropical,Deseándote,"Anhelando con fervor tu presencia, cada instante se siente como un vacío.",Frankie Ruiz,https://open.spotify.com/track/1THrLq1IPWwpisMdF9Ivya
Tropical,Deseo,Anhelo profundo por algo que se quiere con fervor.,Raulin Rosendo,https://open.spotify.com/track/78UPTazII2E44EPLwa3p51
Tropical,Deseo Insaciable,"Anhelo que nunca se sacia, una curiosidad que arde sin cesar.",Wilser Andres,https://open.spotify.com/track/19rNW91xAQPZXIvMGcWGPi
Tropical,Desesperado,Un estado ansioso que sientes cuando esperas algo con anhelo.,Luis Enrique,https://open.spotify.com/track/3NYWeHXkfrcYa4iXegFUR5
Urbana,Desesperados,"En un estado de ansiedad total, cuando la calma parece lejana y el tiempo no avanza.","Rauw Alejandro, Chencho Corleone",https://open.spotify.com/track/6mmPpaltUZK7xjNlBPQQ0p
Tropical,Desnúdate Mujer,"Quita tus vestiduras, dejando al descubierto tu esencia femenina.",Frankie Ruiz,https://open.spotify.com/track/4xsTdpKwm0jlanaF6CmBy2
Urbana,Despacio,"A un ritmo pausado, disfrutemos cada momento sin prisa.","NATTI NATASHA, Nicky Jam, Manuel Turizo, Myke Towers, DJ Luian, Mambo Kingz",https://open.spotify.com/track/203uubEQA07to1kbro35qQ
Urbana,Despacito,"A paso lento, como un baile que se disfruta sin prisa.","Luis Fonsi, Daddy Yankee",https://open.spotify.com/track/6habFhsOp2NvshLv26DqMb
Vallenato,Despacito - Cumbia Version,"Con calma y suavidad, así se hacen las cosas para que te gusten más.","Fuerza Grupera, Cumbia Sonidera & Grupera",https://open.spotify.com/track/0bvlOZeCFxOwWpnWC3Ehe7
Pop Anglo,Despacito - Remix,"Contando lento, avanzando con sutileza, el ritmo te lleva a lo prohibido.","Luis Fonsi, Daddy Yankee, Justin Bieber",https://open.spotify.com/track/6rPO02ozF3bM7NnOV4h6s2
Urbana,Despacito (Featuring Daddy Yankee),"Poco a poco, dejando huellas en el ritmo que te hace danzar.","Luis Fonsi, Daddy Yankee",https://open.spotify.com/track/7CUYHcu0RnbOnMz4RuN07w
Urbana,Despeinada,"Cuando el viento desordena tu cabello, y el estilo queda un poco alocado.","Ozuna, Camilo",https://open.spotify.com/track/0JAZWvvqttGFm4UMDsPQXC
Vallenato,Despues De Amar,"Tras el afecto, lo que sigue es la transición a un nuevo camino.",Los inquietos del vallenato,https://open.spotify.com/track/3THoklpD03FgHwhewfkkTo
Vallenato,Despues De Tantos Años,El tiempo que ha pasado desde aquel momento hasta el presente.,Los Diablitos,https://open.spotify.com/track/21WuHLELxNjGJ8vdkZMlHe
Vallenato,Despues De Ti,Un tiempo que sigue tras tu ausencia.,Los inquietos del vallenato,https://open.spotify.com/track/3IgW1DodMOAua5GWZXRuBJ
Urbana,Después de ti,Lo que viene tras la ausencia de tu presencia.,"KAROL G, Greg Gonzalez",https://open.spotify.com/track/6PbhFQkpQjoojWo2b6Ghoi
Urbana,Destino,La ruta trazada que nos lleva a un final inevitable.,"Greeicy, Nacho",https://open.spotify.com/track/041Kcvnw8nOdq8xiRibPTG
Tropical,Detalles,Aspectos minuciosos que revelan lo significativo en un vínculo especial.,Orquesta Inmensidad,https://open.spotify.com/track/2HdyWXCMDJw7TqAfR4A7Pt
Tropical,Detalles,Aspectos pequeños que pueden marcar la diferencia en una relación.,Oscar D'León,https://open.spotify.com/track/4ZWksPVZdma0A5GiSCStIK
Plancha,Detalles,Pequeños elementos que hacen de una historia algo especial y único.,Roberto Carlos,https://open.spotify.com/track/4tAwP9QKeLEQJ2fgd1RWcY
Urbana,Detente,"Pide un alto en el camino, como cuando necesitas un momento para reflexionar.","Mike Bahía, Danny Ocean",https://open.spotify.com/track/0x1k6gSTSxaLxe0F2IThaX
Plancha,Detrás de Mi Ventana,Un lugar en la casa que ofrece vistas al mundo exterior.,Yuri,https://open.spotify.com/track/0vhOhQerNeK037EpSmphzb
Urbana,DETRÁS DE TU ALMA,Lo que se encuentra justo antes de tu esencia más profunda.,Mora,https://open.spotify.com/track/2BvPMS2XWfnCpHHvWeOyeC
Banda,Di Que Si,"Afirma con un simple ""sí"" a lo que deseas escuchar.","Grupo Marca Registrada, Grupo Frontera",https://open.spotify.com/track/0kzN7YAMSbmlHOvxlbQW9y
Vallenato,Dí Que Si,"Pronuncia afirmativamente lo que deseas, así mantendrás la esperanza viva.",Los inquietos del vallenato,https://open.spotify.com/track/53AITagQlfL2GyCTH6TMPQ
Tropical,Dia Y Noche Pienso En Ti,"Cuando el sol brilla y la luna se asoma, mis pensamientos vuelan hacia tu esencia.",Jerry Rivera,https://open.spotify.com/track/702GLOtZ2I15Y5nFv4tHlc
Pop Anglo,Die With A Smile,Partir del mundo con una expresión de felicidad en el rostro.,"Lady Gaga, Bruno Mars",https://open.spotify.com/track/2plbrEY59IikOBgBGLjaoe
Vallenato,Difícil de Igualar,Nada es tan fácil como este amor que no se puede replicar.,Binomio de Oro de América,https://open.spotify.com/track/3vhej4TjgOt4d6OS4uMIVO
Pop Latino,Dígale,"Comuníquese con esa persona en el tiempo presente, sin rodeos ni esperas.",David Bisbal,https://open.spotify.com/track/5OKrgU6UuGMp4sGRxv1JH2
Tropical,Dígale,"Comuníquese con ella, pero no directamente; hágalo de manera indirecta.",David Pabon,https://open.spotify.com/track/5OxN2Ba6fo6vsty9cLYA6H
Tropical,Digo Yo,"Expresión que uso para aclarar mis pensamientos, antes de finalizar una afirmación.",Grupo Niche,https://open.spotify.com/track/67FUYDaFj27yhXtMBmtyVi
Urbana,Dile,"Comunica lo que sientes y hazlo directo, no dejes en el aire ese mensaje claro.",Don Omar,https://open.spotify.com/track/69Ej1xrGjOcHvIMtMKxK0G
Tropical,Dile,"Comunica lo que sientes, pero solo si te atreves a hablar.",Tony Vega,https://open.spotify.com/track/4ZsHNDVJLP8RqFkhueXadh
Tropical,Dile A Ella,"Comunica a esa mujer lo que sientes, antes de que el tiempo se escape.",Víctor Manuelle,https://open.spotify.com/track/45nyOQWvhjn9bfAoTIKCuJ
Urbana,Dile al Amor,Comunica al sentimiento que no quieres más en tu vida.,Aventura,https://open.spotify.com/track/2Bhmj4XK33InfhqKPxcJ1v
Urbana,Dile Que Tu Me Quieres,"Expresa tus sentimientos, pero asegúrate de que el mensaje sea claro y sincero.",Ozuna,https://open.spotify.com/track/5u5MvmVtitax9R1Mxh3reC
Pop Anglo,Dilemma,Un conflicto amoroso que se transforma en una situación complicada entre dos almas.,"Nelly, Kelly Rowland",https://open.spotify.com/track/0ARK753YaiJbpLUk7z5yIM
Tropical,Dime,"Exprésame lo que sientes, no guardes silencio, suéltame ese pedido.",Jerry Rivera,https://open.spotify.com/track/7MwbOLiPZKT5q9wRb0Ld1f
Banda,Dime Cómo Quieres,"Indícame de qué manera te gustaría que lo haga, en un juego de preguntas o de deseo.","Christian Nodal, Ángela Aguilar",https://open.spotify.com/track/7EdO3yIGWomd6ZRynhotCO
Urbana,Dime Lo Que Sientes,"Expresa tus emociones, revela lo que llevas dentro, no guardes más secretos.","Alejo Valencia, Caracol Televisión",https://open.spotify.com/track/33oxNkB5nwIJNBsd98eOKK
Vallenato,Dime pajarito,Pregúntale a un ave que canta lo que sientes en el corazón.,Binomio de Oro,https://open.spotify.com/track/5P13I9rbPcLOkEJSvCLDCA
Vallenato,Dime que me quieres,"Indícame que anhelas mi cariño, sin dudas ni vacilaciones.","La Combinación Vallenata, Los Diablitos, Jean Carlos Centeno",https://open.spotify.com/track/3orZ4fO5bylzCblZJsl3WS
Tropical,Dime Que No Pasó,"Comunica lo que no sucedió, aunque en el fondo sientas que fue real.",Grupo Galé,https://open.spotify.com/track/1esy6dYm9Cb3heUabOhomn
Tropical,Dime Que Quieres,"Pregúntame qué anhelas, y aclara tus deseos.",El Gran Combo De Puerto Rico,https://open.spotify.com/track/7sBtgJ82TfsrVqL0peq5fC
Tropical,Dime Si Eres Feliz,"Revela si en tu corazón hay alegría, pregúntale a tu alma.",Tito Rojas,https://open.spotify.com/track/5wEadsu1XG1b4WjtM3fw6P
Urbana,Dímelo,"Expresa en voz alta lo que sientes, que el silencio no resuelve nada.",Enrique Iglesias,https://open.spotify.com/track/3t74Slmrcf23iKxdx2Rd3A
Plancha,Dímelo Delante de Ella,"Expresa tus sentimientos abiertamente, sin timidez, frente a la persona presente.",Pimpinela,https://open.spotify.com/track/37amjDwMG9SQQ1xQETzBm9
Plancha,Ding Dong Ding Dong Esas Cosas del Amor,El repique de una campana envuelta en lo dulce y melancólico de un sentimiento.,Leonardo Favio,https://open.spotify.com/track/02wzG2b4X8VjaxaOZYMZYR
Vallenato,Directo Al Corazón,Una trayectoria que va sin desvíos a ese órgano que siente intensamente.,Jesus Manuel Estrada,https://open.spotify.com/track/0y16eBgMZ3ItBzFT6Jqchy
Pop Anglo,dirty little secret,"Un secreto que es sucio, pero lo guardamos, en la penumbra es especial.",Artemas,https://open.spotify.com/track/0RNKTiM7M4dzoCLgg3NgGu
Vallenato,Distintos Destinos,Rutas diferentes que el destino marca en nuestras vidas.,Binomio de Oro de América,https://open.spotify.com/track/3klDMS8I5WdQMD82aAhbha
Pop Anglo,Dive,"Sumergirse en lo profundo, dejando que el corazón guíe el descenso.",Ed Sheeran,https://open.spotify.com/track/51ChrwmUPDJvedPQnIU8Ls
Urbana,"DJ No Pare (feat. Zion, Dalex, Lenny Tavárez) - Remix","Encargado de mezclar ritmos, no te detendrás en la pista.","Justin Quiles, NATTI NATASHA, Farruko, Lenny Tavárez, Dalex, Zion",https://open.spotify.com/track/1ndyl3wJCFs872XZ3ztPk6
Urbana,Djadja (feat. Maluma) - Remix,Una expresión para referirte a una persona fascinante que no está presente en este momento.,"Aya Nakamura, Maluma",https://open.spotify.com/track/6AzKhCHOms83jvNVLsz0Bt
Tropical,Doble,"Una cifra que se multiplica por dos, símbolo de múltiples amores.",Tito Rojas,https://open.spotify.com/track/6YLUqAK8McGS8nJWqjUhz2
Tropical,Doble Vida,"Una existencia que se repite en dos versiones diferentes, como un espejo.",Willie Gonzalez,https://open.spotify.com/track/6kpWSzcaLQc5wccq51Ysp9
Plancha,Doce Rosas,Un número que evoca el amanecer junto a un símbolo de amor eterno.,Lorenzo Antonio,https://open.spotify.com/track/7cGgfuTFHDRA0b7zdzEg6R
Banda,Doce y Treinta,La unión de la parte final de un día y la parte inicial de una nueva.,"Luis Alfonso, Jhonny Rivera",https://open.spotify.com/track/7gpvpEkBK98kJImUCWIn4Z
Banda,Doliendo Bastante,"El dolor se siente de lleno, como una herida que no sana.",Carín León,https://open.spotify.com/track/1HRXCIvIgKbNMNu9qZQuP0
Pop Anglo,Don't Lie,"Una acción que no haces cuando ocultas la verdad, sin engaños ni falsedades.",Black Eyed Peas,https://open.spotify.com/track/6tp27J7xy18DQiQXut3GsF
Pop Anglo,Don't Start Now,"No me inicies de nuevo, sigue en marcha y no mires atrás.",Dua Lipa,https://open.spotify.com/track/3PfIrDoz19wz7qK7tYeu62
Vallenato,Donde Esta?,Un interrogante que busca la ubicación de algo o alguien querido.,Los Diablitos,https://open.spotify.com/track/689Ay7wYMqMzsRWkDh0xaz
Pop Latino,Dónde Están Corazón,Un extraño se pregunta por la ubicación de su órgano vital que siente.,Enrique Iglesias,https://open.spotify.com/track/1mkZZjz0X8YexDWXlx7zmX
Vallenato,Donde Estan Esos Amores,Un lugar perdido en el tiempo donde los cariños que se fueron aún pueden escucharse.,Los Diablitos,https://open.spotify.com/track/5UhuxE4OXSEtbsY7dsd6e9
Plancha,"Donde Estés, Con Quien Estés","En el lugar que elijas y con la compañía que prefieras, mi pensamiento siempre estará contigo.",Camilo Sesto,https://open.spotify.com/track/6kAM3ltjQyditY5GhZytJP
Tropical,Doña Bella,Noble dama que resalta por su belleza y encanto en los ritmos del son.,Bobby Valentin,https://open.spotify.com/track/0054R5vgNToHiWNXihlHen
Tropical,Dos Copas y Un Ole,Un par de recipientes y una exclamación de júbilo típicos de una fiesta.,El Gran Combo De Puerto Rico,https://open.spotify.com/track/5okRoGZfmshsejzBIfy3rZ
Vallenato,Dos Locos,Un par de individuos con comportamientos extravagantes.,Los inquietos del vallenato,https://open.spotify.com/track/07reYQbSROoSvB5KbyvDpa
Banda,Dos Razones,Un par de motivos para amar o dejarlo atrás.,Jhon Alex Castaño,https://open.spotify.com/track/6LZAfP8zpu3W4RwrzRzAGp
Urbana,Down,"En la dirección opuesta a lo alto, donde las cosas se descienden.",R.K.M & Ken-Y,https://open.spotify.com/track/0t0WIrjRcvgBAwLlby2gsZ
Pop Anglo,Dream On,"Imagina seguir persiguiendo anhelos en cada momento, sin importar las dificultades del camino.",Aerosmith,https://open.spotify.com/track/5MxNLUsfh7uzROypsoO5qe
Urbana,DtMF,Un término que denota desprecio hacia alguien que no actúa como se espera.,Bad Bunny,https://open.spotify.com/track/3sK8wGT43QFpWrvNQsrQya
Pop Anglo,Dude (Looks Like A Lady),Un joven con aspecto engañoso que podría parecer de otro género.,Aerosmith,https://open.spotify.com/track/6gQUbFwwdYXlKdmqRoWKJe
Plancha,Duele El Amor,El sufrimiento que provoca un sentimiento profundo hacia alguien especial.,Joan Sebastian,https://open.spotify.com/track/6x8bMIpvePQqPKGys91SPx
Pop Latino,Duele El Amor,"Siente el ardor de un sentimiento que te penetra, aunque debería ser dulce.","Aleks Syntek, Ana Torroja",https://open.spotify.com/track/0oXLSuno5adlHcPzlzs8l6
Tropical,Duele Más,"El sufrimiento supera a lo que duele, pero la herida sigue presente.",Grupo Niche,https://open.spotify.com/track/3uf5LS5RX4eyLzQuZpOTpd
Pop Latino,Dueles,"El dolor que causa una separación, como un combate en el corazón.",Jesse & Joy,https://open.spotify.com/track/1iRvhKiXRElIH2Uf4gd95P
Tropical,Dueña De Mi Cuerpo,"Quien tiene el control sobre cada rincón de su ser, es la soberana de su piel.",Paquito Baron,https://open.spotify.com/track/2iTDY6XoaeTDtVbqmuRU44
Tropical,Dueña De Mi Inspiración,Quien posee la fuente de mis ideas y anhelos.,Ismael Rivera,https://open.spotify.com/track/4SpwOa7fIRdUtVj1rbi22m
Plancha,Dueño de Nada,"Aquel que posee algo, pero en realidad no es suyo.",José Luis Rodríguez,https://open.spotify.com/track/01U3wUHEeqYtj3vPk08AC9
Banda,Dueño De Ti,"El que posee y controla tu ser, no simplemente un amante.",Pipe Bueno,https://open.spotify.com/track/7FSobCGdgAonwzp2SCOvCV
Urbana,Dulce Carita (feat. Lennox & Zion),Un rostro encantador que evoca sabores agradables y traviesos.,"Dalmata, ZION, Lennox",https://open.spotify.com/track/2XuHpCSBb7eo3kiHYF5OIK
Pop Latino,Dulce condena,"Un placer prohibido que sabe a fresa, pero trae consigo un castigo.",Los Rodriguez,https://open.spotify.com/track/1J2XL5ciqUgCQ92TmFDAAZ
Banda,Dulce Pecado,"Un placer que tentamos, pero que a veces es prohibido.",Jessi Uribe,https://open.spotify.com/track/1dcPvuDlIyEZSCtYXtZlMm
Urbana,Dutty Love,"Pasión que se desata en una danza atrevida, donde el amor no tiene límites.","Don Omar, NATTI NATASHA",https://open.spotify.com/track/2oJH69cuNyWpCmZyTmvrEN
Pop Anglo,Easy,Buscar la sencillez en medio de la complejidad.,Commodores,https://open.spotify.com/track/1JQ6Xm1JrvHfvAqhl5pwaA
Pop Anglo,Easy (Baby Driver Mix),"Sencillo y sin complicaciones, lo que no trae esfuerzo.",Sky Ferreira,https://open.spotify.com/track/65vCFEB6WnRdUpsW5FTSDS
Urbana,Eclipse,Un fenómeno que oscurece lo brillante en un instante fugaz.,KAROL G,https://open.spotify.com/track/5S9go6X4WvtP5hnIYsPoVI
Pop Latino,Ecos De Amor,Sonidos que resuenan con la nostalgia de un sentimiento profundo.,"Jesse & Joy, Jesse",https://open.spotify.com/track/3lI5dscCDez8cF6LF3Me7F
Urbana,Efecto,Una reacción inmediata que transforma todo a su alrededor.,Bad Bunny,https://open.spotify.com/track/5Eax0qFko2dh7Rl2lYs3bx
Urbana,EL ABUSADOR DEL ABUSADOR,"Aquel que ejerce poder sobre quien ha sufrido, repitiendo la historia.",Daddy Yankee,https://open.spotify.com/track/6rEpJ5uF56xgL2r61xABqc
Urbana,El Amante,Quien guarda un secreto en la penumbra de una relación especial y clandestina.,"Daddy Yankee, J Alvarez",https://open.spotify.com/track/54Em6QZvAxt1tblPNAqfD7
Plancha,El Amar y el Querer,Una distinción entre dos formas de sentir por alguien especial.,José José,https://open.spotify.com/track/7wUt1v2ddVqPayC8EKDp5P
Vallenato,El Amor,Un sentimiento profundo que une dos corazones en un lazo eterno.,Binomio de Oro de América,https://open.spotify.com/track/4zytewVWfQfsRlK0V9u7RH
Plancha,El Amor de Mi Vida,El sentimiento más profundo que puedes experimentar por alguien especial.,Camilo Sesto,https://open.spotify.com/track/2D2GISPz94aFg526x54sfH
Tropical,"El Amor de Mi Vida ""Se Fue""",Un afecto tan profundo que se ha desvanecido.,Grupo Galé,https://open.spotify.com/track/4ee1fUrPVok1bEyj1cm4Rv
Banda,EL AMOR DE SU VIDA,El afecto especial que marcó su existencia.,"Grupo Frontera, Grupo Firme",https://open.spotify.com/track/0O3U5iwTbiXCREMkvotJuN
Vallenato,El Amor Es Perdón y Algo Más,Sentimiento profundo que incluye redención y un toque adicional de lo que se siente.,"Los Chiches Vallenatos, Amin Martinez",https://open.spotify.com/track/6vWblQzMbEMXKq6uZMimhO
Plancha,El Amor Estuvo Aquí,Un sentimiento intenso que pasó por este lugar.,Leo Dan,https://open.spotify.com/track/11koutjfWsGsw2sMPvgKBW
Tropical,El Amor Más Bonito,La sensación más hermosa que podamos experimentar en nuestras vidas.,Tito Nieves,https://open.spotify.com/track/1aWvCVwdBylQtpPDURZGgZ
Tropical,El Amor Me Lo Compras a Mi,"Adquiere un sentimiento profundo con un intercambio muy especial, pero solo para mí.",Pupy Santiago,https://open.spotify.com/track/25l3cf1MrXhxux1Tu4ZXng
Tropical,El Amor Vendrá,"Un sentimiento que se espera, aunque no llegue de inmediato.",Grupo Niche,https://open.spotify.com/track/3ZuOshJfFzvN9cA5WWcajs
Tropical,El Apartamento,Un espacio donde habitar se ha convertido en soledad.,"Willie Rosario, Gilberto Santa Rosa",https://open.spotify.com/track/2ZyTUDRlkjxFRtKntSVacO
Urbana,EL BARCO,"Una embarcación que navega mar adentro, símbolo de un viaje compartido.",KAROL G,https://open.spotify.com/track/0MT6qJd7wKlWjH7tP7oWHi
Banda,El Beneficio De La Duda,"Cuando hay incertidumbre, a veces es mejor esperar y no precipitarse a decidir.",Grupo Firme,https://open.spotify.com/track/7xJ1scIZpc33lZ7HpcrjCY
Urbana,El Bus,Un medio de transporte que lleva a muchas personas y se mueve rápido por la ciudad.,Yelsid,https://open.spotify.com/track/3phGZ5oFBLaEluf23rcvVJ
Tropical,El Camino Equivocado,Una senda que no lleva a tu destino deseado.,Pedro Conga,https://open.spotify.com/track/0w9YG7FWrtndaTeXIaqEHX
Urbana,El Carton,"Un objeto donde guardan lo que ya no se usa, pero que puede contener sorpresas.","Crazy Design, Bulin 47, Ceky Viciny",https://open.spotify.com/track/68QTlXvLrJp3wtP57QSjfg
Urbana,El Clavo (feat. Maluma) - Remix,"Un objeto que se utiliza para unir, acompañado por un famoso nombre.","Prince Royce, Maluma",https://open.spotify.com/track/2UU1XiId16k6Bz1g8M9hnC
Urbana,EL CLúB,Un espacio donde la fiesta nunca se detiene y la diversión es la única regla.,Bad Bunny,https://open.spotify.com/track/0iKo4pNNjHHdKUcFARlfCa
Tropical,El Comejen,Un insecto que se alimenta de madera y devora silenciosamente lo que tiene a su alrededor.,Wilfrido Vargas,https://open.spotify.com/track/6KWj4TAjZMVwZWxXzvHIGD
Banda,El Desmadre,"Caos y jolgorio, donde las normas se desvanecen y la fiesta se desata.",Yeison Jimenez,https://open.spotify.com/track/1UW2EbzKVV5Vubsmp5NA0j
Banda,El Desquite,"Una revancha tras la pérdida, un acto de justicia en el amor.",Alzate,https://open.spotify.com/track/1uOFwV3nwm4CXB84W09jPk
Tropical,El Día De Mi Suerte,Un momento en el que la fortuna brilla para mí.,"Willie Colón, Héctor Lavoe",https://open.spotify.com/track/7Kmfjms3yyhg2y56mN7EfZ
Plancha,El Día Que Puedas,Un momento específico en el que logras alcanzar lo que deseas.,Emmanuel,https://open.spotify.com/track/5eHMSmVfVni0JW1nZ15pUH
Urbana,El Doctorado - Remix,Un avance académico extremo que se cambia por un ritmo callejero.,"Tony Dize, Don Omar, Ken-Y",https://open.spotify.com/track/4BMB6FzHBD7QS9qKZz4llG
Urbana,El Empuje,Una fuerza que te impulsa a avanzar con determinación.,Daddy Yankee,https://open.spotify.com/track/42Q1BecJoa3C9NUosup4xP
Vallenato,El Error,"Una falta que se comete, a menudo duele y se lamenta en el pecho.",Los Gigantes Del Vallenato,https://open.spotify.com/track/4HGxfvYaSIoX5nqBXaHjpJ
Urbana,El Farsante,"Quien simula una realidad, pero en el fondo es un engaño.","Ozuna, Romeo Santos",https://open.spotify.com/track/7uYgVgRSgqluZclLS7wpp4
Plancha,El Gato Que Está Triste y Azul - Un Gato Nel Blu,Un felino que refleja melancolía en tonos fríos.,Roberto Carlos,https://open.spotify.com/track/0X1XgxtHG9hULAw296CCgz
Tropical,El Grillero,Un sonajero al que le gusta la fiesta y no para de picar.,Proyecto Uno,https://open.spotify.com/track/37ws88i53kzULHGoip4u1h
Banda,El Idiota,"Aquel que actúa sin pensar, a menudo se deja llevar por el corazón.",Giovanny Ayala,https://open.spotify.com/track/74ArDrfRLPZ2Dajhn1pDK9
Banda,El Intenso,"Fuerte y lleno de fervor, algo que se siente y nunca se olvida.",Jhonny Rivera,https://open.spotify.com/track/65DUocb3eZpJHN5AsVgKmT
Vallenato,El Invierno Pasado,La estación fría que ya quedó en el recuerdo.,"Jorge Celedón, Jimmy Zambrano",https://open.spotify.com/track/11LPNeouMLQ3GZM4IUHPWF
Tropical,El Jardin Prohibido,"Un espacio verde del que no se debe disfrutar, lleno de secretos y encanto.",Alex Bueno y Su Orquesta,https://open.spotify.com/track/1YjAt7R7nD1galaCxYAlGC
Tropical,El Jardinero,Un cultivador que se dedica a hacer florecer lo que crece en la tierra.,Wilfrido Vargas,https://open.spotify.com/track/5O4a5RCYTJ452nsCuiPwtD
Urbana,El Jefe,"Quien lleva la batuta en un lugar de trabajo, siempre manda y decide.","Shakira, Fuerza Regida",https://open.spotify.com/track/5wjsJIUf6pdrwauPDae43o
Pop Latino,El lado oscuro,La parte de la sombra que todos preferimos ocultar.,Jarabe De Palo,https://open.spotify.com/track/3AR1c3Dssq51WlGGkuYJNj
Urbana,El Malo,El que se aleja de lo bueno y se adentra en lo negativo.,Aventura,https://open.spotify.com/track/217bRMES4HVbPdUe8l8ECN
Plancha,El Maniquí,"Un muñeco que no se mueve, pero que todos quieren imitar.",Sandro,https://open.spotify.com/track/3VN3vYr5Ez7kjx6th8U9U1
Tropical,El Mar y Yo,Una vasta extensión de agua y un compañero que siempre está contigo.,Pedro Conga,https://open.spotify.com/track/2PiHXARAQmoiU0aEait8Uz
Tropical,El Matrimonio,"Un lazo que une a dos, celebrado con alegría y sabor, pero no es un baile.",El Gran Combo De Puerto Rico,https://open.spotify.com/track/5iRpXTUqvHvgawV9aVy6d1
Plancha,El Me Mintio,Quien dice lo contrario de la verdad para engañarte y hacerte daño.,Amanda Miguel,https://open.spotify.com/track/3ggvjESj359A112JKygsy2
Plancha,Él Me Mintió,"Una declaración que no es cierta, hecha por quien decía sentir amor sincero.",Amanda Miguel,https://open.spotify.com/track/6lZ2Qk3WcmrG4iDmaEqpvH
Banda,El Mejor,"El máximo en su categoría, superior a todos los demás, es indiscutible.",Carín León,https://open.spotify.com/track/1XsQMbr6hkz7vzxPyw6Zhs
Banda,El Mejor Caballo,El equino más destacado en su categoría.,Yeison Jimenez,https://open.spotify.com/track/45dw1bEGRDbs8O1Vrw1qTe
Urbana,El Merengue,"Ritmo bailable que suena en fiestas, donde todos se levantan a moverse con alegría.","Marshmello, Manuel Turizo",https://open.spotify.com/track/5KbBVSj6AJZ5662fO8EYFh
Urbana,El Mismo Aire,"Respiramos el mismo elemento que nos rodea, aunque estemos a distancias distintas.",Camilo,https://open.spotify.com/track/3a29UVSEIj6x3YcfKs2rdi
Tropical,El Muñeco de la Ciudad,"Figurita que camina entre edificios, un ser que pertenece a un lugar urbano.",Bobby Valentin,https://open.spotify.com/track/2WL3ME4dKCpCIs8bWBhMnK
Tropical,El Negro Bembón,"Un hombre con características faciales prominentes, de piel muy oscura y encanto natural.",Ismael Rivera,https://open.spotify.com/track/2J5Hs4nDT46cmVqHk7YUwg
Plancha,El Niño y el Canario,"Un pequeño joven y un ave que canta, juntos en la vida, un dúo encantador.",Leonardo Favio,https://open.spotify.com/track/73g4pHWtdA5Bbshsb7Ctu9
Urbana,El Pañuelo,"Un pedazo de tela, a menudo usado en la cabeza o para secar lágrimas.","Romeo Santos, ROSALÍA",https://open.spotify.com/track/7jfmlr5W2AQWUGLVhT8ofl
Urbana,El Perdedor,"Quien sufre en una competencia amorosa, termina siendo aquel que no logra ganar.",Aventura,https://open.spotify.com/track/27ze5t5tIDPlVits0KRbxT
Urbana,El Perdedor,"El que sufre tras una derrota, siente el peso de la tristeza en su ser.",Maluma,https://open.spotify.com/track/1iEwyiSLAunPR6uouANE0O
Urbana,El Perdón (with Enrique Iglesias),Un perdón por lo que quedó sin resolver entre dos corazones.,"Nicky Jam, Enrique Iglesias",https://open.spotify.com/track/7qCAVkHWZkF44OzOUKf8Cr
Banda,El Precio de Tu Error - En Vivo,¿Cuánto cuesta equivocarse en el amor cuando la culpa no es solo tuya?,Luis Alfonso,https://open.spotify.com/track/45DhsSxAU4rENWHUfaZedt
Pop Latino,El Problema,Lo que surge cuando algo no sale como esperábamos.,Ricardo Arjona,https://open.spotify.com/track/4xOH4JowajfqHegIJ07EJV
Urbana,EL REY DE LO IMPERFECTO,"Soberano de lo que carece de perfección, aunque brilla con su propia luz.",Daddy Yankee,https://open.spotify.com/track/4hgd5aoPFWEexRQLEep1rO
Banda,El Rey Del Chupe,Soberano de la bebida que lleva un toque de sabor a mar.,Jhon Alex Castaño,https://open.spotify.com/track/0Z8OH5NjceP2zuAdGMb5K0
Vallenato,El Siniestro De Ovejas,Un evento trágico relacionado con animales de granja que suelen pastar.,Binomio de Oro de América,https://open.spotify.com/track/3aRcbvbLPQwNoLLgGipuEv
Pop Latino,El Sol No Regresa,"Astro que ilumina, pero no vuelve al punto de inicio.",La Quinta Estacion,https://open.spotify.com/track/2awKQgW88iq9jFM54VaCAp
Urbana,El Teléfono,"Un dispositivo que conecta voces a distancia, pero que puede resultar muy confuso.","Héctor ""El Father"", Wisin & Yandel",https://open.spotify.com/track/614NVFo5csQqRnryl4jXs2
Plancha,El Triste,Un estado emocional profundo que acompaña a una pérdida significativa.,José José,https://open.spotify.com/track/6HgUhIiqCepGzgb4nuses6
Tropical,El Triste,Una emoción profunda que siente un corazón al perder algo querido.,Eddie Santiago,https://open.spotify.com/track/0KZTiDXaszX5AB0eaJ9Y7z
Tropical,El Tun Tun De Tu Corazón,Un sonido rítmico que acompaña a lo que palpita en tu pecho.,Orquesta La Palabra,https://open.spotify.com/track/6azINcp9xhWaTk1f5bkfQL
Banda,El Último No,"El final de una serie de despedidas, donde siempre queda uno más.",Jessi Uribe,https://open.spotify.com/track/3vI0xU761yZp8Lz4ZvIFpC
Urbana,El Voldemor,"Un apodo que lleva miedo, ni nombre tiene, solo su sombra queda.",Juan Duque,https://open.spotify.com/track/68eRrgeRSCw571y4E2cr0F
Urbana,Electrica,"Energía vibrante que hace latir tu ser, la corriente que despierta la pasión.","Wisin & Yandel, Gadiel",https://open.spotify.com/track/3iZCGJKeLgSDQyWUrLklGa
Urbana,Ella,Una pronombre femenino que brilla con su propia luz.,Boza,https://open.spotify.com/track/66S2z95FN3nUAr9S1gUIsp
Urbana,Ella - Remix,Una pronombre en femenino que también puede referirse a una figura central.,"Boza, Lunay, Lenny Tavárez, Juhn, Beéle",https://open.spotify.com/track/7iHHlCbsFou5DZSW5HCPfs
Vallenato,Ella Era Todo,Una mujer que representaba la totalidad de mis sentimientos y anhelos.,Los inquietos del vallenato,https://open.spotify.com/track/1MldC2AUalcu3fYRFHalHS
Tropical,Ella Es,Una femenina que brilla con su propia luz y se destaca entre todas.,Tony Vega,https://open.spotify.com/track/78PzB8BttzQD3nHN8QOJTU
Tropical,Ella Feat. Luis Enrique,La que se siente al ver que alguien brilla y despierta emociones.,Hansel Y Raul,https://open.spotify.com/track/3CXhO7ZR4kZ0n5dW3v3ACK
Urbana,Ella Me Levanto,"Una mujer que cambia tu estado, elevándote por encima de lo cotidiano.",Daddy Yankee,https://open.spotify.com/track/3AZXqe3LGCFD4r6YFJgaK3
Urbana,Ella Me Mira (Hype Intro Remix),"Una observadora que fija su atención en mí, capturando cada instante.",La Nueva Escuela,https://open.spotify.com/track/1WSWsRrqqwKrW0MGVWlWDD
Tropical,Ella Mintio,"Una dama engañó, su promesa se desvaneció en el aire como un susurro.",Héctor Lavoe,https://open.spotify.com/track/38jXpd3MWsq9HYdJTBCAvT
Urbana,Ella Quiere Beber - Remix,Una dama anhela disfrutar de una bebida alcohólica en compañía.,"Anuel AA, Romeo Santos",https://open.spotify.com/track/2cYnZNzFRFK0H7vSNxPsUq
Tropical,Ella Se Hizo Deseo,"Un cambio en un deseo, donde ella se transforma en algo irresistible.",Tito Rojas,https://open.spotify.com/track/60T9E5dxb4076R7fv3Njjo
Tropical,Ella y Tu,"Una dama y un compañero, ambos en un mismo destino.",Juan Manuel Lebron,https://open.spotify.com/track/5FXvmoRdm4AmZKcMnNwpWu
Urbana,Ella Y Yo - Featuring Don Omar,"Dos protagonistas, un lazo complicado; cada uno tiene su propia historia y secreto.","Aventura, Don Omar",https://open.spotify.com/track/6G4U9avyBNEfP0fAIduev3
Plancha,"Ella...Ella Ya Me Olvidó, Yo la Recuerdo Ahora","Una mujer que se ha ido, y en mi mente persiste su memoria.",Leonardo Favio,https://open.spotify.com/track/2IG7Gl8zcAJiYcZBKMvdWD
Banda,Ellas Así Son,Son féminas que presentan un carácter que a veces resulta difícil de entender.,"Jessi Uribe, Espinoza Paz",https://open.spotify.com/track/2Ms9XoE9VP7RnaVsI5Wswh
Banda,Empecemos de Cero (Nueva Versión),"Iniciemos de nuevo, dejando atrás todo lo vivido.","Jhonny Rivera, Lady Yuliana",https://open.spotify.com/track/0Wf3yEjUOKzdxMeOlxGfzC
Pop Anglo,Empire State Of Mind,Una metrópoli donde los sueños alcanzan nuevas alturas y brillan con luz propia.,"JAŸ-Z, Alicia Keys",https://open.spotify.com/track/2igwFfvr1OAGX9SKDCPBwO
Banda,EN ALTAVOZ,Un dispositivo que amplifica el sonido desde una posición elevada.,"Grupo Frontera, Junior H",https://open.spotify.com/track/1EKZmfqveHKe78Isfk07w4
Vallenato,En Carne Propia,Un sufrimiento tan intenso que puedes sentirlo como parte de ti mismo.,Silvio Brito Y Osmel Meriño,https://open.spotify.com/track/62Lhuw1ui47VHfvd7JxCKt
Tropical,En Defensa Propia,"Actuar sin esperar el permiso de otros, para proteger lo que sientes.",Alex D'Castro,https://open.spotify.com/track/0jtdGFqLiXnyUiRaKmz0CO
Pop Latino,En El Muelle de San Blas,Donde las olas se encuentran con la tierra en un lugar específico de un puerto famoso.,Maná,https://open.spotify.com/track/0mvocLIWUnT10znvIXwHGr
Urbana,En La Cama,"Un lugar cómodo y suave donde descansar, quizás en compañía.","Nicky Jam, Daddy Yankee",https://open.spotify.com/track/0smQWysb4n7WOVGv5YMLnF
Tropical,En La Intimidad,Un lugar privado donde los dos pueden estar cerca sin distracciones del exterior.,Willie Gonzalez,https://open.spotify.com/track/4oIP3qDfZDdqYXa6ConXCe
Banda,En La Misma Cama,"Dos cuerpos en un lugar compartido, aunque el espacio no sea el mismo.",Carín León,https://open.spotify.com/track/4mknaB6EEmN3noSR71073a
Urbana,En Otra Vida,Un periodo distinto donde el tiempo y el destino se entrelazan de nuevo.,"Kei Linch, Almanegra, La Loquera",https://open.spotify.com/track/0KG2rTLTb6riEQiBI1fsHr
Urbana,En Otra Vida,"Una existencia diferente, donde el tiempo y el destino se cruzan de nuevo.","Yami Safdie, Lasso",https://open.spotify.com/track/5U5Wz0jyq5ULNfCjf3TaJF
Banda,En Otra Vida - Con Carin Leon,"Un momento alternativo a este, donde los caminos se cruzan nuevamente.","Yami Safdie, Lasso, Carín León",https://open.spotify.com/track/7GDeMqjePrVZ9O6d3HqKZU
Urbana,En Privado,Espacio restringido para compartir lo que no se debe mostrar.,"Xavi, Manuel Turizo",https://open.spotify.com/track/2SkB7jADnfiWH8qAE9H8cO
Banda,En Que Falle,"¿Qué error cometí en nuestra conexión, que provocó esta separación?",Los Tigres Del Norte,https://open.spotify.com/track/3l1M5LaRpIGr6I5xMXf6Ex
Urbana,En Su Nota,"Una melodía que se siente armoniosamente en el aire, envolviendo el alma.","Don Omar, Mackie Ranks",https://open.spotify.com/track/3YT1coaqAGWLRBIBJOu8AN
Urbana,En Tu Boca El Humo Me Sabe Mejor,El vapor que desprenden tus labios tiene un sabor que supera a cualquier otro.,"Nanpa Básico, DFZM",https://open.spotify.com/track/4aP7c3XvK1QPX5ru1Xcnyv
Tropical,En Tu Camino,La ruta que debes seguir para alcanzar tus sueños.,Orquesta Sabotaje,https://open.spotify.com/track/7BdsIeaQNlCh5FNvEVSJqJ
Tropical,Enamorada,Sentimiento profundo que te hace ver el mundo a través de corazones.,Grupo Niche,https://open.spotify.com/track/7pFSymHAQO021YmaKCVDoC
Pop Latino,Enamorándonos,Sentimientos floreciendo entre dos corazones que se eligen en su travesía.,Cabas,https://open.spotify.com/track/0hToRwOyIHYlcJ2gm8KsKH
Plancha,Enamorarte de Mí,Sentir un dulce apego hacia alguien que no es el reflejo de uno mismo.,Camilo Sesto,https://open.spotify.com/track/22PKsGbB3DI3u4UPtYefvo
Urbana,Encantadora,Un ser mágico que cautiva y seduce con su belleza.,Yandel,https://open.spotify.com/track/7LABrQFfRYcZUqUwng0Heb
Urbana,Enemigos,"Contrarios que no desean lo mismo, siempre en batalla, pero sin ser rivales directos.","Ozuna, Beéle, Ovy On The Drums",https://open.spotify.com/track/3xmVgE8I6lDQEP2qRaLoG2
Urbana,Enseñame a Olvidar,Un deseo de desaprender el recuerdo de lo que ya no es.,Aventura,https://open.spotify.com/track/79MlVxKj43tDISSISiVHJM
Vallenato,Enséñame a Olvidar,Instruyeme sobre cómo borrar memorias que duelen.,Los Infieles Del Vallenato,https://open.spotify.com/track/7bCSjONzoDNMP35V0hDKhp
Pop Latino,Entra en Mi Vida,Un llamado a que alguien especial cruce el umbral de tu existencia.,Sin Bandera,https://open.spotify.com/track/2h0iSG7htO0V4IvuwbTBf3
Vallenato,Entre Amigos,Un vínculo cercano que se forma en buena compañía.,Los Gigantes Del Vallenato,https://open.spotify.com/track/5cZSOLRlo83lM8xJKIieQt
Banda,Entre Comillas,Un espacio delimitado donde pueden encontrarse pensamientos o diálogos.,Darío Gómez,https://open.spotify.com/track/6HhOgGZWmN5DqqsdJGfhUK
Banda,Entre Comillas - En Vivo,Una frase que se usa para destacar algo importante en el habla.,Luis Alfonso,https://open.spotify.com/track/6KQhHyJrk7hOfVsbY5GQMD
Vallenato,Entre el Cielo y la Tierra,Un lugar donde los mortales sueñan con lo que está más allá.,"Los Chiches Vallenatos, Osmar Pérez",https://open.spotify.com/track/0Zn1VojIT6n3er7quzMtOm
Tropical,Entre La Espada y La Pared,"Situación difícil, rodeado por dos extremos sin salida.",Nino Segarra,https://open.spotify.com/track/2UpoA15YFW9ItA8BjXUOJg
Tropical,Entrega,"Lo que se da con pasión, sin reservas ni condiciones.",Grupo Niche,https://open.spotify.com/track/25ctEUXPIZD2Wb9l57tgA1
Urbana,ENTRÉGAME,"Devuélveme lo que me diste, como si entre tus manos estuviera mi corazón.","Chino & Nacho, Chyno Miranda, Nacho, Danny Ocean",https://open.spotify.com/track/1row4dtcgQr36V5J5IaylU
Vallenato,Entregame Tu Amor,"Súplica por el afecto que te ofrezco, pide mi cariño sin reservas.",Los inquietos del vallenato,https://open.spotify.com/track/0KR2dfNLJJCmObaAc5r1f7
Urbana,EoO,"Un sonido festivo que invita a levantarse, seguido de la última letra del abecedario.",Bad Bunny,https://open.spotify.com/track/6J5kc12BW5HuP3d7C3vvx8
Tropical,Equivocada,Un error en el camino que nos lleva a la confusión.,Pedro Conga,https://open.spotify.com/track/1GsawwSxCoWdFLFPnmiDdq
Tropical,Era Mentira,"Una afirmación que resulta ser engañosa, un engaño disfrazado de verdad.",Rikarena,https://open.spotify.com/track/5HsglGvMFQvP0wEupHBRV3
Pop Latino,Eres,"La esencia de tu ser, el motivo de mi alegría.",Café Tacvba,https://open.spotify.com/track/6kdCN6gTWLcLxmLXoUcwuI
Tropical,Eres,"La esencia de alguien que ilumina mis días, sin necesidad de más palabras.",Grupo Niche,https://open.spotify.com/track/1aBJ5ljG2GalxEl01vQn04
Banda,Eres Mi Droga,Te necesito más que a una sustancia adictiva que me hace sentir completo.,"Grupo Dominio, Jessi Uribe, Gency Ramírez",https://open.spotify.com/track/4SSFGltJhiqyvSA0wPWCo6
Urbana,Eres Mía,"Aquel que pertenece a alguien, que no se puede compartir.",Romeo Santos,https://open.spotify.com/track/6I86RF3odBlcuZA9Vfjzeq
Tropical,Eres Tu,La esencia de alguien que hace sentir que todo tiene sentido.,Cano Estremera,https://open.spotify.com/track/1jmC8vpTRlfJZc5UqywFTD
Plancha,Eres Tú,"Definitivamente, la persona que se siente especial en el corazón de alguien.",Mocedades,https://open.spotify.com/track/08HeIb9BidFjKROf9ptln0
Vallenato,Es Dolor,Un sentimiento intenso que acompaña a las penas del corazón.,Omar Geles,https://open.spotify.com/track/4YgZDUVyWaNPwwHFPZFURi
Tropical,Es Mi Mujer,"A quien tengo en mi vida la considero única y especial, como un regalo eterno.",Tito Rojas,https://open.spotify.com/track/1A77GFUHMnQW1U6Z9pejg1
Pop Latino,Es Por Ti,"La razón que ilumina mis días, sin ti, no hay un ayer.",Juanes,https://open.spotify.com/track/3b1IQflSLrgzYQPGFzI9cl
Urbana,Es Un Secreto,"Un misterio guardado entre susurros, que no se revela a voces.",Plan B,https://open.spotify.com/track/1AddbBdKFz8wdqatGVSsYS
Tropical,Esa,"Una prenda que llevas puesta, pero también puede referirse a un sentimiento intenso.",Willie Gonzalez,https://open.spotify.com/track/3Y3gFFwT5HpChUxdyfC0oq
Vallenato,Esa,Una pronombre que indica pertenencia y una palabra que señala un adjetivo que describe a algo distante.,Binomio de Oro,https://open.spotify.com/track/5BHKpCV5UiIPTAp7JCrsX5
Tropical,Esa Mujer,"Dama que influye en el corazón, causando suspiros y deseos profundos.",Tony Vega,https://open.spotify.com/track/2GBTcQdwU4pEEreRvAQkqI
Tropical,Esa Mujer,"El ser que se destaca entre todas, con un encanto que la hace única.",Mariano Civico,https://open.spotify.com/track/6rtgF97rwUphXgtsHaUbvo
Tropical,Esa Niña,Una joven que provoca suspiros y sonrisas en quienes la ven.,Jerry Rivera,https://open.spotify.com/track/5EUxyA4nqOjPTuykdXTIZF
Plancha,Esa Pared,"Una barrera entre dos, que a veces separa corazones.",Leo Dan,https://open.spotify.com/track/2D7QsEzkNUzzFKqIFmvXcY
Urbana,"Escápate Conmigo (feat. Ozuna, Bad Bunny, De La Ghetto, Arcángel, Noriel & Almighty) - Remix","Aprovecha el momento, huye juntos de la realidad y vive la aventura.","Wisin, Ozuna, Bad Bunny, De La Ghetto, Arcángel, Noriel, Almighty",https://open.spotify.com/track/5YY7ht3PCArlLjLbcTiAvh
Urbana,Escápate Conmigo (feat. Ozuna),"Huye a mi lado, dejemos atrás el mundo y nuestras preocupaciones.","Wisin, Ozuna",https://open.spotify.com/track/1KSqYYJFyfTecXFk9M0prc
Tropical,Escapémonos - Salsa Version,Huya de la rutina y déjese llevar a un lugar sin preocupaciones.,"Marc Anthony, Jennifer Lopez, Sergio George",https://open.spotify.com/track/4oGs2MK6C35jMJhaT151yg
Tropical,Escombros,"Restos de algo que alguna vez fue un todo, ahora reducido a fragmentos dispersos.",La Suprema Corte,https://open.spotify.com/track/5gQ1Awb32cPEnpe7XaSXKE
Tropical,Escombros,"Fragmentos que quedan tras la destrucción, vestigios de lo que solía ser.",Juan Carlos Alfonso y La Dan Den de Cuba,https://open.spotify.com/track/5SjqJYh6TgdyYaLK1mBe8m
Vallenato,Escuchame,"Presta atención a lo que digo, quizás encuentres la respuesta en mis palabras.",Los Diablitos,https://open.spotify.com/track/3PKb0jkeptcJoXnk5vWJUa
Tropical,Ese Día,"Un momento específico que se recuerda con alegría, abrazando lo que se vivió.",Grupo Niche,https://open.spotify.com/track/5IQIEFwti3K4syYXsHZu9H
Banda,Ese Vato No Te Queda,"Alguien que no encaja en tu vida y no resalta, por más que lo intentes.","Carín León, Gabito Ballesteros",https://open.spotify.com/track/4Ndjd6DhKIC5IPoBIrMQuX
Tropical,Eso Se Baila Así,"Movimientos al ritmo que se disfrutan en el baile, con un toque especial.","Willie Colón, Héctor Lavoe",https://open.spotify.com/track/6idJ1C13ztOwTWnvipyTcV
Plancha,Eso Y Más,Lo que hay y otros elementos adicionales que podrías desear.,Joan Sebastian,https://open.spotify.com/track/7HW5tUjaKxBUamSi7nnzPt
Tropical,Esos Ojitos Negros,"Miradas que atrapan, pero en un tono oscuro y profundo.",El Gran Combo De Puerto Rico,https://open.spotify.com/track/0rjZnZyqRc95UlV4lQNhxn
Urbana,Esperándote,"En la acción de anhelar tu regreso, estoy aquí, mientras el tiempo pasa.",Manuel Turizo,https://open.spotify.com/track/6DPp7xKJ4WS71HldGA038M
Tropical,Esposa,"La compañera de vida, atada por el amor y el compromiso.",Tony Vega,https://open.spotify.com/track/57WDm0gXEa4l00RoCHfHc0
Vallenato,Esposa Mía,La compañera que se elige para compartir la vida y el corazón.,"Otto Serge, Rafael Ricardo",https://open.spotify.com/track/1KM7OeHdXgJlgl4OgzEscB
Tropical,Esta Cobardia,"El miedo a enfrentar lo que sientes, te lleva a esconder tus sentimientos.",Frankie Ruiz,https://open.spotify.com/track/0YflRaQGpn2ouitdYTMRvh
Tropical,Esta Manera Tan Loca,Una forma muy peculiar de actuar que desafía la razón.,"YUTHO, Yuri Toro",https://open.spotify.com/track/0dZaVMIRIZToG7Oe7DpzLc
Urbana,Esta Noche,Momento en el que el sol se oculta y las estrellas brillan.,"Mike Bahía, Greeicy",https://open.spotify.com/track/4vhkI8x68EaGQR3Kn7Pwhc
Tropical,Esta Pegao,"Cuando algo se adhiere con fuerza, eso significa que está... ",Proyecto Uno,https://open.spotify.com/track/7f698P4uIhoNM4E3XkgvL3
Urbana,Estamos Perdiendo el Tiempo,Un periodo que se escapa entre los dedos y una sensación de horas que no vuelven.,"Caracol Televisión, David Botero",https://open.spotify.com/track/5dGRw0gvI3SyiYDyp6Qq3Y
Tropical,Estamos Solos,"En este momento, no hay compañía a nuestro alrededor.",Rey Ruiz,https://open.spotify.com/track/1icDiNNUdGBp51jNLPbeFO
Urbana,Estar Enamorado,Sentirse profundamente afectado por alguien especial en cada rincón del corazón.,Golpe a Golpe,https://open.spotify.com/track/2RFDO2apMKOOytAWsNHmyH
Plancha,Este hombre no se toca,Aquel varón que no se debe acercar jamás.,Rocio Banquells,https://open.spotify.com/track/047T2fSx1eNiRbCNztIAhL
Tropical,Este Loco Que Te Mira,Un individuo curiosamente desquiciado que observa tu belleza de cerca.,Marc Anthony,https://open.spotify.com/track/5TrVQXTSUdfBgBLcCrZoIA
Urbana,Estoy Enamorado,Un estado profundo de sentir que se ilumina el corazón.,Wisin & Yandel,https://open.spotify.com/track/4JyacVQ1oCFXpnZkDuH5x4
Pop Anglo,Every Breath You Take,"Cada inspiración y exhalación que realizas, tengo un ojo en cada uno de esos momentos.",The Police,https://open.spotify.com/track/1JSTJqkT5qHq8MDJnJbRE1
Pop Anglo,Everybody Wants To Rule The World,"Quien desea gobernar, desea tener el control sobre todo lo que lo rodea.",Tears For Fears,https://open.spotify.com/track/2YiCMmONQcoMPX2bV1LxE0
Tropical,Evitare (feat. Víctor Manuelle),"Una promesa de no permitir que algo ocurra, aunque duela.","N'Klabe, Víctor Manuelle",https://open.spotify.com/track/0PWRGshVfRP3VSNprnMuwj
Pop Anglo,Exchange,"Intercambiar, pero no bienes, sino lo que sientes por alguien.",Bryson Tiller,https://open.spotify.com/track/43PuMrRfbyyuz4QpZ3oAwN
Urbana,Exclusivamente Mia,"Debido a mis deseos, este espacio es solo para mí.",Lefty Perez,https://open.spotify.com/track/1i2hRhYOg3hhW4AS9q2usj
Urbana,Extrañándote (feat. Zion & Lennox),"Sintiéndome vacío por tu ausencia, el dolor de la distancia me consume.","Maluma, Zion & Lennox",https://open.spotify.com/track/40kh4oBp5jEgdMN4WhvtCN
Tropical,Extraño Tu Amor,Anhelo profundo por aquello que añoramos de alguien que ya no está.,Guayacán Orquesta,https://open.spotify.com/track/5g8Tldib7UmXV3ykMRbfdb
Pop Anglo,Eye of the Tiger,La mirada de un felino que se enfrenta a la adversidad.,Survivor,https://open.spotify.com/track/2KH16WveTQWT6KOG9Rg6e2
Vallenato,Fábula de Amor,Historia de sentimientos que enseñan lecciones en cada giro del corazón.,"Los Chiches Vallenatos, Amin Martinez",https://open.spotify.com/track/1ua7dvB1sVeCUQRsdspqCj
Pop Anglo,Fallin',Siento que estoy en un ciclo de subir y bajar en el amor.,Alicia Keys,https://open.spotify.com/track/0KQx6HOpJueiSkztcS0r7D
Pop Anglo,Fallin' All In You,Desplomándose por completo en el cariño hacia ti.,Shawn Mendes,https://open.spotify.com/track/5EYBryPOgIEPB7r5QIy6eG
Tropical,Falsaria,"Una persona que engaña, pero a veces lo hace con una sonrisa encantadora.",El Gran Combo De Puerto Rico,https://open.spotify.com/track/0JFcsyxPoqa4ItoVFefzPJ
Urbana,Familia,Un grupo de seres unidos por la sangre o el cariño.,"Caracol Televisión, David Botero",https://open.spotify.com/track/6rTTULWwFWf5jhQ9Smlb13
Urbana,Fanática Sensual,Una admiradora apasionada e intensa que siente un deseo sin límites.,Plan B,https://open.spotify.com/track/5ZFpEsxK5VlLkJi3v7ar2Y
Urbana,Fanatica Sensual (Remix) [feat. Nicky Jam],Aficionada intensa a lo que despierta pasiones y amor desenfrenado.,"Plan B, Nicky Jam",https://open.spotify.com/track/0g5hYBXI9uWcEUfZV7HsYP
Tropical,Fantasia,"Un sueño de colores que parece irreal, donde la imaginación no tiene límite.",Grupo Galé,https://open.spotify.com/track/4QUrdo394fofqroy7txpBX
Tropical,Fantasia Herida,Un sueño adolorido que nunca deja de brillar en la memoria.,Erick Franchesky,https://open.spotify.com/track/57YF2sAAoUZqp3gI2rrtRr
Urbana,Fantasias,"Imaginaciones que juegan en la mente, a menudo inalcanzables y llenas de deseo.","Rauw Alejandro, Farruko",https://open.spotify.com/track/6mAN61JH0dzyZpWslS11jy
Urbana,Fantasma,"Un ser que no puede ser tocado, pero cuya esencia se siente en la oscuridad.",Zion,https://open.spotify.com/track/0qtmSv1LAqAD63ApakCUuz
Tropical,Fantasma,"Un ser etéreo que habita en la penumbra, a menudo recordado pero nunca visto.",Son De Cali,https://open.spotify.com/track/4Rxy0TpRlxtvIHq3GJxnQD
Pop Anglo,Fantasy,Sueños idealizados que a veces parecen más reales que la vida misma.,Mariah Carey,https://open.spotify.com/track/6xkryXuiZU360Lngd4sx13
Urbana,Favorito,"El elegido entre muchos, aquel que hace latir el corazón con fuerza.",Camilo,https://open.spotify.com/track/0Snbzbd74RLfL0i4nn1vU5
Pop Anglo,Feel,Siente esa emoción intensa que a veces nos envuelve por completo.,Robbie Williams,https://open.spotify.com/track/3fT9nfnv5uLyPsx6ymre7z
Pop Anglo,Feel So Close - Radio Edit,La sensación que te invade cuando estás cerca de alguien especial.,Calvin Harris,https://open.spotify.com/track/1gihuPhrLraKYrJMAEONyc
Pop Anglo,Feeling Good,Un estado de ánimo positivo y una expresión de bienestar al inicios de un día.,Michael Bublé,https://open.spotify.com/track/6lRU3pKjNnSI9svHzznkC6
Urbana,Felices los 4,"Cuando la alegría se multiplica por cuatro, nada puede detener la celebración.",Maluma,https://open.spotify.com/track/1RouRzlg8OKFeqc6LvdxmB
Urbana,Felices los 4 (feat. Marc Anthony) - Salsa Version,"Un estado de alegría compartido, incluso cuando hay despedidas, el número cuatro nos acompaña.","Maluma, Marc Anthony",https://open.spotify.com/track/6PNG5G1v7pU74I13KkvAIo
Urbana,Felina,Mujer salvaje que caza sentimientos en la noche.,Hector & Tito,https://open.spotify.com/track/7q3LolFezXFZttcirStxsD
Urbana,Feliz Cumpleaños Ferxxo,Un día especial para celebrar la llegada al mundo de alguien querido.,Feid,https://open.spotify.com/track/2CeKVsFFXG4QzA415QygGb
Banda,Fiebre de Amor,Un intenso ardor que se siente por alguien especial en el corazón.,Darío Gómez,https://open.spotify.com/track/1NPKkElRuPSFFEaFIxEb6L
Urbana,Final feliz,"Un desenlace que trae alegría, donde todo termina de la mejor manera posible.",KAROL G,https://open.spotify.com/track/3Oiirh2007ZHkNQtzEI1vH
Pop Anglo,Finesse - Remix; feat. Cardi B,"Un toque especial que realza lo bueno, lo que le da un brillo extra a la fiesta.","Bruno Mars, Cardi B",https://open.spotify.com/track/3Vo4wInECJQuz9BIBMOu8i
Pop Anglo,Fix You,Reparar a alguien significa ofrecer solución en sus momentos más oscuros.,Coldplay,https://open.spotify.com/track/7LVHVU3tWfcxj5aiPFEW4Q
Pop Latino,Flaca,"Delgada en su ser, pero llena de historias que a veces no se ven.",Andrés Calamaro,https://open.spotify.com/track/1p7m9H4H8s0Y7SgRm7j3ED
Plancha,Flor Dormida,"Una planta que se ha entregado al sueño profundo, esperando el despertar de un nuevo amanecer.",Luis Angel,https://open.spotify.com/track/5qXJCO7OaOSj5OB46kOE4w
Tropical,Flor Pálida,"Una planta con pétalos tenues, que puede simbolizar delicadeza o tristeza.",Marc Anthony,https://open.spotify.com/track/47TyfLrGhYHHyyQWk64d0M
Urbana,Flow Gangsteril,La actitud de un mafioso que deslumbra en cada paso y con ritmo avanza.,Daddy Yankee,https://open.spotify.com/track/56Wm4FC8snVRpF6vYseJ9A
Pop Anglo,Fly As Me,"Levita junto a mí, como un pájaro en el aire, sintiendo la libertad.","Bruno Mars, Anderson .Paak, Silk Sonic",https://open.spotify.com/track/7GuP2hQO9oprADjY3gRhCT
Pop Anglo,Fool For You,"Engañado por el cariño, cuando piensas que todo es perfecto pero te atrapan los sentimientos.",Snoh Aalegra,https://open.spotify.com/track/0GGSPe4DC0qkKyFb9Erao5
Urbana,For u My lova,"Para ti, mi cariño, un tributo de devoción en forma de melodía.",KAROL G,https://open.spotify.com/track/1K17D7gMrxJDz3EA7W0Q72
Pop Anglo,FourFiveSeconds,"Un par de horas más tres, en un momento crucial de decisiones.","Rihanna, Kanye West, Paul McCartney",https://open.spotify.com/track/78TTtXnFQPzwqlbtbwqN0y
Tropical,Fracaso,Un desenlace que no cumple las expectativas.,Juan Carlos Coronel,https://open.spotify.com/track/32tsyB8clEHUhbAqNzyzGL
Pop Anglo,Free Fall (feat. J. Cole),"Una caída sin restricciones, donde la gravedad no tiene control sobre ti.","Tems, J. Cole",https://open.spotify.com/track/3cuUZnjDwk4cUJCFinYbAC
Pop Latino,Frente a Frente,"Una posición de confrontación, donde dos miradas se cruzan de manera intensa.",Jeanette,https://open.spotify.com/track/38sK8PSXXgZMLZujwgvNUH
Urbana,frente al mar,Observa el horizonte donde el océano se encuentra con el cielo.,Beéle,https://open.spotify.com/track/60u6hcpH5Qm1M3xESdNBrB
Plancha,Fresa Salvaje,"Fruto dulce y rojo, que a veces se encuentra en estado natural, en prados lejanos.",Camilo Sesto,https://open.spotify.com/track/6yz1evbd2fnW6ledxf2R0D
Tropical,Fria,"Temperaturas que descienden, donde el calor del cariño ya no está presente.",Sergio Vargas,https://open.spotify.com/track/2Nfvdsj11PjSpHIKiTuc8Q
Pop Anglo,Friends (with BloodPop®),"Aliados en la vida, pero en este caso, no se trata de amor.","Justin Bieber, BloodPop®",https://open.spotify.com/track/7iNIg7XDEaYECfWD5dJ9Va
Urbana,FRIKI,Una persona que es un poco excéntrica o que se sale de lo común.,"Feid, KAROL G",https://open.spotify.com/track/2WrqTrNIHqfcMCgmEo0A7E
Tropical,Frío en Mí,"Una sensación helada adentro, como si el clima se metiera en tu interior.",Los Alfa 8,https://open.spotify.com/track/3Q5k5BYXSTEFu9TdfvBFjA
Pop Anglo,Fu-Gee-La,Una mezcla de amigos y una melodía que te transporta a un nuevo lugar.,"Fugees, Ms. Lauryn Hill, Wyclef Jean, Pras",https://open.spotify.com/track/1rJM37Dd4OcSJvzI84yCcP
Tropical,Fue Tan Fácil,Lo que parecía un paseo simple terminó convirtiéndose en un recuerdo ligero.,Tito Gomez,https://open.spotify.com/track/1gHR45X8akWBfgeqqQzXjl
Tropical,Fuego En El 23,Llama ardiente en un número que representa algo significativo en el calendario.,"Sonora Ponceña, Luigui Gomez, Tito Gómez",https://open.spotify.com/track/5EX3Q9GWGMtvvugQFkNTUb
Urbana,Fuera del mercado,Un estado en el que ya no estás disponible para compras.,Danny Ocean,https://open.spotify.com/track/1UdzJEpgJxtuXAlCOvD4S0
Tropical,Fui la Carnada,Ahora soy el anzuelo que fue consumido por el deseo.,Tony Vega,https://open.spotify.com/track/74IyVgziATVZoGOjkymiVn
Plancha,Fuiste Mía un Verano,El tiempo que pasaste a mi lado se siente como una estación calurosa.,Leonardo Favio,https://open.spotify.com/track/2pK7tq9N5Yr7w9gZbWpNxe
Pop Latino,Fuiste Tú,Aquel que hizo la maldad y el que sufrió por su partida.,"Ricardo Arjona, Gaby Moreno",https://open.spotify.com/track/7J6IYudWsxHy3stN5aMKSN
Pop Anglo,fukumean,"Un estado de aquel que no siente ni ve lo que lo rodea, en una vibrante corriente.",Gunna,https://open.spotify.com/track/4rXLjWdF2ZZpXCVTfWcshS
Pop Anglo,Funkytown,Un lugar lleno de ritmo y movimiento que hará que bailes hasta el amanecer.,Lipps Inc.,https://open.spotify.com/track/37yIrMPeJYRm7zJ8rr3Uvv
Urbana,Ganas De Verte,Deseo ferviente de estar en tu presencia.,J Balvin,https://open.spotify.com/track/15IszJQQHRq8xwYt5MDPo4
Urbana,Gangsta Zone,"Un lugar donde los duros se sienten en casa, en el barrio que conocen bien.","Daddy Yankee, Snoop Dogg",https://open.spotify.com/track/63EUazcgjxTf3nKzgYXe4d
Urbana,Gasolina,El combustible que aviva el fuego del ritmo en la pista.,Daddy Yankee,https://open.spotify.com/track/6jEZLz3YpnEBRpVkv35AmP
Pop Anglo,"Get Here - Recorded At RAK Studios, London","Llega a este lugar donde el deseo te espera, sin importar la distancia.",Sam Smith,https://open.spotify.com/track/6hPlYSx7wsnDE48NypYeuT
Pop Anglo,Get Lucky (feat. Pharrell Williams and Nile Rodgers),Podría ser el momento ideal para encontrar una buena fortuna.,"Daft Punk, Pharrell Williams, Nile Rodgers",https://open.spotify.com/track/66xHyI6ITToQPm7PdOzIyn
Urbana,Get Right,"Corrige tu rumbo y alínea tu camino, ¡es hora de actuar con los mejores pasos!",Jennifer Lopez,https://open.spotify.com/track/3jVSV60WZE5jPE2a6KGNFy
Pop Anglo,Girl I'm Gonna Miss You - US Single Version,La joven que me va a hacer falta cuando ya no esté a su lado.,Milli Vanilli,https://open.spotify.com/track/122vb6LtwACmfBIWpwmN1w
Pop Anglo,Girl on Fire,"Una joven que brilla intensamente, como una llama en la oscuridad.",Alicia Keys,https://open.spotify.com/track/4esOae7i4rqTbAu9o5Pxco
Pop Anglo,Girls Just Want to Have Fun,Las jóvenes solo buscan disfrutar y dejarse llevar en la vida.,Cyndi Lauper,https://open.spotify.com/track/4y1LsJpmMti1PfRQV9AWWe
Pop Anglo,Girls Like You,Las chicas que prefieren momentos dulces y cercanos a su lado.,Maroon 5,https://open.spotify.com/track/7npLlaPu9Mfno8hjk5OagD
Pop Anglo,God Was Showing Off,Un ser supremo haciendo alarde de su grandeza ante la mirada atenta de todos.,Bruno Mars,https://open.spotify.com/track/1sVBT215CDmVJvfy1E2OCU
Pop Anglo,GOOD FEELiNGS,Una vibración positiva que nace en lo más profundo de tu ser.,"Coldplay, Ayra Starr",https://open.spotify.com/track/65wzicJctsW9GwnTnLWxQO
Tropical,Gotas de Lluvia,"Aguas que caen del cielo, dejando su huella en el suelo.",El Gran Combo De Puerto Rico,https://open.spotify.com/track/0aqOdseVSgM8Af2AQIA7Bj
Tropical,Gotas de Lluvia,"Pequeños reflejos de agua que descienden del cielo, serenando el ambiente.",Diablos Locos,https://open.spotify.com/track/3MqqOWs6lVa9BaMqq6cgkA
Tropical,Gotas de Lluvia,"Pequeñas perlas que caen del cielo, a veces traen tristeza, a veces consuelo.",Grupo Niche,https://open.spotify.com/track/5R43U2P8fQ06f7u68WlZT3
Vallenato,Grafiti De Amor,Marcas en la superficie que dejan sentimientos; un testimonio de lo que se siente.,Binomio de Oro de América,https://open.spotify.com/track/0S8yoRB21wf7OqRo0xeWWC
Pop Anglo,Grenade,"Un objeto que explota pero solo si lo lanzas, no se usa en guerras.",Bruno Mars,https://open.spotify.com/track/4lLtanYk6tkMvooU0tWzG8
Tropical,Guaguancó Del Adios,"Un ritmo vibrante que acompaña a la despedida, donde se siente el pulso de la vida.",Roberto Roena Y Su Apollo Sound,https://open.spotify.com/track/0KPajt76dlg67yRg1RlDvC
Tropical,Guajirón,Un joven de la campiña que danza al ritmo alegre de lo autóctono.,"Willie Colón, Héctor Lavoe",https://open.spotify.com/track/2FgGd7jA6OW2Q6o2gDAbad
Tropical,Guallando,"Un puente entre la alegría y el descontrol, donde el ritmo nunca se detiene.",Fulanito,https://open.spotify.com/track/0hq1gkWRT0yhcm8K5vw8wm
Banda,Guaro (Remix),"Una bebida que a muchos les gusta, especialmente en fiestas y celebraciones.","Pipe Bueno, Jessi Uribe, Yeison Jimenez, Carín León, Alzate, Darío Gómez, Luis Alberto Posada, El Charrito Negro, Jhonny Rivera, Jhon Alex Castaño, Juan Pablo Navarrete",https://open.spotify.com/track/5sMHuOIvtsSuFZafTcF19Q
Urbana,Guaya Guaya,"Un eco repetido que invita a moverse, al ritmo de la fiesta tropical.",Don Omar,https://open.spotify.com/track/79zvVrn65ksbiGQxrtV4I5
Urbana,Gyal You A Party Animal,Una chica que ama la fiesta y se mueve como si no hubiera mañana.,Charly Black,https://open.spotify.com/track/7rj8aNwZqTvrUeLlAyNWtZ
Tropical,Hablame En La Cama,Comunícate conmigo en el lugar más íntimo de tu hogar.,Mario Ortiz Y Su Orquesta,https://open.spotify.com/track/5vbeR980iV0xqCCp4u52k8
Tropical,Hagamos Lo Que Diga el Corazón,Actuemos según lo que marque nuestro sentir más profundo.,Grupo Niche,https://open.spotify.com/track/5AMZkC0i8h4h6N1oaeBsbH
Plancha,Hagamos Un Trato,"Un entendimiento en el que ambas partes se comprometen, ¿qué quieres proponer?",Amanda Miguel,https://open.spotify.com/track/7sj71Y12St8KlvMpBt4K27
Tropical,Haremos El Amor,Un acto de unión en el que se expresa afecto profundo y pasiones compartidas.,Tony Vega,https://open.spotify.com/track/7cS5loujpq1rh8pY9OrpfQ
Pop Anglo,Harlem Shuffle - Alternate Take,Un giro en la ciudad que te invita a bailar y mover los pies.,The Foundations,https://open.spotify.com/track/76t1Pd4pn3zwtWN8fD1zBy
Plancha,Has Nacido Libre,"La libertad más pura, esa condición que tienes desde tu llegada al mundo.",Camilo Sesto,https://open.spotify.com/track/1IygLeHpQDHZRXCMpV7b2A
Urbana,Hasta Abajo,"Un movimiento que desciende hacia el suelo, acompañado del ritmo que no puedes resistir.",Don Omar,https://open.spotify.com/track/0Z2OhR9OoUdZ9rhEy9ECkq
Urbana,Hasta Aquí Llegué,"El límite ha sido alcanzado, ya no hay retorno en esta travesía.","Nanpa Básico, Beéle",https://open.spotify.com/track/0Qe2g06yzLBuuSvVmFiweP
Tropical,Hasta Aquí Te Fui Fiel,"El límite de mi lealtad, donde la devoción llegó a su fin.",Eddie Santiago,https://open.spotify.com/track/7zridhiD9txjjYAcDoC0qY
Tropical,Hasta Ayer,"En esta línea del tiempo, lo que viviste se detiene justo un día antes.",Marc Anthony,https://open.spotify.com/track/65mwJoHtK7wvK29mz1edHi
Vallenato,Hasta Cuando Senor,"¿Cuánto tiempo más, Señor, se puede soportar esta situación sin respuesta?",Los Diablitos,https://open.spotify.com/track/72cW8EePHZlUWBtUoN5m37
Urbana,Hasta el Amanecer,El momento en que la oscuridad se disipa y surge un nuevo día.,Nicky Jam,https://open.spotify.com/track/5Fim1gaXBgsiFfsQAfQSDS
Tropical,Hasta el Sol de Hoy,"La iluminación del astro rey está en su punto más alto, desde el amanecer.",Edgar Joel,https://open.spotify.com/track/5Wa6Ve3VfV79Mng5MSBxAY
Banda,Hasta La Madre,Cansado por completo de un amor que no para de doler.,"Yeison Jimenez, Pasabordo",https://open.spotify.com/track/1nDvFYTsaQwxt5CTk7LJ5E
Banda,Hasta Que Amanezca - En Vivo,"Cuando el sol está por volver, solo se puede esperar y disfrutar.",Luis Alfonso,https://open.spotify.com/track/4EgvymXJBf3NNx3Ez7KigZ
Pop Latino,Hasta Que Me Olvides,"El momento en que dejo de recordar, aunque aún me duele.",Luis Miguel,https://open.spotify.com/track/6vPAmoERUMRoTZaCCSWQ12
Tropical,Havana,Ciudad cubana famosa por su ambiente cálido y ritmos vibrantes.,Willie Colón,https://open.spotify.com/track/3f2hkjkgRgifXJvn2OfsZ4
Urbana,Hawái,"Un destino paradisíaco que evoca vacaciones, pero que puede ser un engaño.",Maluma,https://open.spotify.com/track/4uoR6qeWeuL4Qeu2qJzkuG
Tropical,Hay Algo En Ella,Un toque especial en una persona que destaca entre la multitud.,Adalberto Santiago,https://open.spotify.com/track/2SbJimePgfIGV2dt3DV4dK
Tropical,Hay Que Poner el Alma,Es necesario brindar tu esencia en cada momento que vives.,Víctor Manuelle,https://open.spotify.com/track/5fKeTBKp4aKStdHhIHumI9
Vallenato,Hay Que Ser Fuerte,Es necesario tener una gran determinación para enfrentar las dificultades.,"Los Chiches Vallenatos, Amin Martinez",https://open.spotify.com/track/63cl1BsQd521LwX0odQMCb
Tropical,Hazme Olvidarla,El acto de hacer que la memoria se desdibuje de una manera radical.,Willie Gonzalez,https://open.spotify.com/track/752aNrC43L3ZCIuPoK8YTK
Tropical,He Chocado Con La Vida,Una colisión inesperada con la existencia misma.,Tito Rojas,https://open.spotify.com/track/4tiICV5ivf8jvPBIZs0bne
Tropical,He Decidido Olvidarte,Una elección firme para dejar atrás lo que ya no conviene.,Pedro Arroyo,https://open.spotify.com/track/2DoQPbzJgUxboqxXAn5N8A
Tropical,He Tratado,"Intenté en múltiples ocasiones con todas mis fuerzas, pero siempre parece que no es suficiente.",Víctor Manuelle,https://open.spotify.com/track/236qXqcmitHCZ3SHoGZN8g
Tropical,He Vuelto,Regreso a un lugar que jamás dejé de visitar.,Willie Gonzalez,https://open.spotify.com/track/6haZd7r1Dg5R9cPfLTnNq1
Tropical,He Vuelto Por Ti,"Regreso para estar a tu lado, dejando atrás el tiempo perdido.",Maelo Ruiz,https://open.spotify.com/track/6HaYdJOgHSbqz5s4RyR5Js
Pop Anglo,Heaven,Un lugar sublime donde el alma se siente plena y el amor no tiene fin.,Bryan Adams,https://open.spotify.com/track/7Ewz6bJ97vUqk5HdkvguFQ
Banda,Hecha Pa' Mí,Diseñada específicamente para acompañar a alguien especial en la vida.,Grupo Frontera,https://open.spotify.com/track/1uGUbgZuO1kD1JZ0UeFupN
Tropical,Hechizo De Luna,Un encantamiento provocado por la luz nocturna que atrae lo mágico.,"Edgar Joel, Anthony Colon",https://open.spotify.com/track/5qjSPrKTBqYpgVJSTcgKTd
Tropical,Herida,Un daño en el corazón que duele pero no se ve.,Brenda K. Starr,https://open.spotify.com/track/6a09sAXkgnkfSW8HEDJzBf
Urbana,Hermanita,Una conexión de sangre a la que siempre se le dice en un tono cariñoso.,Aventura,https://open.spotify.com/track/6ExIo2QuQcqkJKYRIfNtNE
Urbana,Héroe Favorito,El ser que rescata y lleva a la cima a quien admira con gran devoción.,Romeo Santos,https://open.spotify.com/track/6BdAwMv1YorLfkBWlE493X
Pop Anglo,Heroes,"Valientes en momentos oscuros, los que luchan más allá de lo imaginable.",Peter Gabriel,https://open.spotify.com/track/1gYMahNjulEXAPhxlm27ek
Urbana,Hey Mor,"Un saludo a un amigo que se extraña, con un tono amigable al despertar.","Ozuna, Feid",https://open.spotify.com/track/6Rpbzk2LC8xWZI93RyodAq
Pop Anglo,Hey Ya!,"Un saludo que suena amistoso, pero que puede ocultar un sentimiento más profundo.",Outkast,https://open.spotify.com/track/2PpruBYCo4H7WOBJ7Q2EwM
Pop Anglo,"Hey, Soul Sister","Una amable compañera de esencia etérea, que canta en la siesta de un alma.",Train,https://open.spotify.com/track/4HlFJV71xXKIGcU3kRyttv
Urbana,Hilito,"Una delgada cuerda que une emociones, aunque a veces se sienta frágil.",Romeo Santos,https://open.spotify.com/track/6CKlQHQIxhWtq7MnEJ6QCz
Urbana,Hipnotízame,"Hazme caer bajo tu encanto, déjame sumergirme en tus poderes.",Wisin & Yandel,https://open.spotify.com/track/41IrY9OFcaWVnEojXftyVh
Vallenato,Historia,"Relato de lo que ha sucedido, contada a través del tiempo y las vivencias.",Los Diablitos,https://open.spotify.com/track/3DYTudb3y3UPqwlJhxzNmS
Pop Latino,Historia de Taxi,Relato de un vehículo que lleva a un pasajero en un viaje inesperado.,Ricardo Arjona,https://open.spotify.com/track/4qmXbnmZxZy9pavpf3YfP5
Urbana,Hola - Remix,"Un saludo que abre una conversación, invitando a reconectar de nuevo.","Dalex, Lenny Tavárez, Chencho Corleone, Juhn, Dímelo Flow",https://open.spotify.com/track/5stPVcRqb4qixbafP9e8lt
Urbana,HOLA PERDIDA REMIX,"Un saludo a aquel amor que se ha esfumado, pero aún lo llevas en el alma.","Luck Ra, Maluma, KHEA",https://open.spotify.com/track/2FqTbwiogEVvZnkarPf5BV
Pop Anglo,Hold On,"Aguanta firmemente, no te sueltes, que lo bueno vendrá si perseveras.",Justin Bieber,https://open.spotify.com/track/1nahzW3kfMuwReTka28tH5
Pop Anglo,Holy (feat. Chance The Rapper),"Un adjetivo que describe algo sagrado, junto a un término que se refiere a algo puro.","Justin Bieber, Chance the Rapper",https://open.spotify.com/track/5u1n1kITHCxxp8twBcZxWy
Pop Anglo,Honey,Dulce líquido dorado que se obtiene de las abejas.,Lenny Kravitz,https://open.spotify.com/track/0o4Z9Am4OOwRVHml4RyqZW
Pop Anglo,Hooked,"Enganchado a la melodía, imposible escapar del ritmo cautivador.",Franz Ferdinand,https://open.spotify.com/track/5aE5l3VnjWDNpTFGd4pRO5
Urbana,HOT,"Calor intenso que hace vibrar y enciende el ambiente, irresistible y ardiente.","Daddy Yankee, Pitbull",https://open.spotify.com/track/5Pg4qYTcvCUBBq3jBhKq0t
Tropical,Hoy Aprendí,Un nuevo conocimiento adquirido en el transcurso de este día.,Adolescent's Orquesta,https://open.spotify.com/track/3eDqTs9FJuMu7zuFeRjhnl
Plancha,Hoy he empezado a quererte otra vez,Un nuevo comienzo en mis sentimientos hacia ti surge en este instante.,Dyango,https://open.spotify.com/track/4ec1AgDJzLLMnKrynHKZ7u
Plancha,Hoy tengo ganas de ti,El deseo de sentir tu presencia en este día que se siente especial.,Miguel Gallardo,https://open.spotify.com/track/3xyr2ftM36QjKEpFAhZrGM
Tropical,Huellas,Marcas que dejas al caminar por el sendero de la vida.,Adolescent's Orquesta,https://open.spotify.com/track/5uiHCyOiCnwXfvUc50sVRy
Pop Latino,Humanos a Marte,"Seres de pie que viajan a un planeta rojo, donde la vida es un sueño.",Chayanne,https://open.spotify.com/track/7lOzUJzsELALh5FQsPKTEn
Pop Anglo,Hymn for the Weekend,Una oda dedicada a la celebración de la alegría en un día festivo.,Coldplay,https://open.spotify.com/track/3RiPr603aXAoi4GHyXx0uy
Pop Anglo,I Don’t Wanna Live Forever (Fifty Shades Darker),"Deseo escapar de la existencia, pero no quiero que esa luz se apague aún.","ZAYN, Taylor Swift",https://open.spotify.com/track/55n9yjI6qqXh5F2mYvUc2y
Pop Anglo,"I Don't Want To Miss A Thing - From ""Armageddon"" Soundtrack",No deseo perderme ni un solo instante de esta experiencia compartida.,Aerosmith,https://open.spotify.com/track/5qlJg0Wbj3sslxfwiaRNpq
Pop Anglo,I Feel It Coming,Una sensación que anticipa lo que está por llegar.,"The Weeknd, Daft Punk",https://open.spotify.com/track/5GXAXm5YOmYT0kL5jHvYBt
Pop Anglo,I Feel Like I'm Drowning,"Una sensación abrumadora, como si el agua te envolviera en un instante de desesperación.",Two Feet,https://open.spotify.com/track/3aauaXWRgwCMoykMbI0Jq1
Pop Anglo,I Gotta Feeling,Un estado de euforia que se siente cuando todo está bien.,Black Eyed Peas,https://open.spotify.com/track/4kLLWz7srcuLKA7Et40PQR
Pop Anglo,I Just Might,"Puede que no lo haga, pero si lo decido, será en un instante.",Bruno Mars,https://open.spotify.com/track/12bYYQaLqHliSXvRIYlq8G
Pop Anglo,I Know What To Do,Soy consciente de la acción a tomar cuando surgen dudas.,Robin Thicke,https://open.spotify.com/track/19IrSoA45EepMW3iFJUfPd
Pop Anglo,i like the way you kiss me,Aprecio el modo en que tu boca se encuentra con la mía.,Artemas,https://open.spotify.com/track/2GxrNKugF82CnoRFbQfzPf
Pop Anglo,I Want It That Way,Un deseo claro sobre cómo se deben dar las cosas.,Backstreet Boys,https://open.spotify.com/track/47BBI51FKFwOMlIiX6m8ya
Pop Anglo,I'll Be Missing You,"Aquel que se va, deja un vacío en aquellos que lo extrañan con fervor.","Diddy, 112, Faith Evans",https://open.spotify.com/track/25tsnA5lDP4UctAQOoa8Ks
Pop Anglo,I'm Yours,"El que comparte su ser sin reservas, entregando todo al que ama.",Jason Mraz,https://open.spotify.com/track/3S0OXQeoh0w6AY8WQVckRW
Banda,IBIZA,Un lugar soleado y festivo en el Mediterráneo donde el ritmo nunca se detiene.,Grupo Frontera,https://open.spotify.com/track/4v3j31SwtB07C58XljuK3h
Urbana,Ibiza,"Un lugar paradisíaco en la costa, famoso por sus fiestas y el ritmo del verano.","Ozuna, Romeo Santos",https://open.spotify.com/track/1h9P5WJwyvK8OB7O2YiXgp
Pop Anglo,IDGAF,"No me importan tus palabras, estoy en un lugar donde tu opinión no cuenta.",Dua Lipa,https://open.spotify.com/track/76cy1WJvNGJTj78UqeA5zr
Tropical,Idilio,"Un momento de amor perfecto y soñado, como un bello sueño que nunca termina.",Willy Colon,https://open.spotify.com/track/3j9uaJViWhmvLIqRbJZF7r
Pop Anglo,If I Ain't Got You,Lo que no tengo si no te tengo a ti.,Isaiah Firebrace,https://open.spotify.com/track/60izfFllm08sH66ugsSvSm
Pop Anglo,If I Ain't Got You,"Lo que realmente importa, más allá de todo lo material, ¿qué es esencial para ti?",Alicia Keys,https://open.spotify.com/track/3XVBdLihbNbxUwZosxcGuJ
Pop Anglo,If You Leave Me Now (feat. Boyz II Men),"Si decides marcharte en este instante, dejarás un vacío difícil de llenar.","Charlie Puth, Boyz II Men",https://open.spotify.com/track/5QLAHKawoQwVRNf1waaVW7
Tropical,Igual Que Una Fiera,"Un ser salvaje que se enfrenta a todo, con fuerza y pasión desbordadas.",Pedro Conga,https://open.spotify.com/track/5hdncrI8BOssxohceMzUQa
Urbana,Imitadora,"Una que refleja a otra, pero no es idéntica en esencia.",Romeo Santos,https://open.spotify.com/track/6r46lnXFbE9fr2d3KNaGbe
Urbana,IMPARES,"Números que no son pares, siempre únicos y especiales en su clase.",Daddy Yankee,https://open.spotify.com/track/24IjoP2qXJkck1raAxRakw
Tropical,Imposible Amor,"Un vínculo que no puede ser, aunque el corazón lo desee con fervor.",Frankie Ruiz,https://open.spotify.com/track/5ySwPnFBqJlEayYhfkMWX5
Tropical,Incomprendido,Aquel que no es entendido ni aceptado por los demás.,Ismael Rivera,https://open.spotify.com/track/3ImM4OW5DAs91JVoReV6m6
Urbana,Indeciso,"Dudas en la elección entre dos caminos, ni blanco ni negro.","Reik, J Balvin, Lalo Ebratt",https://open.spotify.com/track/59s0s39NFWScuHDbHytI14
Pop Latino,Inevitable,No se puede evitar lo que ya está destinado a suceder.,Shakira,https://open.spotify.com/track/78dbqYDvx6FOefROApu9w0
Banda,Ingrata,"Una mujer que no merece tu cariño, aunque a veces pueda parecerlo.","Pipe Bueno, Jhon Alex Castaño",https://open.spotify.com/track/3PooMl81RcVQNdPC2jYyIn
Urbana,Inmortal,Un estado eterno que desafía las leyes de la vida y el tiempo.,Aventura,https://open.spotify.com/track/2swZ0X1njeU32SNJeBKIfW
Vallenato,Inocente,"No sabe del mal ni de la traición, su esencia es pura y llena de emoción.",Los Gigantes Del Vallenato,https://open.spotify.com/track/003YOvQRIurKekUuUMDtkZ
Pop Anglo,Intentions,"Propósitos claros y deseos sinceros, lo que buscas en el corazón de alguien.","Justin Bieber, Quavo",https://open.spotify.com/track/364dI1bYnvamSnBJ8JcNzN
Tropical,Invierno en Primavera,"Estación fría donde florecen los brotes, a pesar de su nombre cálido.",Guayacán Orquesta,https://open.spotify.com/track/6kSHFq76TxKkDk8Ikgb8IE
Pop Anglo,Iris,"Flor que se abre al mundo, pero oculta su esencia en la vista.",The Goo Goo Dolls,https://open.spotify.com/track/6Qyc6fS4DsZjB2mRW9DsQs
Tropical,Isla Del Encanto,Un lugar mágico rodeado de agua que evoca sentimientos y tradiciones.,Orquesta Broadway,https://open.spotify.com/track/2X4PbKAzt20hSRWMdCzW2N
Pop Anglo,It Ain't Over 'Til It's Over,"No termina hasta que se diga lo contrario, cuando aún hay esperanza en el aire.",Lenny Kravitz,https://open.spotify.com/track/6VnpKLtfNH4Dk09YSGPSyR
Urbana,Jacuzzi,Un pequeño oasis burbujeante donde el calor invita a relajarse y disfrutar.,"Greeicy, Anitta",https://open.spotify.com/track/68AFwp0MnkWketMmnfvzR8
Plancha,Jamás,El adverbio que implica que algo no puede ocurrir nunca.,Camilo Sesto,https://open.spotify.com/track/0ScrUVrcTYIZijbqDZ3CJE
Tropical,Jamás,"Lo que nunca será, aunque lo desees con todo tu ser.",Eddie Santiago,https://open.spotify.com/track/0EjIBpgI4rbJjFnQ1kX8xd
Vallenato,Jamas Me Cansare De Ti,Nunca dejaré de sentirme atraído hacia ti.,"Miguel Morales, Juan David Herrera",https://open.spotify.com/track/1TMhA4mkTZXmjA2aRtUoER
Banda,Jefe De Jefes,El líder indiscutible en el reino de quienes mandan.,Los Tigres Del Norte,https://open.spotify.com/track/5aRkuuQ9zYOiaf7Qtsigoo
Tropical,Juan Pachanga,"Un nombre dancero en un estilo festivo, perfecto para mover los pies.",Rubén Blades,https://open.spotify.com/track/2HW3sGv4VRCyoycftxeScw
Tropical,Juguete De Nadie,Un objeto divertido que no tiene dueño ni hogar.,Luisito Ayala Y La Puerto Rican Power,https://open.spotify.com/track/7fmQmw1o2qCnb5sCS23GRL
Urbana,Junio,El mes en que comienza el verano y suena la música en el aire.,Maluma,https://open.spotify.com/track/4XqXNU8MwPHwbgZmNXmAdc
Pop Anglo,Just Can’t Get Enough,No puedo dejar de recibir más de este sentimiento tan pleno.,Black Eyed Peas,https://open.spotify.com/track/3JA9Jsuxr4xgHXEawAdCp4
Pop Anglo,Just Give Me a Reason (feat. Nate Ruess),"Dame un motivo, una explicación clara para esta situación.","P!nk, Nate Ruess",https://open.spotify.com/track/1mKXFLRA179hdOWQBwUk9e
Pop Anglo,Just the Way You Are,"Eres perfecta tal como te veo, sin cambios ni adornos.",Bruno Mars,https://open.spotify.com/track/7BqBn9nzAq8spo5e7cZ0dJ
Pop Anglo,K.,"La letra que se suele usar para organizar un evento, pero aquí se vuelve un símbolo.",Cigarettes After Sex,https://open.spotify.com/track/1FWsomP9StpCcXNWmJk8Cl
Pop Anglo,Karma Police,"Una fuerza que retribuye lo que haces, y quienes tienen el deber de hacer justicia.",Radiohead,https://open.spotify.com/track/63OQupATfueTdZMWTxW03A
Urbana,KETU TeCRÉ,"Suena como un mantra que invita a cambiar el estado de ánimo, especialmente al amanecer.",Bad Bunny,https://open.spotify.com/track/4c2Pc0NrfkesPR0jff6q3F
Urbana,Khé?,Pregunta retórica en varios idiomas que expresa confusión o sorpresa.,"Rauw Alejandro, Romeo Santos",https://open.spotify.com/track/1YYfyJ2yCvGFCxwjsIqEK9
Pop Anglo,Killing Me Softly With His Song,"Es como si un artista tocara las fibras de tu ser con su melodía, de manera sutil.","Fugees, Ms. Lauryn Hill",https://open.spotify.com/track/0Q0IVlqMV64kNLlwjPj0Hl
Urbana,King Daddy,El soberano de un reino de ritmos y reggaetón que conquista con su arte.,Daddy Yankee,https://open.spotify.com/track/0zpmJNXSpRwY42jOyWPxgQ
Pop Anglo,Kiss Me,"Contáctame con tus labios, bajo la luna en un instante dulce.",Sixpence None The Richer,https://open.spotify.com/track/754kgU5rWscRTfvlsuEwFp
Urbana,KLOuFRENS,"Un grupo de amigos que se aprecian mucho, siempre están juntos y se apoyan.",Bad Bunny,https://open.spotify.com/track/4MUrUT38U98olfnyzMBCzm
Pop Anglo,Knockin' On Heaven's Door,Golpeando la entrada del lugar donde las almas descansan eternamente.,Bob Dylan,https://open.spotify.com/track/6HSXNV0b4M4cLJ7ljgVVeh
Pop Anglo,L.S.F.,Un acrónimo que suena como si estuvieras invitando a una fiesta llena de energía.,Kasabian,https://open.spotify.com/track/1t8TCORVxdItzE3zy1X0tv
Urbana,La Bachata,Baile característico que envuelve el corazón en ritmos de amor.,Manuel Turizo,https://open.spotify.com/track/5ww2BF9slyYgNOk37BlC4u
Banda,La Banda Del Carro Rojo,Conjunto de músicos que viaja en un vehículo de color escarlata.,Los Tigres Del Norte,https://open.spotify.com/track/3do7pQCcbS26aowtX9xPnY
Urbana,La Bebe - Remix,"Una pequeña que se siente grande en la fiesta, deslumbrando a todos.","Yng Lvcas, Peso Pluma",https://open.spotify.com/track/2UW7JaomAMuX9pZrjVpHAU
Banda,La Buena,"Algo positivo, que aporta alegría y bienestar, en esta vida también se puede sentir.",Carín León,https://open.spotify.com/track/6qxEvJ4EAEbZPtTV1PJXah
Urbana,LA CANCIÓN,"Un melodía que te acompaña en esta vida, una pieza esencial en el corazón.","J Balvin, Bad Bunny",https://open.spotify.com/track/0fea68AdmYNygeTGI4RC18
Urbana,La Corriente,"Un flujo que arrastra todo a su paso, a veces sin dirección.","Bad Bunny, Tony Dize",https://open.spotify.com/track/1797zYiX4cKosMH836X9Gt
Vallenato,La Creciente,"Un aumento en el nivel de un río, especialmente con el paso de la lluvia.",Binomio de Oro,https://open.spotify.com/track/4ZsUAPb0WTkHcsMelO7lut
Banda,La Culpa,"Responsable de lo sucedido, pero también víctima de la situación.",Jessi Uribe,https://open.spotify.com/track/5G4ZDg8qtObwMXt0F8Sw4A
Tropical,La Cura,Remedio que anhelas para sanar un corazón herido por amores perdidos.,Frankie Ruiz,https://open.spotify.com/track/1I0pEtuQ36Bu7Q7jkwIQeQ
Urbana,La Curita,"Una pequeña solución para las heridas del alma, te brinda consuelo y calma.",Aventura,https://open.spotify.com/track/33pO6ulKRvVpegrilxhYGp
Pop Latino,La De La Mala Suerte,"En ocasiones, el destino se vuelve adverso, como si te persiguiera la adversidad.",Jesse & Joy,https://open.spotify.com/track/40qGH4aiVeaFW7qIPCyTVa
Banda,La Depre,Un estado anímico que a veces parece no tener final.,Jhonny Rivera,https://open.spotify.com/track/1I9c5rB7LhXkxGX06leVyE
Urbana,La Depre,Un estado de tristeza que a veces se siente como un peso abrumador.,Mike Bahía,https://open.spotify.com/track/0YUH9q1hmcW9QbTYWElH6t
Urbana,La Diabla,"Un ser que se asemeja a lo maligno, con un toque seductor que atrae.",Romeo Santos,https://open.spotify.com/track/252UPuQsncbBFhTrx4Ytcc
Tropical,La Escena,"Un momento que se repite, donde todos quieren estar, pero algunos quedan atrás.",Víctor Manuelle,https://open.spotify.com/track/3MNSd3K7qgABlF4ysRUoMD
Banda,La Ex - En Vivo,Una persona del pasado que ya no está presente en tu vida.,Luis Alfonso,https://open.spotify.com/track/4EGZyZc7wDLqvg5YdLTZ6E
Pop Latino,La flaca,Una delgada figura que atrae la atención de todos a su alrededor.,Jarabe De Palo,https://open.spotify.com/track/2LsbizbOeNa4x6qsi2jAMb
Urbana,La Fórmula,Ecuación mágica que transforma la química en música y emoción.,"Maluma, Marc Anthony",https://open.spotify.com/track/5Fh9fyHRnSwKLo4asG6fEX
Banda,La Foto De Los Dos,Una imagen que captura la unión de dos almas en un instante.,El Andariego,https://open.spotify.com/track/3Rj4qvDxYhoSJAGhqEvxhn
Pop Latino,La fuerza del corazón,El poder que emana del órgano que siente y transforma todo a su alrededor.,Alejandro Sanz,https://open.spotify.com/track/5c1w6xM8pFvXhMXQVUY42Q
Tropical,La Fuga,Un escape en ritmo y letras donde nada es lo que parece.,Luisito Carrion,https://open.spotify.com/track/6iqMvmfhtDQnM3mndwk6iN
Tropical,La Fuga,Un escape de lo cotidiano que se siente en el ritmo del corazón.,"Don Perignon, Pedro Brull, La Orquesta Puertorriqueña",https://open.spotify.com/track/69MJEsIlLwrfFOOZxy68SA
Plancha,La Gata Bajo la Lluvia,"Un felino en la lluvia, buscando refugio de la tormenta.",Rocío Dúrcal,https://open.spotify.com/track/2kfSFdq2h0xLXq01em1zc7
Urbana,LA INOCENTE,La pura esencia de no haber hecho nada malo.,"Mora, Feid",https://open.spotify.com/track/5jt25aFjW2kNoBqaEVaz5W
Tropical,La Insaciable,"Un deseo que nunca se satisface, siempre pidiendo más sin detenerse.",Eddie Santiago,https://open.spotify.com/track/5ylVnnvfOImsG1tueZcz5q
Tropical,La juma de ayer,"Un estado eufórico tras una noche de excesos, donde el ayer todavía pesa.",Henry Fiol,https://open.spotify.com/track/3pL77Aed5ZBnS5IRjPcGF4
Tropical,La Magia de Tus Besos,Uno de los encantos que se siente al marcar los labios sobre la piel.,Grupo Niche,https://open.spotify.com/track/0oB9o5zLpIiqe2wtt7M54T
Tropical,La Magia de Tus Quince Años,Un periodo de vida donde todo resplandece y se llena de encanto.,Salsa Kids,https://open.spotify.com/track/17SmDFKBpRMKTJMWhBDlDM
Banda,La Más Bonita,La que se lleva todos los halagos en un concurso de belleza.,Espinoza Paz,https://open.spotify.com/track/58aHOF4Tcs2NMpklfYg2Cl
Banda,La Mesa Del Rincon,"Un mueble en un lugar olvidado, donde los secretos y recuerdos se encuentran.",Los Tigres Del Norte,https://open.spotify.com/track/5g7fBwo6rzITHpSlEP10D6
Tropical,La Mitad,Lo que queda de algo que se divide en dos partes.,Willie Rosario,https://open.spotify.com/track/4KGQRO749eRqJqqF7BLFHp
Urbana,LA MuDANZA,"Movimiento que transforma el cuerpo al son de la alegría, ritmo que hipnotiza.",Bad Bunny,https://open.spotify.com/track/3G7agPwWfcORnWCAGMDOpm
Tropical,La Muerte,"Un final inevitable que nos espera a todos, a veces con gran alegría.",El Gran Combo De Puerto Rico,https://open.spotify.com/track/7EWaOT6wRgUNsC3HKie4AA
Tropical,La Negra Cacha,Una mujer de piel oscura que atrae todas las miradas en la fiesta.,Joseito Mateo y Su Conjunto,https://open.spotify.com/track/5sRZ1kRSsAUXKhQqFbFVWD
Tropical,La Noche Mas Linda Del Mundo,El momento más hermoso bajo el manto estrellado del cielo.,Adalberto Gonzales,https://open.spotify.com/track/3ztPyNDLOrvNFM1Fh1v8Qx
Urbana,LA OLA,Un movimiento del agua que arrastra todo a su paso.,Daddy Yankee,https://open.spotify.com/track/3mr6uMx3OzaqKMvk9csJm1
Plancha,La Pareja Ideal,"El dúo perfecto que muchos anhelan, donde ambos son la elección perfecta.",Marisela,https://open.spotify.com/track/5EWN5giv1RoSDNFeEoxqpU
Pop Latino,La parte de adelante,"La sección delantera de un vehículo, que se lleva lo primero en la vida.",Andrés Calamaro,https://open.spotify.com/track/0fHTVPRRKmWaRuIwrsNTMp
Pop Latino,La Playa,Un lugar donde las olas besan la orilla y la arena abraza el sol.,La Oreja de Van Gogh,https://open.spotify.com/track/2DNyZP4Py6f4zMASLBnIu6
Urbana,La player (Bandolera),"Un lugar donde se disfruta del sol y la brisa, con ritmo y movimiento.",Zion & Lennox,https://open.spotify.com/track/0VKkyBKCXyR99navhVRqcP
Urbana,La Plena - W Sound 05,Ritmo alegre y festivo que se siente en el corazón de una comunidad.,"W Sound, Beéle, Ovy On The Drums",https://open.spotify.com/track/6xOEgzkMSZJKz6qtCJsQL5
Tropical,La Pobreza Y Yo,"Cuando los recursos escasean, a menudo somos dos inseparables.",Sonora Ponceña,https://open.spotify.com/track/060iUmKa2y1lrsXRuoEAWk
Urbana,La Pregunta,"Un interrogante que aguarda respuesta, sobre lo que nos une y nos separa.",J Alvarez,https://open.spotify.com/track/2Ob4mHihtOGbx6jnCredFX
Tropical,La Primera Dama,La mujer que ocupa el trono del corazón en este juego político del amor.,Jimmy Saa,https://open.spotify.com/track/0945TP3VjtuPDjrzl9fHq8
Tropical,La Puerta de Alcalá,Acceso a una estructura que archiva historias en la capital española.,"La Grande De Madrid, Carlos Nuño",https://open.spotify.com/track/21UnX6Oda1PunTAKZilPiM
Tropical,La Quiero A Morir,"Un profundo sentimiento que se une a un final, y el deseo de que perdure.",DLG,https://open.spotify.com/track/3rsVX2Pd8UkjqF2MAZqeif
Tropical,La Quiero Más,"El deseo que crece por encima de las demás, pasando por la primera.","Los Ocho De Colombia, Éder Ortega",https://open.spotify.com/track/5rx9dwFBBqjR9xc1cn5iWW
Urbana,La Rompe Corazones,"Una persona que desarma sentimentos, dejando a otros con el corazón en pedazos.","Daddy Yankee, Ozuna",https://open.spotify.com/track/2Q85xwXagilpHKTfdrbC7M
Tropical,La Rueda,"Un círculo que gira perpetuamente, llevando historias y alegrias en su trayecto.",Frankie Ruiz,https://open.spotify.com/track/68IaufFR18zolGm8wn3Hq7
Urbana,La Semana,Un lapso de tiempo que comienza el lunes y termina el domingo.,"ELENA ROSE, Manuel Turizo",https://open.spotify.com/track/4NMoJRudco3Fc2EO5DCtGe
Urbana,La Temperatura (feat. Eli Palacios),"El clima en tu piel, donde el calor se desata.","Maluma, Eli Palacios",https://open.spotify.com/track/1ozW81PO3FG5BOOx7k76kS
Banda,La Tirana,"Soberana de lo que suena fuerte, en la danza y en el corazón, es su nombre.",Darío Gómez,https://open.spotify.com/track/0SixdbnPdU3nui1uuRkPt0
Urbana,La Tormenta,Un fenómeno natural que desata lluvia y caos en el corazón.,Aventura,https://open.spotify.com/track/18SbCsw7hDbtqiXSQMa8CM
Urbana,La Última Canción,"El tema final que dejas en el aire, un adiós musical que no se olvida.",Rels B,https://open.spotify.com/track/2mRwodUOATBk5spcUsEidB
Banda,La Última Farra,"El evento final de celebración, donde se despide el festejo con alegría.",Yeison Jimenez,https://open.spotify.com/track/1CTFFt4Q300O1YJKq5gFtR
Tropical,La Unica,"Solo hay una que brilla en mi corazón, sin competencia.",Juan Carlos Coronel,https://open.spotify.com/track/6BxDwbY4YtetmYsK1qLBL9
Vallenato,La Verdad De Tu Amor,Un relato sincero sobre los sentires de un cariño profundo.,Miguel Morales,https://open.spotify.com/track/4EIuf0FrNa6GnzNF68PEPI
Tropical,La Vida Es Un Carnaval,Un festejo interminable donde cada día es motivo de celebración y alegría.,Celia Cruz,https://open.spotify.com/track/7rWOuBzhjHdiR7RPz9YH7L
Pop Latino,Labios Compartidos,"Bocas que se dividen entre dos, pero llenan el alma de quienes se aman.",Maná,https://open.spotify.com/track/4C2zOFgrXxfNGNpYQWIcaH
Tropical,Ladrón De Tu Amor,El que se lleva lo más preciado de tu corazón.,Ray De La Paz,https://open.spotify.com/track/0G7xwMK5HivBflajOzGe3Z
Pop Latino,Lady Blue,"Dama de un tono celeste, que evoca melancolía y misterio en su esencia.",Bunbury,https://open.spotify.com/track/6BA5HXZRBg1qhJ2b4Gi93Q
Tropical,Lady Laura,"Una dama que lleva un nombre de nobleza y cariño, adorada por su progenitor.",Raulin Rosendo,https://open.spotify.com/track/2kzquEERgcPf5uO55ARVRR
Tropical,Lagrimas,Contenido salado que brota de tus ojos en momentos de profundo sentimiento.,Orq La Inmensidad,https://open.spotify.com/track/7kL5OROOFffvzZBrUNg6N3
Urbana,LALA,"Sonido repetitivo que puede evocar felicidad, asociado a una melodía pegajosa.",Myke Towers,https://open.spotify.com/track/7ABLbnD53cQK00mhcaOUVG
Pop Latino,Lamento Boliviano,Un suspiro nostálgico que evoca el llanto de una tierra lejana.,Los Enanitos Verdes,https://open.spotify.com/track/6Pur3hWy6Nzc27ilmsp5HA
Tropical,Las Caras Lindas,La belleza que se aprecia en aquellos rostros que destacan en nuestro andar.,Ismael Rivera,https://open.spotify.com/track/10XbsDWf827mAPUrzQJIrG
Banda,Las Cuatro de la Mañana,"Hora avanzada, cuando las sombras dominan y el reloj canta en un susurro.",Yeison Jimenez,https://open.spotify.com/track/6uUhnPetzLypsJRE0BSsyE
Banda,Las Monjitas,"Cuatro mujeres en un lugar sagrado, un nombre que suena a obediencia.",Grupo Exterminador,https://open.spotify.com/track/2KJkMXZKvvV4jDdu8UM44e
Vallenato,Las Razones Del Amor,Fundamentos que explican por qué sentimos esa poderosa conexión con otra persona.,Los Diablitos,https://open.spotify.com/track/1Xg5hUe84Q9a0TB09yTb40
Pop Anglo,Latin House Mix,"Ritmos de la tierra que bailan en el sur, mezclando alegría con un toque de calor.",Dj Jay,https://open.spotify.com/track/3Qgum5VTcGFs44PjQ14BpT
Tropical,Latinos,"Ritmo y sabor de una región diversa, donde se celebra la herencia cultural.",Proyecto Uno,https://open.spotify.com/track/6RpkUBv1KKsJBWf3gmQ1R9
Pop Latino,Laura no està,Una mujer no se encuentra en el lugar donde debería estar.,Nek,https://open.spotify.com/track/10tzk7ZRjwnLKd3gjKLtTA
Pop Anglo,Lay Me Down,"Coloca tu cuerpo sobre el suelo, en busca de un abrazo que te haga sentir completo.","Sam Smith, John Legend",https://open.spotify.com/track/64GRDrL1efgXclrhVCeuA0
Banda,LE VA DOLER,"El resultado de un amor que se hace pesado, difícil de sobrellevar.",Grupo Frontera,https://open.spotify.com/track/41sTEjHxztd0AwF7Dn0HJe
Pop Anglo,Leave The Door Open,"Un umbral que se queda accesible, invitando a entrar a lo que podría ser.","Bruno Mars, Anderson .Paak, Silk Sonic",https://open.spotify.com/track/7MAibcTli4IisCtbHKrGMh
Urbana,LEGENDADDY,El patriarca de un grupo que deja huella eterna en su legado.,Daddy Yankee,https://open.spotify.com/track/4jzz1dFGn1osftEfcKSAeV
Vallenato,Lejania,"Un lugar distante, donde el amor se siente más lejos que nunca.","Otto Serge, Rafael Ricardo",https://open.spotify.com/track/3hx54s2s3QqxkvIEUjnjhY
Urbana,Lejos de Aquí,Un lugar distante de nuestro punto de partida.,Farruko,https://open.spotify.com/track/7fzErW0dRVRaTWjNLPFwUn
Tropical,Lejos De Ti,"Distante de tu presencia, donde tus abrazos no pueden alcanzarme.",Angel Canales,https://open.spotify.com/track/6MxPFnFbQoy1dODPHT1EH2
Vallenato,Lejos De Ti,"A una distancia considerable de tu presencia, mi corazón anhela tu compañía.",Binomio de Oro de América,https://open.spotify.com/track/4RdZtnUWiuSPTsirLtZxIz
Pop Anglo,Let Me Love You,"Permíteme que te quiera, dejar que mis sentimientos fluyan sin restricciones.","DJ Snake, Justin Bieber",https://open.spotify.com/track/0lYBSQXN6rCTvUZvg9S0lU
Pop Anglo,Let's Get It Started - Spike Mix,¿Listos para dar el primer paso y comenzar la diversión?,Black Eyed Peas,https://open.spotify.com/track/4hfIVhq0F0zFUcrbecsYmo
Pop Latino,Limón y Sal,Un cítrico amarillo y un condimento blanco que realzan los sabores de la vida.,Julieta Venegas,https://open.spotify.com/track/7dITAq1YP5e0kTcaDq4YWI
Urbana,Llamado de Emergencia,Una señal urgente que proviene de la necesidad de ayuda.,Daddy Yankee,https://open.spotify.com/track/3bkBVEmRJuJZNh5iVgJkWm
Vallenato,Llamame,"Cuando necesites mi voz, busca la que te llama, aunque estemos lejos.",Los Diablitos,https://open.spotify.com/track/0YnZHo2c9f7tLL3ibqFb9X
Urbana,Llegamos A La Disco,Un lugar donde las luces brillan y todos celebran al ritmo de la música.,"Daddy Yankee, De La Ghetto, Ñengo Flow, Arcángel, Farruko, Baby Rasta y Gringo, Alex Kyza, Kendo Kaponi",https://open.spotify.com/track/4nfn4q3ygnHhriDyYW6Fkf
Urbana,Llévame Contigo,"Transporta mi ser donde estés, sin importar la distancia que haya entre nosotros.",Romeo Santos,https://open.spotify.com/track/0uLwWjN1KFO678WNJcZDkw
Plancha,Llora Corazón,"Un lamento profundo, seguido de la fuente de amor que se siente herido.",José José,https://open.spotify.com/track/2QlkJ4aXwmT0VRBN8JNzxq
Tropical,Llorando,Una acción que hacemos cuando el corazón se siente pesado y el alma duele.,Son De Cali,https://open.spotify.com/track/7oxILf3b20H5XVHvGCqGsh
Pop Latino,Llorar,Expresar lágrimas ante la tristeza; un verbo que refleja el dolor emocional.,Jesse & Joy,https://open.spotify.com/track/7KffKVdLO4P8e4Yx8gDYgw
Urbana,Llorar,Un acto de tristeza que suele ocurrir al sentir un profundo desconsuelo.,Aventura,https://open.spotify.com/track/4M4oSbEjB8Z94039uyjXuO
Pop Latino,Llorar (feat. Mario Domm),"El acto de derramar lágrimas, una respuesta al dolor que no se puede evitar.","Jesse & Joy, Mario Domm",https://open.spotify.com/track/7KffKVdLO4P8e4Yx8gDYgw
Tropical,Llover Sobre Mojado,"Cuando el agua cae sobre lo que ya está húmedo, se crea un fenómeno curioso.",Pedro Arroyo,https://open.spotify.com/track/0jGYp6BVnPkKExwWIP1BZq
Tropical,Llueve Otra Vez,Las gotas del cielo regresan a nosotros una vez más.,Bazil Alexander,https://open.spotify.com/track/6VA6NUDX5jTvgNtpgeUISz
Plancha,Llueve Sobre Mojado,Precipitación en un lugar ya empapado.,Camilo Sesto,https://open.spotify.com/track/3PDLKMueFy9va2zRQynuWK
Pop Latino,Llueve Sobre Mojado,Agua del cielo cae sobre algo que ya tiene humedad.,"Fito Paez, Joaquín Sabina",https://open.spotify.com/track/1M6rfxGVEdWPMwSKIvcw1c
Tropical,Lluvia,"Agua que cae del cielo, a veces suave, a veces fuerte, creando melodías en el suelo.",Eddie Santiago,https://open.spotify.com/track/3SzJ4qlIjYkSO7bh0oKTXA
Pop Anglo,Lo Arriesgo Todo,"Pongo en juego cada parte de mi ser, sin miedo al fracaso.",Bruno Mars,https://open.spotify.com/track/2Kd1MT5y2CVTJsD9vUc9Yf
Vallenato,Lo Busqué,Perdí la pista de algo que anhelaba con desesperación.,Jean Carlos Centeno,https://open.spotify.com/track/0kUMc8s2EwaOg0XAv5lCnA
Tropical,Lo Dudo,Una respuesta incierta ante la posibilidad de amar profundamente.,Frankie Ruiz,https://open.spotify.com/track/2kMOXnuqlshTVXBpiWp3TA
Pop Latino,Lo noto,"Un sentimiento que no se oculta, lo percibes en tu interior.",Hombres G,https://open.spotify.com/track/1k3Y0fhjdYKjfPSacDJm0p
Tropical,Lo Nuestro Se Acabó,"El final de un amor que un día fue compartido, ya no hay más entre nosotros.",Grupo Galé,https://open.spotify.com/track/2J7HppmghogbyHdwF7zcFt
Tropical,Lo Que Dijo La Gitana,"Una frase que puede revelar el destino, según la sabiduría de una mujer enigmática.",Ismael Rivera Y Sus Cachimbos,https://open.spotify.com/track/14EzoWtIRKeX5dpbTjAgrP
Urbana,lo que hay x aquí,"Donde se encuentra la esencia de lo que te rodea, palpita la realidad.",Rels B,https://open.spotify.com/track/5IlLm20JXhKbMtsH20NblC
Urbana,LO QUE LE PASÓ A HAWAii,Un destino tropical que se convierte en una historia confusa de amor perdido.,Bad Bunny,https://open.spotify.com/track/1Hg0e997pObvZ91w1FCPFk
Urbana,"Lo Que Pasó, Pasó","Un hecho que ocurre y ya no vuelve, hay que dejarlo atrás.",Daddy Yankee,https://open.spotify.com/track/6z5Xrx58p5Bs18RIe6KXbI
Vallenato,Lo Que Quieras De Mi,"Lo que desees, proveniente de mí.",Los Diablitos,https://open.spotify.com/track/3OptBQD6Pz0VwFHbd8Vxoa
Plancha,Lo Que Son Las Cosas,"A veces, lo inesperado se convierte en la esencia de la vida misma.",Ednita Nazario,https://open.spotify.com/track/2SYYgNrzGeDrrARWb7Lqk6
Tropical,Lo Que Te Queda,El remanente emocional que persiste tras una despedida.,Tito Rojas,https://open.spotify.com/track/4IDk4uuSV3s0IBwvRMHWT1
Tropical,Lo Que Te Sobre,"Lo que queda después de una carga innecesaria, lo que puedes dejar atrás.",Son De Cali,https://open.spotify.com/track/736diq222AIhBwfDrHvjMm
Vallenato,Lo Que Yo Nunca Dije,"Expresiones no compartidas, pensamientos guardados, lo que nunca salió de mi boca.",Los Gigantes Del Vallenato,https://open.spotify.com/track/3l8oRS03FATzQ3Y0JYo63q
Banda,Lo Tengo Todo,"Poseo cada cosa necesaria, un conjunto completo de deseos y deseos cumplidos.",Jhon Alex Castaño,https://open.spotify.com/track/7aGWLCLMjG2U6RpPh2g0cP
Tropical,Lobo Domesticado,Un animal salvaje que se ha adaptado a la vida en casa.,Tommy Olivencia,https://open.spotify.com/track/07RVxiFKeWvBF8aKuPMaXk
Pop Anglo,Locked out of Heaven,"Cerrado fuera de un paraíso, donde la felicidad se encuentra atrapada.",Bruno Mars,https://open.spotify.com/track/3w3y8KPTfNeOKPiqUTakBh
Urbana,Loco,"Un estado de mente alocado, que a veces nos hace actuar sin razón.",Beéle,https://open.spotify.com/track/2J9B63FawlTaPdg4eH5X03
Pop Latino,Loco,Un estado mental donde pierdes el control y te dejas llevar por la emoción.,Andrés Calamaro,https://open.spotify.com/track/0jePqZlutXGa8xz6NNyKAy
Pop Anglo,Lonely (with benny blanco),"Una sensación de soledad, incluso en medio de la multitud.","Justin Bieber, benny blanco",https://open.spotify.com/track/4y4spB9m0Q6026KfkAvy9Q
Tropical,Longina,Una melodía que mueve el corazón y un nombre que suena a un destello en el agua.,Oscar D'León,https://open.spotify.com/track/2lzZhxj5WeqClShJWrlTax
Pop Anglo,Look Outside,Observa lo que se encuentra más allá de tu propio reflejo y descubre lo nuevo.,IAMX,https://open.spotify.com/track/0JWcid3lKaTbnDswfKK4Fn
Urbana,Loquita,"Una mente traviesa que se mueve sin control, impulsada por el deseo.","Reik, Rauw Alejandro",https://open.spotify.com/track/2OTULPNeQUkwQ0tNzcG7tj
Urbana,Los Cachos,Un apodo para lo que les pasa a los que se quedan en la fría traición.,"Piso 21, Manuel Turizo",https://open.spotify.com/track/5fhcuVxuBWfgNXGuyAtLmr
Vallenato,Los Caminos De La Vida,"Las rutas que tomamos en nuestro andar, llenas de sorpresas y complicaciones.",Los Diablitos,https://open.spotify.com/track/3xMLWeaF5GejsfnUq9zzn6
Banda,LOS DOS,"Un par inseparable, siempre unidos en el camino de la vida.","Grupo Frontera, Morat",https://open.spotify.com/track/0wbPydD5UUkau6EKhtBqjM
Tropical,Los Dos Fallamos,Un par que cometió errores en el amor.,Grupo Galé,https://open.spotify.com/track/2mqzg0cA3U5fMz58ydGn9Q
Plancha,Los Hombres No Deben Llorar,"Una regla no escrita en el mundo masculino, que dice que las lágrimas están prohibidas.",King Clave,https://open.spotify.com/track/705pAm0eXVhL5YDprwYqbQ
Urbana,Los Infieles,"Aquellos que traicionan un compromiso, ¿cómo se les llama en plural?",Aventura,https://open.spotify.com/track/0HDHY6RSHHG2ZTE0cMT4GJ
Tropical,Los Olores Del Amor,"Aromas que evocan la pasión, cada fragancia cuenta una historia de cariño.","Amilcar Boscan, Willie Colón",https://open.spotify.com/track/7IohE5vxO2AdL0Amc5b8Qc
Pop Anglo,Lose Control,"Rendirte al descontrol, dejar que la vida te lleve sin frenos.",Teddy Swims,https://open.spotify.com/track/6usohdchdzW9oML7VC4Uhk
Pop Anglo,Lose Somebody,¿A quién dejas escapar cuando sientes que te falta una parte de ti?,"Kygo, OneRepublic",https://open.spotify.com/track/7xbWAw3LMgRMn4omR5yVn3
Pop Anglo,Losing My Religion,Una actitud de desconfianza puede llevar a perder la fe en lo que se siente.,R.E.M.,https://open.spotify.com/track/31AOj9sFz2gM0O3hMARRBx
Pop Anglo,Lost in Time,"Navegando en un lugar que se escapa, dejando atrás el ahora y el después.","J'calm, emudio",https://open.spotify.com/track/36Rx6EVnvc3xInYkcQLuke
Pop Anglo,Love Me JeJe,"Atrévete a desear mi afecto, pero con un toque de diversión juguetona.",Tems,https://open.spotify.com/track/47hsUYxvbTlBAN3sP9dEOd
Pop Anglo,Love Me Now - Recorded at Spotify Studios NYC,"Ama y déjame sentirlo en este instante, sin esperar un mañana.",John Legend,https://open.spotify.com/track/2pPRgFEENF3LtuxYUPuT24
Pop Anglo,Love On The Brain,"Sentimientos que duelen pero no puedes evitar, pasiones intensas que se apoderan de ti.",Rihanna,https://open.spotify.com/track/5oO3drDxtziYU2H1X23ZIp
Pop Anglo,Love The Way You Lie,"Sentimientos intensos y discordantes, donde la verdad se entrelaza con la ilusión de un afecto complicado.","Eminem, Rihanna",https://open.spotify.com/track/15JINEqzVMv3SvJTAXAKED
Pop Anglo,Love Yourself,"Céntrate en ti mismo, ignora los demás. ¿Quién te importa más que tu propio ser?",Justin Bieber,https://open.spotify.com/track/50kpGaPAhYJ3sGmk6vplg0
Pop Anglo,Lucid Dreams,"Sueños claros, donde la realidad parece desvanecerse y las emociones fluyen libremente.",Juice WRLD,https://open.spotify.com/track/285pBltuF7vW8TeWk8hdRR
Urbana,LUNA,Un satélite natural que brilla en la noche.,"Feid, ATL Jacob",https://open.spotify.com/track/7bywjHOc0wSjGGbj04XbVi
Tropical,Luna Negra,Un satélite oscuro que tiñe la noche.,Rey Ruiz,https://open.spotify.com/track/7mdygXWc4Rl4u2vnCj2h03
Urbana,Machete,"Cuchillo grande que usas en la jungla, símbolo de valentía y poder.","Héctor ""El Father"", Daddy Yankee",https://open.spotify.com/track/1n378okiaJGDR06by3YM2U
Urbana,Madrid (feat. Myke Towers),La capital de España unida a un artista que sabe conquistar con su voz.,"Maluma, Myke Towers",https://open.spotify.com/track/19OXtYzrJyCrQvTbfukt4H
Tropical,Magdalena,Una mujer que comparte nombre con una ciudad en el sur de España.,Orquesta La Conspiración,https://open.spotify.com/track/6Sh5qYcUgtlj2OJ6UU8Au9
Vallenato,Mágico,Un adjetivo que describe lo que sorprende y encanta; puede ser un truco del destino.,"Sagitario, Jesús Manuel, Víctor Nain",https://open.spotify.com/track/50mzS7nbGTyqoskCJpEngU
Pop Anglo,"Make a W (feat. Skrillex, AJ Tracey & BEAM)",Forma de letra en el abecedario que da pie a un giro inesperado.,"Headie One, Skrillex, AJ Tracey, BEAM",https://open.spotify.com/track/1TvL9bTK09XpG2NtAkD4nq
Tropical,Makizando,"Un término que suena como el acto de mezclar ritmos, pero con la esencia de ""hacer"".",Orquesta Guarajeo,https://open.spotify.com/track/1S1mH6XqQP6KrzcCy4kjaH
Tropical,Mal Herido,Un estado que describe el daño emocional profundo que deja una ruptura amorosa.,Gilberto Santa Rosa,https://open.spotify.com/track/0MUDnJothothe5lWJ23Cf7
Urbana,Mal o Bien,Estado que se puede describir como favorable o desfavorable en una situación.,Greeicy,https://open.spotify.com/track/2EzovFuGDAcjzMGuz39pt4
Tropical,Mala Suerte,Un infortunio que puede perseguirte sin descanso.,Henry Fiol,https://open.spotify.com/track/6AR1SA2vVy9zAxHdoOINva
Banda,Maldita Traga,Un deseo que se vuelve un sufrimiento por una atracción difícil de manejar.,Yeison Jimenez,https://open.spotify.com/track/7EdEAR3PtVJzd0VBzcGFpi
Banda,Maldita Traicion,"Un engaño que causa dolor, dejando una huella de resentimiento y desconfianza.",Alzate,https://open.spotify.com/track/1vBkb5uekLodTDjvHWwnm4
Pop Latino,Maldito duende,"Una criatura encantada que trae mala suerte, en el folklore es muy conocido.",Heroes Del Silencio,https://open.spotify.com/track/7vcDJCAO356RYkCfiUozmE
Tropical,Mambo Batiri,"Ritmo contagioso que invita a moverse, pero cuidado, ¡eso puede hacer que algo se mueva!",YenJuan,https://open.spotify.com/track/1t4YXEJzMjvDkqQ2saj9zi
Urbana,MAMIII,"Una palabra que se usa para referirse a una mujer fuerte y poderosa, repetida con una doble ""i"".","Becky G, KAROL G",https://open.spotify.com/track/1ri9ZUkBJVFUdgwzCnfcYs
Pop Anglo,Man in the Mirror,Observa al varón en el cristal y busca el cambio que deseas ver.,Michael Jackson,https://open.spotify.com/track/2u2udGmop1z67EPpr91km7
Pop Latino,Manda Una Señal,"Envía un mensaje claro en el aire, para que pueda escucharte hoy.",Maná,https://open.spotify.com/track/1EBjjYIsLIHmMWnhPnHxfN
Pop Anglo,Maniac,Un individuo que pierde el control por completo en su pasión.,Michael Sembello,https://open.spotify.com/track/0QKfiqpEU4h9ycPSzIFwYe
Tropical,Manos de Tijera,"Unas extremidades afiladas, creadas para cortar, que a veces son metálicas.",Yiyo Sarante,https://open.spotify.com/track/5ds1Hh3lo4JUF2vflqyayK
Pop Anglo,Maps,"Objetos que ayudan a orientarse, pero con un sentido más profundo que solo direcciones.",Maroon 5,https://open.spotify.com/track/4gbVRS8gloEluzf0GzDOFc
Plancha,Maracas,Instrumento de percusión que se llena de energía al ser sacudido con alegría.,"Joan Sebastian, Alberto Vazquez",https://open.spotify.com/track/5Cf8MCD6NcYvy8RQL2khAS
Tropical,Marejada Feliz,Una ola de buena vibra que te hace bailar y sonreír.,Roberto Roena Y Su Apollo Sound,https://open.spotify.com/track/6yntDRxeKQo8eB5cLY9tkm
Tropical,Margie,"Una diminuta pero valiosa expresión de cariño que comienza con ""M"".",Ray Barretto,https://open.spotify.com/track/468KewwnYDaGofS7CHhR3K
Pop Anglo,Maria Maria (feat. The Product G&B),Una figura de mujer que comparte su nombre con una flor y su historia cautiva.,"Santana, The Product G&B",https://open.spotify.com/track/3XKIUb7HzIF1Vu9usunMzc
Pop Anglo,Marry You,"Una propuesta de unión que suena a ""sí"" en el momento perfecto.",Bruno Mars,https://open.spotify.com/track/6SKwQghsR8AISlxhcwyA9R
Pop Anglo,Marvin Gaye (feat. Wale) - Remix,"Un apodo para el hijo de un hombre llamado ""Marvin"" que suena a ""títere de un rey"".","Charlie Puth, Wale",https://open.spotify.com/track/4LfkoDOt4mhrbo8Ndk37sQ
Plancha,Mary Es Mi Amor,Una chica que ocupa un lugar especial en mi corazón.,Leo Dan,https://open.spotify.com/track/7rtaRzuEKom36ZmQSmL6EB
Plancha,Más Allá Del Sol,Un lugar superior a la estrella más brillante.,Joan Sebastian,https://open.spotify.com/track/3rusXt8aQcGDtYImYtL5tm
Urbana,Más De La Una,La cantidad superior a la hora inicial para compartir momentos juntos.,"Piso 21, Maluma",https://open.spotify.com/track/69Y5IZuBvGyzySFt5x7kCq
Tropical,Más de Mi Parte,Exceso de lo que me corresponde en una relación.,"Jimmy Saa, Marino Luis, Tarry Garcés",https://open.spotify.com/track/6x0nvYiKb7oOA2f6dZ7Tzz
Tropical,Mas Que Amor,"Una intensidad que supera el cariño, más profundo que cualquier sentimiento.",Grupo Galé,https://open.spotify.com/track/5H83k2O3b6vuL5dljtnbwB
Tropical,Más Que Palabras,"Lo que se necesita a menudo no se expresa solo con sonidos, sino con mucho más.",Grupo Niche,https://open.spotify.com/track/0DaFowAqjlEbisMddK326N
Plancha,Más Que Tu Amigo,"Aumenta la profundidad de lo que sientes por alguien especial, más allá de la amistad.",Marco Antonio Solís,https://open.spotify.com/track/1Vy7WUJubV9JEoebuJ9dfe
Pop Latino,Más y Más (feat. Ricky Martin),"Un incremento constante, nunca se sacia, siempre anhela un poco más.","Draco Rosa, Ricky Martin",https://open.spotify.com/track/2Trp0YqhfDVQbLBepoDS2q
Pop Anglo,Master Of Puppets,El gran controlador de hilos que mueve a sus marionetas a su antojo.,Metallica,https://open.spotify.com/track/2MuWTIM3b0YEAskbeeFE1i
Urbana,MATADORA,El título evoca a una mujer que es capaz de acabar con todo a su paso.,KAROL G,https://open.spotify.com/track/04d5HlcQX6zH5MMqffXOon
Banda,Matemos las Ganas,Acabemos con ese deseo ardiente que no nos deja tranquilos.,Jessi Uribe,https://open.spotify.com/track/0bID0lGh8aR5jc6PkiyPUN
Urbana,Maybe,"Probablemente, una opción futura que podría suceder o no.",KAROL G,https://open.spotify.com/track/3Ly42p2mL3JFP3rXaOqJrT
Urbana,Mayor Que Yo,El que tiene más años o experiencia que una persona en particular.,Wisin & Yandel,https://open.spotify.com/track/0yy6SegPRLQU03ftqy8w6L
Urbana,Mayores,"Los que tienen más vida, experiencia y un toque especial; son los que atraen.","Becky G, Bad Bunny",https://open.spotify.com/track/7JNh1cfm0eXjqFVOzKLyau
Urbana,Me Acostumbré,"Rutinario, ya no se siente extraño; aprendí a convivir con lo que fue.","De La Ghetto, Arcángel",https://open.spotify.com/track/6y48CWvkPuR1krQ4mZiqZc
Tropical,Me Acostumbré,Llegué a hacer de un hábito lo que debería ser excepcional.,Frankie Ruiz,https://open.spotify.com/track/5bDp98TFJRM7heLVf5e6IT
Tropical,Me Atrapa La Noche,El momento del día cuando todo se oscurece y se siente una conexión profunda.,Edgar Joel,https://open.spotify.com/track/0IzROemMokdZ5EuyCoYFlg
Tropical,Me Atrapa La Noche,"Cuando el sol se oculta y el cielo se oscurece, siento que el misterio me envuelve.","Edgar Joel, Anthony Colon",https://open.spotify.com/track/6WIDigusOssQJ83hS5T8fc
Banda,Me Atrapaste,"Un efecto sorprendente que te deja sin salida, atrapado en su red.",Darío Gómez,https://open.spotify.com/track/6LgRkAObJJUQEqV41szQ0R
Tropical,Me Basta,Lo único que necesito para sentirme pleno es una dosis de tu amor.,Grupo Galé,https://open.spotify.com/track/3v51lq1yGyQczIbdMQM1oP
Banda,Me Bebi Lo del Mercado,Un acto de consumo que puede llevarte a olvidar lo que hay en el negocio.,Jimmy Gutierrez,https://open.spotify.com/track/3XP6BLVidro2cqmNa2UrQN
Banda,Me Bebí Tu Recuerdo,Lo que queda después de un encuentro etílico con un pasado nostálgico.,Galy Galiano,https://open.spotify.com/track/4qDw65LRA3tT1ZDmghkgFA
Vallenato,Me Cuesta Tanto,Un desafío emocional que parece interminable.,Los inquietos del vallenato,https://open.spotify.com/track/02csRDSUBEhhAEYhCXZigc
Plancha,Me Cuesta Tanto Olvidarte,Dificultad grande para dejar atrás lo que fue y aún pesa en el corazón.,Mecano,https://open.spotify.com/track/4iqXKJhwbOtOT5aHZr7Fxj
Tropical,Me Das Libertad,Un regalo invaluable que permite ser uno mismo sin ataduras.,Wichy Camacho,https://open.spotify.com/track/0Sj5rTkK5J7judn43KbznE
Vallenato,Me das y Me Quitas Todo,Tú ofreces y luego retiras lo que un corazón necesita.,Los Gigantes Del Vallenato,https://open.spotify.com/track/3jDmnqgBczhwzeuB62o3AW
Banda,Me Dedico a Beber,"Acciono una actividad que implica disfrutar de una bebida, en lugar de actuar en lo emocional.",Alzate,https://open.spotify.com/track/54r8zxxWJ145pfTDuL5uOM
Pop Latino,Me Dediqué a Perderte,Decidí invertir mi tiempo en algo que terminó mal.,Alejandro Fernández,https://open.spotify.com/track/4NUt1fcnO9aQAELBgXq3Kr
Vallenato,Me Dejaste Sin Nada,"Lo que solías darme se ha evaporado, y ahora me encuentro en el vacío total.","Patricia Teherán, Las Musas Del Vallenato",https://open.spotify.com/track/00Yl6SEMlkvr0mnZGhvvcr
Banda,Me Dejé Llevar,Permíteme soltarte al viento y seguir el rumbo que me ofreces.,Christian Nodal,https://open.spotify.com/track/3paOSlqrFcMhdGDZ5513AJ
Tropical,Me Dejó En El Aire,Un estado de ligereza que surge tras una repentina ausencia.,El Gran Combo De Puerto Rico,https://open.spotify.com/track/2wPz7nYqxrArOTVUmHPi0l
Banda,Me Dices Que Te Vas,Cuando te comunicas con alguien y esa persona te anuncia su partida.,Jessi Uribe,https://open.spotify.com/track/6VXqzMnQikuRryFNGDNCj5
Vallenato,Me Domina El Amor,Un sentimiento tan fuerte que te tiene a su merced y no puedes escapar.,Los Diablitos,https://open.spotify.com/track/6IGTjzsXV7VuWlPSPvQIuK
Vallenato,Me Duele Tanto,Una sensación profunda por el sufrimiento que causa un amor.,Los inquietos del vallenato,https://open.spotify.com/track/79uBJc5O5X73EpTaBIf5Tj
Tropical,Me Enamoro,Cae en un estado de profundo afecto y pasión.,Grupo Galé,https://open.spotify.com/track/31xYE5iJL4AWSoe995d21G
Urbana,Me Estas Tentando,Un impulso que proviene de un deseo irresistible y seductor.,Wisin & Yandel,https://open.spotify.com/track/5AgTh1F60YyMzigEAheOox
Tropical,Me Estoy Enamorando,Siento que mi corazón se altera al experimentar una sensación profunda y romántica hacia ti.,Jerry Rivera,https://open.spotify.com/track/0vl2mVJcPazbmvOdmP1kYH
Vallenato,Me Estoy Enamorando,"Siento un cambio profundo en mi corazón, algo dulce que florece.","Miguel Morales, Victor ""Rey"" Reyes",https://open.spotify.com/track/0BUM1ZZnX7gPpGeJ8vBICu
Banda,Me Extraño,"El recuerdo de lo que solía ser, pero ahora sólo en mi mente queda.","Romeo Santos, Christian Nodal",https://open.spotify.com/track/3qx4POjFiODHPwCBjq8IEW
Tropical,Me Faltas Tú,Ese vacío que sientes cuando alguien especial ya no está contigo.,Eddie Santiago,https://open.spotify.com/track/6TPzGDw79YNBzsL6FoqhiJ
Tropical,Me Fascina Esa Mujer,Una dama que atrae con un encanto irresistible.,Omar Alfanno,https://open.spotify.com/track/2ybmoT1DlnxVHt4RTEdBwx
Banda,ME GUSTAS,"Siento agrado por ti, y esa atracción me resulta muy clara.",Grupo Frontera,https://open.spotify.com/track/3asg0JPGx2OKqor5jhZXT8
Vallenato,Me Gustas Mucho,"Siento una gran atracción por ti, de una manera intensa y clara.","Luis Mateus, La Nueva Generación",https://open.spotify.com/track/29XoPNlwQVMQnAbYXJXDBq
Vallenato,Me Haces Daño,El efecto de tus acciones sobre mi bienestar emocional.,"Luis Mateus, La Nueva Generación",https://open.spotify.com/track/1ECf2NTDkyxJybHJvHbkXG
Vallenato,Me Haces Tanta Falta,Tu ausencia pesa como un ladrillo en mi pecho.,Los Gigantes Del Vallenato,https://open.spotify.com/track/2T90q99RFGPXKocoOKaooQ
Tropical,Me Liberé,"Rompiendo cadenas que ataban mi ser, ahora soy dueño de mi destino.",El Gran Combo De Puerto Rico,https://open.spotify.com/track/1IcnHHfeAkdc88LybFWwb9
Urbana,Me Llamas (feat. Maluma) - Remix,"Cuando necesitas compañía, pero solo recibes el eco de un nombre.","Piso 21, Maluma, Juan Luis Londoño Arias ""Maluma""",https://open.spotify.com/track/5hEM0JchdVzQ5PwvSfITeX
Vallenato,Me Mata la Melancolía,"Una sensación que te consume, ligada a la nostalgia profunda que no se apaga.",Los Gigantes Del Vallenato,https://open.spotify.com/track/5jXt0cLk4bIuWkGoCyNOIa
Tropical,Me Mata La Soledad,"Una compañera que nunca se va, me envuelve y me consume en su abrazo.",Tito Rojas,https://open.spotify.com/track/3EKsRQDRXgXHmNxQZ76MFc
Tropical,Me Negó,"Un rechazo absoluto, como cuando el amor se niega a manifestarse.",Adolescent's Orquesta,https://open.spotify.com/track/73Wi69BqzsFX1QIAD144qN
Tropical,Me Niegas Tanto Amor,Rechazas de manera reiterada ese sentimiento hacia mí.,Pedro Conga,https://open.spotify.com/track/5rZ4XYvFC48L2fw2rUNc3o
Urbana,Me Niego (feat. Ozuna & Wisin),"Rechazo a aceptar lo inevitable, aunque el corazón insista.","Reik, Ozuna, Wisin",https://open.spotify.com/track/4ggiDYAkJ7Yk8d5xOr7Xjo
Vallenato,Me Parte el Corazón,Un órgano que bombea amor se quiebra por el dolor.,Daniel Calderón,https://open.spotify.com/track/70H4JDr5CUk1aHY0LtVSpN
Urbana,Me Pones en Tensión,Un estado de nervios que causa una persona que te atrae con intensidad.,"The Noise, Zion & Lennox",https://open.spotify.com/track/5WVZfMIrS6hbvwG8hpRHCR
Urbana,Me Porto Bonito,"Compórtate de una manera agradable, que la apariencia sea todo un deleite.","Bad Bunny, Chencho Corleone",https://open.spotify.com/track/6Sq7ltF9Qa7SNFBsV5Cogx
Urbana,Me Provocas,El efecto de ser un imán que atrae mis deseos.,"Fumaratto, Valka",https://open.spotify.com/track/4LjqHtfkcDdO2o3i0Z7AxJ
Tropical,Me Quiero Ir Contigo,Deseo de partir hacia el lugar donde tú estés.,Mauro Castillo,https://open.spotify.com/track/5TcZeUZgSI2eQfZtTyce1L
Banda,Me Sacaron Del Tenampa - En Vivo,"Te expulsaron de un famoso lugar donde se toca música mexicana, sin opción de volver.",Yeison Jimenez,https://open.spotify.com/track/6LkrwhGLc9XlmWeuk7Q78z
Pop Latino,Me Soltaste,Liberaste el anhelo que me unía a ti.,Jesse & Joy,https://open.spotify.com/track/02yD6Wmpx5kLAoXLQOnuEb
Tropical,Me Tengo Que Ir,Una afirmación que indica que es momento de marcharse.,Adolescent's Orquesta,https://open.spotify.com/track/3kNQh1pLaQbZZoh6GDzHGp
Urbana,Me Tienes Que Olvidar,Lo que se necesita hacer cuando el amor ya no está presente en el corazón.,Aspirante,https://open.spotify.com/track/2gccx1c94LkVYh3x6dCLMW
Vallenato,Me Tiraste Al Mar,"Te lanzaron a las profundidades del océano, sin un salvavidas.",Los Diablitos,https://open.spotify.com/track/4x0fsFljh9cbNLQTZxCov1
Vallenato,Me Tocó Perderte,"Una vez más, el destino me ha fallado, y me deja sin lo que anhelaba.","Los Chiches Vallenatos, Amin Martinez",https://open.spotify.com/track/2nrbEUO1fIZ72I6Jdf1m8h
Banda,Me Tragaba Tus Mentiras,"Cuando creí que todo era verdad, tus palabras se convirtieron en mi alimento.",Jhonny Rivera,https://open.spotify.com/track/0Z2KrRMIL80GrzQUmXsLeu
Tropical,Me Va a Extrañar,"Cuando la ausencia se siente, el deseo de volver a ver a alguien crece.","Aguanile, Proyecto A",https://open.spotify.com/track/4VOP3hGE7XdmgOJNroiPKS
Vallenato,Me Vas A Extrañar,El futuro sin ti: un eco de recuerdos que nunca se apagan.,Binomio de Oro de América,https://open.spotify.com/track/012cYVnGDH4YYAyKhSdIus
Tropical,Me Volvieron A Hablar De Ella,Un antiguo amor vuelve a ser tema de conversación tras su regreso.,Gilberto Santa Rosa,https://open.spotify.com/track/79mr4SK8sOcMrBVIZE2IpZ
Pop Latino,Me Voy,"Decido marcharme, dejando atrás un amor que ya no me hace bien.",Julieta Venegas,https://open.spotify.com/track/100Tm6z29RfHTdUQ6NIs0s
Tropical,Me Voy A Regalar,Decido ofrecerme a mí mismo un presente.,Marc Anthony,https://open.spotify.com/track/3zgmOyM7uUT1xdEXU9r8Bl
Vallenato,Me Voy De Ti,Decido partir hacia un destino sin ti.,Binomio de Oro de América,https://open.spotify.com/track/3IJfVcDe4tZlLAPpEPuGvs
Tropical,Me Voy para Siempre,"Decido tomar un camino sin regreso, dejando atrás lo que ya no es mío.",A Lo Nuestro,https://open.spotify.com/track/5jECPk0o0qLxM4BI0hOPoQ
Tropical,Mecanico,"El experto en ajustes de motores y piezas, quien hace que todo funcione.",Grupo Niche,https://open.spotify.com/track/2h4vki7HgguGrEA6t9VMcc
Urbana,Medallo,"Un lugar en el corazón de Colombia, lleno de ritmo y alegría.","Blessd, Justin Quiles, Lenny Tavárez",https://open.spotify.com/track/6lX6l7OuA3qrnIRfdsr0dw
Tropical,Medley Julio Iglesias I,Una recopilación de melodías de un famoso cantante español que encanta a muchos.,"Carlos Nuño, La Grande De Madrid",https://open.spotify.com/track/0YwqooCKsgAyG9oqs7kcjS
Pop Anglo,Meet Me Halfway,"En el camino donde ambos deben encontrarse, no todo es al final, hay un término medio.",Black Eyed Peas,https://open.spotify.com/track/3F9ByoUqu31xU0I3G5xfVg
Urbana,Mejor No Nos Vemos,La opción menos favorable es evitar nuestro encuentro.,Rels B,https://open.spotify.com/track/6NT4RZ6CF6qFJqslGdqaRM
Urbana,Mejor que Yo,"Superando mis habilidades, siempre un paso por delante de lo que puedo lograr.",Maisak,https://open.spotify.com/track/4ip9Am8jivJIAio3rsa2Be
Tropical,Mejor Sin Ti,Vivir sin tu presencia puede ser la opción más favorable.,Aguanile,https://open.spotify.com/track/3gRGCKnKZBPK2EmeSsrU7x
Banda,Mejor Solito,"A veces, es preferible estar solo que mal acompañado.",Jhonny Rivera,https://open.spotify.com/track/616loNEG6FJ6wN3eqUcJCD
Tropical,Memorias,Recuerdos de momentos pasados que aún reviven en tu corazón.,ELVIS MAGNO,https://open.spotify.com/track/7uqYVAyZ0gdKPQIdsRCdjc
Pop Latino,Mentira,"Falsedad que se revela en las palabras, un engaño disfrazado de verdad.",La Ley,https://open.spotify.com/track/5Em7MA991Gn3yhheaul0CX
Tropical,Mentira,"Una afirmación que no es cierta, a menudo se le llama así.",Cheo Feliciano,https://open.spotify.com/track/6BGwtzZDboWdUAdtcAj3eQ
Plancha,"Mi Amante Niña, Mi Compañera","El ser querido que ocupa mis pensamientos, con alma de infante y lazo eterno.",Leonardo Favio,https://open.spotify.com/track/7urpqJEBwPvIvd3xKUARED
Tropical,Mi Amuleto,Un objeto de buena suerte que protege lo que más quieres en tu corazón.,Willy Garcia,https://open.spotify.com/track/6roHofIhFbZ9AA2AqHaIOK
Plancha,Mi Buen Amor,"Un afecto que es profundo y sincero, pero que tiene un matiz excepcional.",Camilo Sesto,https://open.spotify.com/track/2vHRfiBVZeUEJhrmXQLA2H
Plancha,Mi Buen Corazón,Un órgano vital que late junto a un adjetivo que describe lo positivo.,Amanda Miguel,https://open.spotify.com/track/5rH8LM84M3eG0ZtzkkYMLD
Plancha,Mi Cacharrito (Road Hog),Un pequeño vehículo que lleva recuerdos y un refugio especial.,Roberto Carlos,https://open.spotify.com/track/0QWTNCHEwPyYyHqglBop9r
Urbana,Mi Cama Huele a Ti (feat. Zion & Lennox),El mueble donde duermes tiene un aroma que recuerda a tu presencia.,"Tito ""El Bambino"", Zion & Lennox",https://open.spotify.com/track/0O21yXz2ywoj4NIIGi38UP
Plancha,Mi Corazón Lloró,"El estado del órgano que siente, desgarrado por la tristeza.",King Clave,https://open.spotify.com/track/5FVBS2wgzQ66TTCeOSkmZq
Urbana,Mi Corazoncito,Pequeño órgano en el pecho que siente en exceso por alguien especial.,Aventura,https://open.spotify.com/track/5I76YtdZkFQReVgKppRd78
Tropical,Mi Credo,Declaración de mis principios y convicciones.,Proyecto A,https://open.spotify.com/track/5Sc2jah3ZApzr7LWzy2DPG
Banda,Mi Decisión - Remix,"Una elección personal que puedes tomar, sin que nadie más interfiera.","Jhonny Rivera, Sebastián Ayala, Andy Rivera",https://open.spotify.com/track/1l8VIDA3SN6UyfSAnr2ytZ
Tropical,Mi Desengaño,La pérdida de la ilusión que se siente al descubrir una verdad amarga.,Roberto Roena Y Su Apollo Sound,https://open.spotify.com/track/1RKBf3NxIYZXKZNzdrXg69
Banda,Mi Desesperación,"Un fuerte anhelo que toca el alma, cuando el tiempo parece no avanzar.",Darío Gómez,https://open.spotify.com/track/3EO0ww2uaTmAVS23zOxAhS
Vallenato,Mi Diosa Humana,"Ser supremo y divino que camina entre los mortales, llenando de luz sus días.","Miguel Morales, Juan David Herrera",https://open.spotify.com/track/1TdS58WrPL19Mtk8iOq529
Vallenato,Mi Dulce Amor,El sabor más placentero de un cariño que alegra el alma.,Los inquietos del vallenato,https://open.spotify.com/track/4ZSvjWWlGJo0x4D9ukmtxU
Plancha,Mi Eterno Amor Secreto,Un cariño oculto que perdura en el tiempo.,Marco Antonio Solís,https://open.spotify.com/track/5obxcZHZMJRx4ynD8SxEoz
Urbana,MI EX TENÍA RAZÓN,El antiguo amor tenía buena percepción sobre lo que iba a pasar.,KAROL G,https://open.spotify.com/track/54zcJnb3tp9c5OVKREZ1Is
Tropical,Mi Gente,"Pueblo unido en celebración y ritmo, todos bailando al son de la vida.",Héctor Lavoe,https://open.spotify.com/track/7epwpv5eX5E5rJLOKMBKS4
Tropical,Mi Hijo y Yo,"Un pequeño y su progenitor, unidos en un vínculo especial.",Grupo Niche,https://open.spotify.com/track/1U8M7PLBq7mlCt4graGE1V
Banda,Mi Historia Entre Tus Dedos,Relato de mis vivencias en el espacio entre tus manos.,Luis Alfonso,https://open.spotify.com/track/0m8MKGOQbebZu8V7ZA4uR4
Pop Latino,Mi Historia Entre Tus Dedos - Remastered 2020,Un relato vivido en el contacto de tus manos y la mía.,Gianluca Grignani,https://open.spotify.com/track/3UgduSS2bCMmatRox69u3g
Tropical,Mi Libertad,"Una sensación que todos anhelamos, sin cadenas que nos aten y nos dejen ser.",Frankie Ruiz,https://open.spotify.com/track/3IubZqk9itERWMMzcAfdt1
Plancha,Mi Mayor Sacrificio,El mayor costo que uno puede pagar por amor.,Marco Antonio Solís,https://open.spotify.com/track/3ro4mInXd3wwUGNmFKINeV
Tropical,Mi Media Mitad,"La parte que completa a alguien, la que se siente como un todo.",Rey Ruiz,https://open.spotify.com/track/64QyipABOzDwoUFqaEnCvU
Tropical,Mi Mundo Es De Ella,El reino que tengo es solo para su majestad.,Maelo Ruiz,https://open.spotify.com/track/3uKPP5bJE6mENDeSdPzDyT
Plancha,"Mi Mundo, Tú",Un universo donde las cosas giran a tu alrededor.,Camilo Sesto,https://open.spotify.com/track/0b7PdaAT8dTBpMwDE4i0Um
Urbana,Mi Niña,Pequeña a la que le dedico mis suspiros y mis mejores deseos.,"Wisin, Myke Towers, Los Legendarios",https://open.spotify.com/track/2bgcUk2A3jjKbCJ7KPquTi
Vallenato,Mi Novia Mujer,La compañera con quien comparto mi vida es también de mi género.,Los Diablitos,https://open.spotify.com/track/0SX6vVxXIZWtPekU3Ifq0D
Banda,Mi Palabra Contra la de Ellos - En Vivo,Un término que defiende tu visión versus la de un grupo que opina diferente.,Luis Alfonso,https://open.spotify.com/track/0sBVn4NN8VlR9WMmyZ1Cek
Urbana,Mi Pecadito,"Una travesura que me hace sentir culpable, pero que disfruto sin parar.","Mike Bahía, Greeicy",https://open.spotify.com/track/5MlE71RdbkyVTuC0lvzWst
Vallenato,Mi Primer Amor,El afecto inicial que experimentamos con alguien especial.,"Los Chiches Vallenatos, Amin Martinez",https://open.spotify.com/track/25BjqOwuQ1L7MOBfB6Ksm7
Pop Latino,Mi Primer Dia Sin Ti,"El momento en que todo comienza de nuevo, tras la ausencia de una compañía.",Los Enanitos Verdes,https://open.spotify.com/track/7eKkXV2jH4xGefItHAUk9g
Tropical,Mi Pueblo Natal,El lugar donde crecí y guardo mis raíces.,Grupo Niche,https://open.spotify.com/track/6X0at6vx4w2IF6zueRoB8Z
Urbana,mi refe,"Un ejemplo de algo que te guía, en este caso, a donde miras con amor.","Beéle, Ovy On The Drums",https://open.spotify.com/track/7ricDBUakN3N0YkkKE8Obu
Banda,Mi Renuncia,"Una declaración de separación, un acto de dejar atrás lo que fue.",Darío Gómez,https://open.spotify.com/track/7em1GCdeDU60h5r6WUlEIU
Urbana,Mi Santa (feat. Tomatito),"Una figura celestial a la que le atribuyen bondad, acompañada de un nombre propio.","Romeo Santos, Tomatito",https://open.spotify.com/track/4EbAftNM732UGLF8gmIIsX
Vallenato,Mi Segunda Vida,"Una existencia adicional, donde todo vuelve a comenzar.",Binomio de Oro de América,https://open.spotify.com/track/2aRFBt9T9HrNAjP5pwl8wd
Tropical,Mi Segundo Intento,Una oportunidad más para no fallar en el amor.,Bazil Alexander,https://open.spotify.com/track/4H8t4hWGJ3HkktwhkdnMLC
Vallenato,Mi Soledad,"La ausencia que pesa en el alma, un estado de aislamiento profundo.",Los inquietos del vallenato,https://open.spotify.com/track/0p0Uirdld5PsK93kGRj9Xv
Pop Latino,Mi soledad y yo,Una compañera que siempre está presente cuando estoy sin compañía.,Alejandro Sanz,https://open.spotify.com/track/7nY8fkDi2zmlQQHGSN9U9m
Tropical,Mi Sueno,"Aquel anhelo que se busca, la ilusión que se siente al despertar.",Willie Colón,https://open.spotify.com/track/7L1SGKE5a8GeCY03uY4XUS
Tropical,Mi Sueño,Un deseo que se presenta mientras descansas en las nubes.,Willie Colón,https://open.spotify.com/track/7L1SGKE5a8GeCY03uY4XUS
Tropical,Mi Valle del Cauca,"Un lugar fértil en la región, donde el agua y la tierra dan vida.",Grupo Niche,https://open.spotify.com/track/797dBiFlSFD4fVYGlNYc7V
Urbana,Mi Vecinita,"Una joven que vive cerca de ti, que a menudo despierta tu interés.",Plan B,https://open.spotify.com/track/18DmZ510OB9XATcFbQ8vDZ
Banda,Mi Venganza,El regreso de lo que se busca para saldar cuentas personales.,"Alzate, Yeison Jimenez",https://open.spotify.com/track/3f4AsGGYt94t7g1lHcsa8D
Pop Latino,Mi Verdad (feat. Shakira),Una expresión honesta sobre lo que realmente siento.,"Maná, Shakira",https://open.spotify.com/track/3YmA3gZqlXl0MkwhkVKxRy
Urbana,Mi Vida Eres Tu,"El centro de mi existencia, la razón detrás de mi ser.",Sonyk El Dragón,https://open.spotify.com/track/5A2Hv1BwOY0WCfbo3U2ukA
Tropical,Mia,"Pertenezco a ti, pero no soy solo tuyo.",Eddie Santiago,https://open.spotify.com/track/3x4oECarDKCZxecqOYis52
Tropical,Mía,"Perteneciente a mí, en un sentido emocional profundo y exclusivo.",Eddie Santiago,https://open.spotify.com/track/6RCHqUodOWBkMBPiKYzJhP
Pop Anglo,Miami,Una ciudad soleada donde el ritmo y la fiesta nunca se detienen.,Will Smith,https://open.spotify.com/track/6e8Ou0wiqAzIpWb2eSxll8
Banda,Miel Con Licor,Dulce sustancia natural que se mezcla con una bebida que embriaga.,Christian Nodal,https://open.spotify.com/track/6i14LuDm0BEtjcfa3hjElq
Plancha,Miénteme...,"Engáñame, susurra lo que deseo oír, mientras el corazón se engaña.",Camilo Sesto,https://open.spotify.com/track/0dnmc1ci2MzQNuIqJkJc92
Pop Latino,Mientes,"Lo que haces al no decir la verdad, una falta que hiere el corazón.",Camila,https://open.spotify.com/track/5EhzE6HJaCcLFrf5rPqvpk
Pop Latino,Mientes Tan Bien,Engañas con tanta destreza que parece que lo haces a la perfección.,Sin Bandera,https://open.spotify.com/track/072YgF7J2clpY8DsWOpEri
Plancha,Mientras Me Sigas Necesitando,"Condición de dependencia emocional, mientras tu deseo permanezca en mi corazón.",Camilo Sesto,https://open.spotify.com/track/3U7cXZ5U6C9ut6ouV9TL6a
Pop Anglo,Million Reasons,"Contando hasta un millón, hay motivos que me impulsan a seguir.",Lady Gaga,https://open.spotify.com/track/7dZ1Odmx9jWIweQSatnRqo
Tropical,Mira Mi Piel,Observa el recubrimiento que me define y muestra mi esencia.,La Misma Gente,https://open.spotify.com/track/46yvlFqFEIMJsp6RNP4p1X
Urbana,Mírala Bien,"Observa con atención a esa mujer, la belleza está en los detalles.",Wisin & Yandel,https://open.spotify.com/track/04uA3BJ1Rj8DBKkpKCABJx
Urbana,Mírame,"Observa con atención, que te estoy mostrando mi verdadero yo.",Daddy Yankee,https://open.spotify.com/track/2uD8iz9c0XXDFwYgLJez1A
Urbana,Mírame,Observa mis ojos y verás mi historia en un instante.,"Blessd, Ovy On The Drums",https://open.spotify.com/track/2btNsI4OvcVl7SAHQQDHFB
Tropical,Mirándote,Observando la imagen de alguien que te hace sentir especial.,Frankie Ruiz,https://open.spotify.com/track/61HBVoReWHVKEhG3xSWGCK
Pop Anglo,Mirrors,"Reflejos de lo que somos, duplicados en una superficie brillante.",Justin Timberlake,https://open.spotify.com/track/4rHZZAmHpZrA3iH5zx8frV
Vallenato,Mis Hojas Secas,"Unas páginas que han perdido su frescura, recuerdos que ya no tienen vida.",Binomio de Oro de América,https://open.spotify.com/track/4KxUYbK7txurhQkqVmLhtJ
Urbana,Mis Ojos Lloran por Ti,"Aquello que permite ver, pero sufre una pérdida de humedad por tu causa.",Big Boy,https://open.spotify.com/track/0Vcl9VnjosNJZwcdRUdamR
Urbana,Mis Ojos Lloran Por Ti,Lágrimas fluyen de mis miradas debido a tu ausencia y la tristeza persistente.,"Big Boy, Angel Lopez",https://open.spotify.com/track/4fFgpzgSkmn3wajioLBPOr
Tropical,Miserable,Estado emocional de alguien que siente que la vida es una carga pesada.,Grupo Niche,https://open.spotify.com/track/0nJTWLMvzkCrkPixxTSzjY
Banda,MLP,Una combinación de un pequeño amigo y una pieza que hace música vibrar.,Yeison Jimenez,https://open.spotify.com/track/4DAMvNqHt0s8zJr6JwOoye
Urbana,Mojando Asientos (feat. Feid),"Humedeciendo el lugar donde te sientas, a menudo por momentos de espera.","Maluma, Feid",https://open.spotify.com/track/0LKu09Iq053CEUZ5ktQEWc
Vallenato,Momentos de Amor,"Instantes compartidos de afecto profundo, donde el corazón guarda su mayor tesoro.","Rafael Orozco, Binomio de Oro",https://open.spotify.com/track/2pX0FuidV0krQm6yy9DiQ3
Urbana,Mon Amour - Remix,"El término en francés para referirse a un ser querido, seguido de un fuerte sentimiento.","zzoilo, Aitana",https://open.spotify.com/track/5TMLavqGRKNxgzMBrVpC9R
Urbana,Monastery,"Lugar de paz y reflexión, donde la espiritualidad se encuentra con la soledad.","Ryan Castro, Feid",https://open.spotify.com/track/0hwPOmpTn71SMU5wMSlXvL
Urbana,Monotonía,"Ritmo que se repite sin cambios, donde la emoción se siente desvanecer.","Shakira, Ozuna",https://open.spotify.com/track/6G12ZafqofSq7YtrMqUm76
Pop Anglo,Monster (Shawn Mendes & Justin Bieber),"Criatura temida que vive en la sombra, a veces es un reflejo de nosotros mismos.","Shawn Mendes, Justin Bieber",https://open.spotify.com/track/1HbA4N1MiOsPthALesGFR1
Urbana,Morado,"El color que representa a la realeza y a la creatividad, mezclado en ritmos vibrantes.",J Balvin,https://open.spotify.com/track/35KmOEIUqAGn02t7n4qaIr
Urbana,More,Cantidad adicional que uno desea o anhela intensamente.,"Zion, Jory Boy, Ken-Y",https://open.spotify.com/track/0Imc5xRXd0eV9Ln55M1kz6
Pop Anglo,More Than Words,"Lo que trasciende el lenguaje y los gestos, es más profundo que lo que se dice.",Extreme,https://open.spotify.com/track/1gVgkQFOKa8Wc1HYsJtPdH
Pop Latino,Morena mía,Un color oscuro y un término cariñoso que resuena en los corazones.,Miguel Bosé,https://open.spotify.com/track/0HmQkmfYXRPweIg1ycw1R8
Pop Anglo,Mother Mary,La figura materna que a menudo invocamos en momentos de necesidad.,Ghost Monroe,https://open.spotify.com/track/2zeMMghDtFx6CD5vRoy8ma
Pop Anglo,"Moves Like Jagger - Studio Recording From ""The Voice"" Performance","El arte de desplazarse con gracia, como lo hace un famoso vocalista.","Maroon 5, Christina Aguilera",https://open.spotify.com/track/7pYfyrMNPn3wtoCyqcTVoI
Vallenato,Muchacha Encantadora,Dama fascinante que atrapa miradas con su gracia y dulzura.,"Los Chiches Vallenatos, Amin Martinez",https://open.spotify.com/track/5ZsIeVJdQ0d4Xk6mjRz2Cz
Plancha,Muchachita,"Pequeña dama de mis sueños, en mis recuerdos siempre brillas.",Miguel Gallardo,https://open.spotify.com/track/3PyTaC8BN0de4KfYaQDtBs
Vallenato,Muere una Flor,"En un jardín, un ser hermoso pierde su vida, dejando tristeza en el aire.",Binomio de Oro,https://open.spotify.com/track/4jwcomHvO4p9pEM4goHIXS
Vallenato,Muero por Verla,"Anhelo intensamente presenciarla, como si esa mirada fuera un motivo vital.","Luis Mateus, La Nueva Generación",https://open.spotify.com/track/5EVNN3HFy2BuLsJsfLQVRf
Tropical,Mujer,"Ser del género femenino, con gracia y fuerza en su esencia.",Frankie Ruiz,https://open.spotify.com/track/4wZsvkrlYJ0t2APDhMdf7n
Tropical,Mujer de Novela,"Ser protagonista en una historia de amor, con giros que todos quieren ver.",Grupo Niche,https://open.spotify.com/track/0ql5YXad4srSRaBoSAnR9h
Tropical,Muneco de Papel,"Un juguete que se pliega fácilmente, hecho de un material ligero y moldeable.",La Misma Gente,https://open.spotify.com/track/5suwL1fDKcJ4jGBLNEueQJ
Banda,Murió El Amor,"El fin de un sentimiento profundo que se apaga, dejando solo silencio.",Paola Jara,https://open.spotify.com/track/2D6SrlLoIjmDX8xhCBA06n
Vallenato,Murió el Amor,"El sentimiento que se apaga, dejando un vacío en el corazón.","Los Chiches Vallenatos, Amin Martinez",https://open.spotify.com/track/3c6XfJv6XdO6lwv9LUBtFR
Plancha,Murió La Flor,Un pétalo que se marchita para siempre.,Los Angeles Negros,https://open.spotify.com/track/6PyXH8zknCSDFUMMpWlqmm
Urbana,Na De Na,"Sin nada, como un vacío que no deja rastro.","Angel Y Khriz, Gocho ""El Lápiz De Platino"", John Eric",https://open.spotify.com/track/2Jz1X6ZB0gkkCVgmeVGVGp
Banda,Nace Un Borracho,Surge un individuo que ama perder el control de su juicio y sensatez.,Christian Nodal,https://open.spotify.com/track/6SnO4yCCYtz2rffMpEAlro
Tropical,Nada de Nada,"Lo opuesto a tener algo, en este caso, es no tener nada.",Marc Anthony,https://open.spotify.com/track/4CX96IInUaO0d6COMz62Qp
Tropical,Nada Sin Ti,"Sin tu presencia, todo carece de sentido; mi mundo se vuelve vacío y frío.",Jerry Rivera,https://open.spotify.com/track/4h0SQIfkKHJZ1FWVRQbW4H
Tropical,Nadie Como Ella,Una única persona que destaca entre todas las demás en su esencia.,Marc Anthony,https://open.spotify.com/track/17tppWCu7W5E2lozGQFJeE
Urbana,Nadie Como Tu,"Inigualable, ser único que llena mis días, no hay comparación.","Wisin & Yandel, Don Omar",https://open.spotify.com/track/4aODvtjwLMcNQ8x1xCw0uy
Tropical,Nadie Igual Que tu,"Incomparable, eres única en este mundo, nadie se le compara a tu esencia.",Maelo Ruiz,https://open.spotify.com/track/1E04xyii2FtGyCiAWgbm9k
Tropical,Nadie Mejor Que Tu,"Quien puede superarte no existe, solo tú brillando en mi mundo.",Eddie Santiago,https://open.spotify.com/track/0iqUmxR3LCmszLgyt7nOx9
Urbana,Nadie Sabe,Una persona que no tiene conocimiento de lo que sucede.,"Cheka, Michael Stuart",https://open.spotify.com/track/5kGGEaHEzrtqC4UJr8LiVR
Pop Anglo,Nasty,"Una palabra que describe algo atrevido y provocativo, a menudo mal visto por algunos.",Tinashe,https://open.spotify.com/track/6NjWCIYu1W8xa3HIvcIhd4
Pop Anglo,Neat Neat Neat,"Ordenado, ordenado, ordenado; un término que repite sin parar, ¿qué puede ser?",The Damned,https://open.spotify.com/track/4ECOvnBBOpMok5H9fiyS96
Tropical,Necesito,"A veces, en el amor, se siente una falta que es imperiosa.",Eddie Santiago,https://open.spotify.com/track/5dsvONcwN0KKLJQhadphSY
Tropical,Necesito un Amor,Un deseo profundo por la compañía de alguien especial que haga falta.,Antonio Cartagena,https://open.spotify.com/track/6rjh6tgY1lVoCtGdRQnt8h
Urbana,Necio (feat. Carlos Santana),Un tonto que insiste en un amor que no es correspondido.,"Romeo Santos, Carlos Santana",https://open.spotify.com/track/3DKWF8is9hzp84aSxnhlag
Pop Anglo,Never Be the Same,No volveré a experimentar lo que sentí antes; un cambio permanente.,Camila Cabello,https://open.spotify.com/track/4eWQlBRaTjPPUlzacqEeoQ
Pop Anglo,Never Say Never,"Repite el término que significa ""nunca"" seguido de la afirmación que niega una terminación.","Justin Bieber, Jaden",https://open.spotify.com/track/5GYbkDveRD2I8M5ZJ14hWn
Pop Anglo,New Heart,"Un órgano que late de nuevo, renovando lo que estaba ausente.",Crash Adams,https://open.spotify.com/track/4yI7z3Qd7n53y42T3sk0dK
Tropical,Ni Como Amiga Ni Como Amante,No en la posición de compañera y tampoco en la de relación amorosa.,Grupo Niche,https://open.spotify.com/track/0tICoFVAlyWQmelDmPrxYA
Plancha,"Ni el Clavel, Ni la Rosa",Unas flores que no representan ese amor que se marchita.,Leonardo Favio,https://open.spotify.com/track/1QTunetzLI4BfmOs6MT9jc
Banda,Ni Me Debes Ni Te Debo,"No hay cuentas pendientes entre nosotros, solo un equilibrio en esta balanza.","Carín León, Camilo",https://open.spotify.com/track/1393rKYgZHNphZrdx1jWoN
Banda,Ni Parientes Somos,"La conexión que nunca tuvimos, aunque compartimos sangre y apellidos.",Los Tigres Del Norte,https://open.spotify.com/track/4ojie0yZMpxm8OdhSKItUE
Banda,Ni Que Fueras la Mas Buena,"No es que tengas una virtud excepcional, pero te crees admirable.",Alzate,https://open.spotify.com/track/3rbeV5mt1vaQP0p7Ts1E17
Tropical,Ni Siquiera,En un estado tan profundo que ni la duda puede entrar.,Antonio Cartagena,https://open.spotify.com/track/5dPy3sVgBlE7HSbI3n6LOp
Banda,Ni Tengo Ni Necesito,Carezco de posesiones y no añoro sus beneficios.,Yeison Jimenez,https://open.spotify.com/track/6829KtrgNt2ZwrsE19nTEd
Tropical,Ni Un Paso Atrás,No retrocederé ni un centímetro en mis convicciones.,Rafu Warner,https://open.spotify.com/track/7HFJHg0umVV59xJpKTRsjf
Urbana,Niña Bonita,"Pequeña y hermosa, a la que todos admiran por su belleza.","Feid, Sean Paul",https://open.spotify.com/track/3Gs7mVfWKl567mjozgxmXv
Tropical,No Alcanzó,"Lo que deseas o anhelas, pero no llega a ser tuyo.",Víctor Manuelle,https://open.spotify.com/track/3t7EY8fqtE54L3au7KWQ8t
Vallenato,No Debi Enamorarme,"Un error que se siente dulce, pero que trae consigo un gran pesar emocional.","Miguel Morales, Juan David Herrera",https://open.spotify.com/track/0bIeRnqaogl3sInFbHvN5h
Pop Latino,No Dejes Que...,"Permite que algo no se sujete de tu mano, aunque parezca duelo.",Caifanes,https://open.spotify.com/track/5nzEilkVhvnCD0xpW3raTy
Tropical,No Es Casualidad,No es un simple azar lo que unió nuestros destinos.,Willie Gonzalez,https://open.spotify.com/track/7nTOa4XIb8QeQtctTmkJOk
Urbana,No Es Igual,No es lo mismo cuando algo cambia drásticamente.,Two Flow,https://open.spotify.com/track/3nwjYbpYJAGDGvE1C1SE9Y
Urbana,No Es Justo,"Lo que no es equitativo en una relación.""","J Balvin, Zion & Lennox",https://open.spotify.com/track/5qFeMRz4TvetPmzjre9Dq7
Pop Latino,No es lo mismo,La realidad y la percepción pueden ser diferentes en una situación.,Alejandro Sanz,https://open.spotify.com/track/0dkoMbDYHgtayhzUo7ZJtx
Urbana,NO ES OFICIAL,Un término que indica la ausencia de autorización en un contexto específico.,"Lorduy, Juan Duque",https://open.spotify.com/track/4XYneWABtdeIpSaahk3x2j
Banda,No Es Por Acá,"Un lugar diferente, donde no se siente la conexión.",Carín León,https://open.spotify.com/track/6fplYq951Ltp6nIiTFcnCY
Tropical,No Es Porque Te Quiero,"No se trata de un sentimiento romántico, sino de una razón diferente en la relación.",Orquesta Mulenze,https://open.spotify.com/track/0Ba3OWyL7Cb9QFLgAft2CK
Vallenato,No He Podido Ser Feliz,"Un estado emocional que no logro alcanzar, a pesar de mis intentos constantes.",Los Gigantes Del Vallenato,https://open.spotify.com/track/6vgY5KbtOrzAgzKLl5zgSr
Tropical,No Hieras Mi Vida,Evita hacerme daño; mi existencia es preciosa y frágil.,Jerry Rivera,https://open.spotify.com/track/33qvT2e7Y9mAvKU49Vk6zf
Vallenato,No Le Temas Al Amor,No dudes en sentir por esa emoción que a veces asusta.,Los inquietos del vallenato,https://open.spotify.com/track/7rIxDGS8mKjvUy1cVCiHxv
Tropical,No Me Acostumbro,Una expresión de desapego con un toque de resignación ante lo inevitable.,Luisito Ayala Y La Puerto Rican Power,https://open.spotify.com/track/5dxnyx5sy18G5tn0eRKKwd
Tropical,No Me Acostumbro,Es difícil adaptarse a la ausencia de alguien que fue parte de tu rutina.,Rey Ruiz,https://open.spotify.com/track/1Cc4C9s1IwKy8eSQfHNtL3
Tropical,No Me Ames (with Marc Anthony) - Tropical Remix,"Un sentimiento agridulce: a veces se ama y a veces se sufre, pero aquí no hay miedo.","Jennifer Lopez, Marc Anthony",https://open.spotify.com/track/2F9GxThWActrY2FsKiPguj
Urbana,No Me Conoce - Remix,"Desconocido para ti, aunque en el fondo pueda haber algo familiar.","JHAYCO, J Balvin, Bad Bunny",https://open.spotify.com/track/2beS6dD5rovBxSA1zYoSHR
Tropical,No Me Conoces,Desconoces mi esencia y sentimientos en este baile que compartimos.,Marc Anthony,https://open.spotify.com/track/6oVwRN6SJEbeEC0LxAeVYd
Tropical,No Me Conoces,"Ignoras mi ser, a pesar de que compartimos momentos, como si no existiera.",Bobby Valentin,https://open.spotify.com/track/1Zoylk1RlgfHSer5WsTpFP
Tropical,No Me Dejes Así,Un pedido urgente para que no te alejes de mi lado.,Grupo Galé,https://open.spotify.com/track/3ehcWz1fhuuMC7yPe8QTi9
Urbana,No Me Dejes Solo,"Si no estás a mi lado, quedo en la soledad absoluta.","Daddy Yankee, Wisin & Yandel",https://open.spotify.com/track/1EhM7nYYRpH2kzPdlnEpHa
Tropical,No Me Digas Que No,Una afirmación negativa seguida de un requerimiento para que no lo digas.,La Makina,https://open.spotify.com/track/5hD4JNBJ2vcM42x8hPxnvo
Banda,No Me Digas Que No (Remix),Una negación rotunda seguida de una expresión de rechazo que suena como un pedido.,"Pipe Bueno, Luis Alfonso",https://open.spotify.com/track/776XLzBy6fZSlHf4jZo0aL
Pop Latino,No Me Enseñaste,"Lo que no recibí de ti, a pesar de tus promesas.",Thalia,https://open.spotify.com/track/0AhtxBg5OU06Lh086URR5c
Vallenato,No Me Resignare,Aceptar que no puedo volver a sentir lo mismo.,Binomio de Oro de América,https://open.spotify.com/track/0bmLUt1Gt466W82eREpJsH
Urbana,No me tires flores,"Evita el gesto gentil, que no quiero que me endulces la vida.","Alejandro Sanz, Rels B",https://open.spotify.com/track/38fCnGwgbR2tSFPXYVXuaB
Vallenato,No Me Vayan A Olvidar,"Recuerden a alguien que se fue, y no dejen que su memoria se desvanezca.",Binomio de Oro de América,https://open.spotify.com/track/0xuOgf9krOQJ8mdZglqjzt
Vallenato,No Me Vuelvo a Ilusionar,Decido no dejar que mis sueños se eleven otra vez.,Binomio de Oro de América,https://open.spotify.com/track/4hgX90wBttJ4VZeSXEWJ6P
Vallenato,No Merezco Tanto Silencio,"Lo que no recibo de quien debería hablarme, aunque lo anhelo con intensidad.","Jorge Celedón, Jimmy Zambrano",https://open.spotify.com/track/5hrf6jpctmG7YB1TgKrVOy
Tropical,No Morirá - No Matter What,Lo que siente el corazón aunque todo se ponga en contra.,DLG,https://open.spotify.com/track/4kWiuee1G91YS3QZJPTq4A
Tropical,No Morira (No Matter What),"Aunque todo se acabe y parezca que no hay vuelta atrás, mi firmeza perdurará.",DLG,https://open.spotify.com/track/1uWQ4XnZmCeLoikVoUFeNr
Pop Anglo,No One,"Aquella persona que siempre está presente, sin importar la situación o la adversidad.",Alicia Keys,https://open.spotify.com/track/0mZ5GyrHG908lqrHaTw4hi
Vallenato,No Podrán Separarnos,Un vínculo tan fuerte que ni el tiempo ni la distancia pueden romper.,"Jorge Celedón, Jimmy Zambrano",https://open.spotify.com/track/2DlBKIc6XugYSmhP75h1BF
Pop Latino,No Podras,"Incapaz de hacerlo, sin opción ni camino, el futuro dirá que no hay marcha atrás.",Cristian Castro,https://open.spotify.com/track/6ZIwZmQ2ph6QK13sItmDEx
Tropical,No Podras Escapar De Mi,No hay forma de que te alejes de lo que siento por ti.,Willie Gonzalez,https://open.spotify.com/track/0lacKf3kZXbQ1F17QvurMs
Tropical,No Puedo Precindir De Ti,Es imposible vivir sin la presencia de esa persona que llena mis días.,"Luisito Ayala Y La Puerto Rican Power, Tito Rojas",https://open.spotify.com/track/4BMqO3wUcug00lxVfgZzBC
Tropical,No Puedo Precindir de Ti,Soy incapaz de renunciar a tu presencia en mi vida.,Luisito Ayala Y La Puerto Rican Power,https://open.spotify.com/track/4PgFcbhvD4Zb9gczrqJp2R
Vallenato,No Puedo Vivir Así,No soy capaz de subsistir en estas condiciones.,"Los Chiches Vallenatos, Amin Martinez",https://open.spotify.com/track/7s0fQZAXAwKSQZXkzvGbuQ
Tropical,"No Puedo, No Debo",Siento que hay límites que no puedo cruzar ni debo quebrantar.,Grupo Galé,https://open.spotify.com/track/7rJcuzbRltCtzj5aAPoc0W
Tropical,No Que No,Negación tajante a lo que deseabas.,Frankie Ruiz,https://open.spotify.com/track/7hVXl3ErrrfIyCu504Tr53
Vallenato,No Queda Nada,Lo que se siente cuando todo se ha esfumado y ya no hay rastro.,Los inquietos del vallenato,https://open.spotify.com/track/2SUr6GzykCot30GEKdFXKd
Tropical,no quiero dormir,Anhelo de estar despierto y disfrutar la vida al máximo.,Son De Cali,https://open.spotify.com/track/7lJXWbNQt7kzD7NRbIP4zR
Tropical,No Quiero No Puedo,"Rechazo hacia algo que deseo, pero me siento atrapado entre un impulso y un freno.",Lalo Rodriguez,https://open.spotify.com/track/4mYSre7OZSqT3UsaB5oVl5
Vallenato,No Quiero Perderte,"No deseo alejarme de ti, ni ver cómo se desvanece nuestra conexión.","Luis Mateus, La Nueva Generación",https://open.spotify.com/track/5BePgM0HxZkHo3fpLGUK1j
Vallenato,No Quiero Volverte a Ver,Deseo que nuestra historia termine sin nuevos encuentros.,Los Gigantes Del Vallenato,https://open.spotify.com/track/5kMbPjawsCXPbTbniCULH2
Tropical,No Sabes Como Duele,"Ignorancia del sufrimiento, un sentimiento que atraviesa el alma y quema en silencio.",Marc Anthony,https://open.spotify.com/track/5qn8vssrlc5g1BcTpkA1pT
Plancha,No Sabes Cuanto Te Quiero,Desconoces la medida de mi cariño hacia ti.,Camilo Sesto,https://open.spotify.com/track/3Gy75YWHORqAHSYCB4N8hn
Urbana,"No Se De Ella ""My Space""","Un lugar virtual donde nadie más puede entrar, solo tú y ella.",Don Omar,https://open.spotify.com/track/67L03LeXeZ73X7opELnh5P
Urbana,No Se Me Quita (feat. Ricky Martin),"Una sensación persistente que me acompaña, como una sombra que nunca se aleja.","Maluma, Ricky Martin",https://open.spotify.com/track/1GBLO0NFODuL31A5fgw0uR
Tropical,No Sé Por Donde Empezar,"Un dilema que me deja sin rumbo, sin saber el primer paso a dar.",Rubén Sierra,https://open.spotify.com/track/2AEBBDPnkcDQ4eShbkqTD4
Banda,No Se Va,"Un adiós que no se materializa, algo que permanece a pesar de la distancia.",Grupo Frontera,https://open.spotify.com/track/5TXLMRrIet3CQxkyBZc3yE
Tropical,No Soy Para Ti,"A veces, el amor no se ajusta y no corresponde a lo que esperas.",Ismael Rivera,https://open.spotify.com/track/1eo43vgSEjbc6cYPNhdNra
Pop Latino,No soy una de esas (feat. Alejandro Sanz),No pertenezco a un grupo que categoriza a las que no son de esta forma.,"Jesse & Joy, Alejandro Sanz",https://open.spotify.com/track/3QjkcFDVHOB4Z43esP5A8N
Banda,No Te Contaron Mal,"Lo que te dijeron no fue correcto, hay más de lo que se dice.",Christian Nodal,https://open.spotify.com/track/7hbk4BaF66O09R1gq0bKwj
Tropical,No Te Da,Lo que una persona no es capaz de ofrecer cuando la conexión se ha perdido.,Mickey Taveras,https://open.spotify.com/track/3LU2TPlwCvtuYcgmkF2Wrf
Vallenato,No Te Detengas,"Avanza sin frenos, pese a cualquier obstáculo en el camino.","Miguel Morales, Juan David Herrera",https://open.spotify.com/track/294HmohCkFANQH6tm9jzfA
Tropical,No Te Olvidaré,"Recuerdos que persisten, a pesar de la distancia, nunca se borran de la mente.",Silva & Guerra,https://open.spotify.com/track/7DNZJE42u8zb0xO7khqLph
Vallenato,No Te Olvides De Mi,"Recuerda ser parte de mis pensamientos y emociones, aunque el tiempo pase.",Los inquietos del vallenato,https://open.spotify.com/track/0Uq9jZp95CP0CzFCKKSPim
Banda,No Te Perdono,"Lo que haces cuando no olvides un error, pero tampoco ofreces una segunda oportunidad.","Jhonny Rivera, Ismael Alcivar",https://open.spotify.com/track/6idzyOFPKiLbyTahbhRrTa
Urbana,No Te Quieren Conmigo,La negativa de aquellos que no desean que alguien esté a tu lado.,"Gaby Music, Lunay, Luar La L",https://open.spotify.com/track/3Cx4BsDd4q0GCVBJ5CAw2K
Vallenato,No Te Quiero Perder,"Deseo conservar lo que aún tenemos, sin dejar que se escape.",Binomio de Oro de América,https://open.spotify.com/track/0OF0Y4tv6s2mWWOmVzUAMA
Tropical,No Te Quites la Ropa,"Despoja tus prendas, que esta fiesta apenas comienza y el ritmo no se detiene.",Pedro Conga,https://open.spotify.com/track/3UUmMiLLOW6jQ4EB1kVnsd
Urbana,No Te Vas,"La ausencia que duele, pero no se logra escapar.",Nacho,https://open.spotify.com/track/21Dt0T82tst15r3HCIM2Ku
Urbana,No Te Vayas,Una súplica para que permanezcas a mi lado y no te alejes.,"Yandel, J Balvin",https://open.spotify.com/track/3nowY0ZuWMuAmmAu1plEBP
Vallenato,No Te Vayas,"Un ruego a no marcharte, pues tu ausencia duele más que mil palabras.",Binomio de Oro de América,https://open.spotify.com/track/235RP8gmp1yl5wWvp9oLh7
Vallenato,No Te Vayas,Un oscuro deseo de permanecer junto a alguien que no quiere marcharse.,Los Diablitos,https://open.spotify.com/track/1tSA4yV2AisiGnZiVz5uux
Urbana,no tiene sentido,Lo que ocurre cuando algo carece de lógica o razón.,Beéle,https://open.spotify.com/track/6dbh2fgGhV5s8rxSOOsEMv
Tropical,No Tuve A Quien Decirle Amor,"Un sentimiento profundo, pero sin destinatario. ¿A quién se lo confieso?",Grupo Niche,https://open.spotify.com/track/0e1G4VKnhcVMsRM0bLtHAa
Vallenato,No Voy A Llorar,Decido no dejar caer lágrimas por lo que ya no será.,Los Diablitos,https://open.spotify.com/track/5MWJ8J0jyXtJQcnsB9iykS
Banda,No Voy a Morir,"Una afirmación sobre seguir viviendo, sin importar las adversidades que enfrente.",Pipe Bueno,https://open.spotify.com/track/1z3CVvF0udvokKqlUTJ9Dn
Tropical,Noche de Arreboles,Un momento oscuro en el que se tiñen los cielos de color rojo.,Joe Arroyo,https://open.spotify.com/track/1gPxb91i6uDfHJL7K0ZSxT
Urbana,Noche De Entierro,"Un periodo oscuro para despedidas, donde el ciclo se cierra y las sombras reinan.","Daddy Yankee, Wisin & Yandel, Zion, Héctor ""El Father"", Tonny Tun Tun",https://open.spotify.com/track/6ksWMnPcHNyNoNf3y1BQCO
Urbana,Noche De Sexo,"Cuando la oscuridad cae y las estrellas brillan, surge una velada muy íntima.","Wisin & Yandel, Romeo Santos",https://open.spotify.com/track/4kAtRwNRLMKuoCbxMSxUGI
Urbana,Noche de Travesura,Un período nocturno lleno de juegos y sorpresas.,"Héctor ""El Father""",https://open.spotify.com/track/1DdrejuwM8C3ExsXaPAgF8
Tropical,Noches de Fantasía,Tardes llenas de ensueño donde lo real y lo imaginario se entrelazan.,Los Ocho De Colombia,https://open.spotify.com/track/52no0F6C9EdK8BJACBVYGw
Urbana,Normal,"Un estado habitual y el opuesto de raro, a menudo se busca.",Feid,https://open.spotify.com/track/0T2pB7P1VdXPhLdQZ488uH
Tropical,Nostalgia,Recuerdos del pasado que traen una sensación de anhelo y melancolía.,Angel Canales,https://open.spotify.com/track/1lMoqzAjvLxIQJoYSeNVj1
Vallenato,Nostalgia,Un anhelo por tiempos pasados que evoca recuerdos y emociones profundas.,Binomio de Oro,https://open.spotify.com/track/3B4ci1vf9jeDp7VunazH9k
Urbana,Nota de Amor (feat. Daddy Yankee),"Un mensaje escrito con cariño que habla de sentimientos, acompañado de un ritmo pegajoso.","Wisin, Carlos Vives, Daddy Yankee",https://open.spotify.com/track/4YW2Fr25fHwUt6qgvM1iE1
Pop Anglo,Nothin' on You (feat. Bruno Mars),"Lo que no hay en ti, no se compara con nada más.","B.o.B, Bruno Mars",https://open.spotify.com/track/59dLtGBS26x7kc0rHbaPrq
Pop Anglo,Nothing Left,Lo que sucede cuando todo se agota y ya no queda nada.,Bruno Mars,https://open.spotify.com/track/0Sq6JK9kyC4MQa3KrJj5CB
Pop Latino,Noviembre Sin Ti,"El mes que evoca despedidas, pero no cuenta con tu presencia.",Reik,https://open.spotify.com/track/2vCHDrXVN0k1GPTjSIZ69E
Vallenato,Novios Cruzados,"Un par de amantes que se entrelazan de manera inesperada, pero a la vez, se separan.",Los Diablitos,https://open.spotify.com/track/5gMuYDIjn35obzxZI0l8X0
Tropical,Nuestra Cancion,Una melodía que refleja la conexión de dos corazones en un mismo compás.,Elvis Crespo,https://open.spotify.com/track/16LDbpqgCtvEZDQ5wfOWrj
Tropical,Nuestro Amor Se Ha Vuelto Ayer,El afecto que compartimos se ha transformado en un día del pasado.,Víctor Manuelle,https://open.spotify.com/track/4ELCKRhHQ1G10TF8mLepLB
Tropical,Nuestro Secreto,Un conocimiento compartido que solo pertenece a dos corazones unidos.,Tito Gomez,https://open.spotify.com/track/4zZHD0Rw1TUlSPbiUx9KCm
Tropical,Nuestro Sueño,"Una visión compartida que anhelamos alcanzar juntos, más allá de nuestra realidad.",Grupo Niche,https://open.spotify.com/track/5CY7ktvAJvTQ5KZtP8pv0I
Urbana,NUEVAYoL,"Una metrópoli llena de luces y sueños, un estado de ánimo revitalizado.",Bad Bunny,https://open.spotify.com/track/5TFD2bmFKGhoCRbX61nXY5
Pop Anglo,Numb,"Sensación de vacío, cuando sientes que no puedes más y el mundo te pesa.",Linkin Park,https://open.spotify.com/track/2nLtzopw4rPReszdYBJU6h
Tropical,Nunca Había Llorado Así (feat. Don Omar),Una experiencia de lágrimas que nunca antes había sentido.,"Víctor Manuelle, Don Omar",https://open.spotify.com/track/0qPb4xDGwlQWMQk17s0WMe
Banda,NUNCA LA OLVIDÉ,Un instante en la memoria que permanece sin desvanecerse.,Grupo Frontera,https://open.spotify.com/track/68OUeNY42R5pM00M7V9pxL
Urbana,Nunca Me Olvides,"Recuerda a alguien que desearías tener siempre en tu mente, sin importar el tiempo.",Yandel,https://open.spotify.com/track/27ebni0DfbT5Owz6W42HP8
Vallenato,Nunca Niegues Que Te Amo,Lo que jamás debes rechazar cuando tus emociones son sinceras.,Los inquietos del vallenato,https://open.spotify.com/track/0XWWn8bfpir8M3YHq1h7uJ
Tropical,Nunca Te Dire Adios,"Un adiós que nunca se pronuncia, siempre quedando en silencio entre los corazones.",Max Torres,https://open.spotify.com/track/21SjYLkS8MMFEIbqQmXPsm
Tropical,Nunca Te Quedas,Cuando la distancia es larga y no tienes intención de quedarte en el mismo lugar.,Frankie Ruiz,https://open.spotify.com/track/17V9hEGcTI1y3tzv1rFQLB
Tropical,Nunca Te Quedas,"Siempre te vas, pero nunca te detienes en un lugar.",David Zahan,https://open.spotify.com/track/1P1lYAhrdiamBHurgB1WR0
Plancha,O Quizás Simplemente Le Regale una Rosa,Un presente floral que puede ser un gesto para un amor no correspondido.,Leonardo Favio,https://open.spotify.com/track/3kCCDi4L4yVw2FklTpEBdv
Urbana,Obsesion,Un deseo tan fuerte que no te deja pensar en otra cosa.,"Aventura, Judy Santos",https://open.spotify.com/track/65H6t1WQBim6q93yM8fEwn
Urbana,Obsesión,Un deseo tan fuerte que te consume y no te deja pensar en otra cosa.,Maluma,https://open.spotify.com/track/4HTzn2qQZ7UqHtw1OsB8wc
Urbana,Obsesionado,Un interés extremo que no te deja pensar en otra cosa.,Farruko,https://open.spotify.com/track/5Jt4zdXTd9y1zxihiNYQI1
Pop Anglo,obsessed,Un profundo interés que se convierte en una fijación difícil de ignorar.,Olivia Rodrigo,https://open.spotify.com/track/6tNgRQ0K2NYZ0Rb9l9DzL8
Urbana,Odio (feat. Drake),"Sentimiento intenso que se siente hacia alguien, a menudo opuesto al amor, acompañado de un famoso.","Romeo Santos, Drake",https://open.spotify.com/track/1iLv1ieT9BZ3qsti9yTCnG
Urbana,Oe Bebé,Un llamado a quien siempre te anima a disfrutar de la buena compañía.,"Blessd, Maluma",https://open.spotify.com/track/57pj5sOWSCAqZm088LMcE4
Urbana,OHNANA,Una expresión de sorpresa y un montón de susurros en el aire.,Kapo,https://open.spotify.com/track/1fTjqf10accJCDYstPwwZ6
Urbana,Ojalá,"Deseo ferviente que algo se cumpla, aunque en tus manos no está.","The Rudeboyz, Maluma, Adam Levine",https://open.spotify.com/track/4dLIAE3xbJLoiIBbKkZWJk
Banda,Ojitos Bellos,Miren esos dos pequeños faros que iluminan el alma con su belleza.,Grupo Frontera,https://open.spotify.com/track/75OegUZV4dD54IVeonBKwr
Urbana,Ojitos Lindos,Esos bellos ojos que iluminan como un par de estrellas en el cielo.,"Bad Bunny, Bomba Estéreo",https://open.spotify.com/track/3k3NWokhRRkEPhCzPmV8TW
Banda,OJITOS ROJOS,"Miradas color carmesí, que delatan noches de un desvelo.","Grupo Frontera, Ke Personajes",https://open.spotify.com/track/11PV8CaPqlto9Uejx92C35
Banda,OK,Aceptación afirmativa.,Jessi Uribe,https://open.spotify.com/track/7uUt5Q3ToDZhMQSGiqoLmv
Urbana,Ola,Un movimiento del agua que llega con fuerza y regresa al mar.,Wisin & Yandel,https://open.spotify.com/track/5bnbv7JT16bFVaUEzWYg1Z
Vallenato,Olvídala,Deja atrás el recuerdo y su nombre se desvanecerá en el viento.,Binomio de Oro de América,https://open.spotify.com/track/3QorC3YeHA1zuGHwGCmBja
Tropical,Olvidalo Ya,"Deja atrás lo que ya no tiene sentido, un adiós para siempre.",Tony Vega,https://open.spotify.com/track/5RBvUc64a1zaGbOqbcfWOS
Plancha,Olvídame y Pega la Vuelta,"Deja atrás lo que fue, y regresa a donde te encontré.",Pimpinela,https://open.spotify.com/track/4FdwRmlzP5KGM7OewGBYiu
Plancha,Olvidarte Nunca,Un acto de dejar atrás que nunca se puede lograr.,Los Golpes,https://open.spotify.com/track/4wlK7qdjZA63UZvcRhPgD5
Banda,Olvido Intencional,"Recuerdo que decides dejar atrás, pero lo haces con un propósito claro.",Espinoza Paz,https://open.spotify.com/track/6bMIjn2Si2yTAriAdqzZgq
Pop Anglo,On My Soul,"La parte más profunda de tu ser, donde resuena tu esencia más auténtica.",Bruno Mars,https://open.spotify.com/track/4i4BVY2JiH4mDSLIBdNGKD
Pop Anglo,On The Loose,"Un estado de libertad, desplazándose sin rumbo, sin cadenas que lo detengan.",Niall Horan,https://open.spotify.com/track/0kThmY7A0ynir2qLWFFhrY
Pop Anglo,One Less Lonely Girl,Una menos en la lista de chicas solitarias.,Justin Bieber,https://open.spotify.com/track/69ghzc538EQSVon2Gm3wrr
Pop Anglo,One More Night,"Otra ocasión para permanecer juntos, aunque el reloj avance.",Maroon 5,https://open.spotify.com/track/6cpk00i5TxCqSeqNi2HuIe
Pop Anglo,Only Girl (In The World),La única dama en este vasto planeta donde todos giran a tu alrededor.,Rihanna,https://open.spotify.com/track/2ENexcMEMsYk0rVJigVD3i
Pop Anglo,OOOUUU,Un sonido corto que expresa entusiasmo de manera alargada.,Young M.A,https://open.spotify.com/track/7JYsArznYOjX2jsrT3UEnL
Pop Anglo,"Or Nah (feat. The Weeknd, Wiz Khalifa & DJ Mustard) - Remix","¿Estás dispuesto a jugar al ""sí"" o ""no"" en la oscuridad de la noche?","Ty Dolla $ign, The Weeknd, Wiz Khalifa, Mustard",https://open.spotify.com/track/7t2bFihaDvhIrd2gn2CWJO
Tropical,Otra Noche (Another Night),"Un período más de descanso, pero el mismo sueño persiste al llegar la oscuridad.",Proyecto Uno,https://open.spotify.com/track/2lROtguCNiJcyZxol9aTKi
Vallenato,Otra Primavera,"La estación que regresa, pero con un toque diferente al habitual.","Miguel Morales, Gabriel ""Chiche"" Maestre",https://open.spotify.com/track/4MIpPDnIqHqWgNj1OyEcSy
Urbana,Otra Vez (feat. J Balvin),"Un retorno a lo que ya se vivió en el pasado, ¿te suena familiar?","Zion & Lennox, J Balvin",https://open.spotify.com/track/3QwBODjSEzelZyVjxPOHdq
Vallenato,Otro Día Será,"Un nuevo amanecer traerá oportunidades, aunque hoy no sea el momento ideal.","Los Gigantes Del Vallenato, Luis Miguel Fuentes, Nicky López",https://open.spotify.com/track/4JjBv8XViCMtEvJ0mJwtXM
Tropical,Otro Nivel,Un grado de superioridad en una categoría diferente al habitual.,Orquesta Akokán,https://open.spotify.com/track/04mEAhVvv7sq4PlKhdXF4U
Urbana,Otro Trago,"Una bebida adicional, ideal para olvidar lo que duele.","Sech, Darell",https://open.spotify.com/track/1Ej96GIBCTvgH7tNX1r3qr
Pop Anglo,Our First Time,"Ese momento inicial que compartimos juntos, una experiencia que ninguno olvidará.",Bruno Mars,https://open.spotify.com/track/4LjkHlY5qDz0hhFJJH5M7a
Pop Anglo,Out of Time,Fuera de la medida en que el tiempo puede fluir.,The Weeknd,https://open.spotify.com/track/2SLwbpExuoBDZBpjfefCtV
Urbana,pa quererte,"Para estar a tu lado, lo que se siente es pasión desbordante.",Rels B,https://open.spotify.com/track/0FDTPGlLjF8SGWSsHyzNBe
Urbana,Pa' Que Retozen,Un lugar donde la fiesta no para y todos se sueltan a disfrutar.,Tego Calderón,https://open.spotify.com/track/5YJ4BVvTFmVCxUyhKejHfR
Urbana,"Pa' Romper la Discoteca (Remix) [feat. Daddy Yankee, Yomo, Zion, Lennox & Gaby El Kreativo]",Un destino festivo donde las reglas se rompen y la música estalla.,"Farruko, Daddy Yankee, Yomo, Zion, Lennox, Gaby El Kreativo",https://open.spotify.com/track/3ubRyKRIiqaGihHeM4D8aM
Vallenato,Pa´Que Me Des Tus Besos,Un pedido claro de un enamorado a la dulzura de unos labios.,Binomio de Oro de América,https://open.spotify.com/track/3bDsZlZIe6zjO0yAavzvi8
Tropical,Paginas de Amor,"Hojas que cuentan historias de afecto, donde cada letra guarda un suspiro.",Tito Gomez,https://open.spotify.com/track/1U6uk8CGJtZ0j7DSyQOdKJ
Tropical,Paisaje,Un panorama visual que evoca belleza natural.,Mariano Civico,https://open.spotify.com/track/2TOwayI1Bnxbvabb6wYAE9
Urbana,Pal Agua,Hablamos de un líquido esencial que se consume al calor y a veces invita a bailar.,"J Balvin, Ryan Castro",https://open.spotify.com/track/5oG6xYYuukHrsK1SLagCn0
Pop Latino,Paloma,"Ave que vuela libre y simboliza la paz, también es un mensaje en el viento.",Andrés Calamaro,https://open.spotify.com/track/4XnPyINNc5ODYP1aoos7Um
Urbana,Pam Pam,"Un sonido que acompaña al movimiento rítmico, a menudo repetido y pegajoso.",Wisin & Yandel,https://open.spotify.com/track/6d8owCU2kQ63h5bB8YYjv3
Pop Anglo,Paparazzi,"Observador de las celebridades, siempre listo para capturar su mejor ángulo.",Lady Gaga,https://open.spotify.com/track/02XnQdf7sipaKBBHixz3Zp
Urbana,Papasito,"Un término cariñoso para un hombre atractivo, como un dulce de la calle.",KAROL G,https://open.spotify.com/track/64zQbQTwu4ppBEfWyhst9t
Tropical,Para Amarte Ahora,Momento ideal para expresar un cariño que no puede esperar.,Luisito Ayala Y La Puerto Rican Power,https://open.spotify.com/track/7a7FTyUZuOOGqyBClV1Mfs
Tropical,Para Darte Mi Vida (with Milly Quezada),"Una entrega total de mi existencia, si es por ti, lo haría sin dudar.","Elvis Crespo, Milly Quezada",https://open.spotify.com/track/1SrTKJtKmtJtAoGYCaSnl1
Pop Latino,Para no olvidar,Algo que se hace para que no se evapore de la memoria.,Los Rodriguez,https://open.spotify.com/track/1ZGs4W7LBJy68hRPTsvMFc
Tropical,Para Qué Perdón,Un término que se utiliza para señalar la finalidad de un error que no tiene resolución.,"Jimmy Saa, Andrés Viáfara",https://open.spotify.com/track/669qwz8sj9yoGORLem8s4g
Banda,Para Que Regreses,"Un deseo de retorno, pero solo si es por un motivo especial.",Pipe Bueno,https://open.spotify.com/track/2oLlrkUltj5APXJkVYC6Ap
Tropical,Para Que Volver,Regresar a un lugar donde ya no se desea estar.,Eddie Maldonado,https://open.spotify.com/track/4IEOtfpwOZBS4zitOTTdLz
Urbana,PARA SIEMPRE,"Un compromiso eterno que suena a ""continuamente"".","Daddy Yankee, Sech",https://open.spotify.com/track/272vIYVYzfAgHUQRUYWmhP
Tropical,Para Tenerte Siempre,"Un deseo perpetuo de no dejarte ir, un anhelo constante.",Aldo Matta,https://open.spotify.com/track/77u83QxMeeRbXkBTC3elYU
Pop Anglo,Paradise,Un lugar ideal donde la felicidad nunca acaba y el sol siempre brilla.,George Ezra,https://open.spotify.com/track/38zwkK6TtTjIW9tpYBfZ3D
Vallenato,Paro en Mi Corazón,Detener un organo vital que siente y ama.,Los Gigantes Del Vallenato,https://open.spotify.com/track/4XfR9kTT1yirUZC5SsBt7S
Vallenato,"Parrandita, Parrandón",Una pequeña fiesta que se vuelve grande y festiva.,Binomio de Oro de América,https://open.spotify.com/track/6PnID7AZNHQN4gEqVRUoVx
Tropical,Part Time Lover (Amor a Medio Tiempo),Quien ama pero solo en ciertos momentos; un romance que no es completo.,Bobby Valentin,https://open.spotify.com/track/7lZZjgSufndtgdKppjK4wU
Urbana,Pasarela,"Un camino que resalta las luces y la moda, donde todos miran.",Ñejo & Dalmata,https://open.spotify.com/track/1MfqPCs3Y722VK6zkWZ98Z
Urbana,PASATIEMPO,Algo que se disfruta en ratos libres y que a veces se convierte en un arte.,"Daddy Yankee, Myke Towers",https://open.spotify.com/track/3qUdysxsu5FDvOl7nR5vln
Urbana,Passion Whine,Un sentimiento ardiente mezclado con un lamento en un tono festivo.,"Farruko, Sean Paul",https://open.spotify.com/track/2QAwkI8L0UVBpjHJ6PwBzn
Pop Anglo,Payphone,"Un lugar para comunicarte, pero no en la red; tal vez en la calle.","Maroon 5, Wiz Khalifa",https://open.spotify.com/track/1XGmzt0PVuFgQYYnV2It7A
Urbana,Paz y Tranquilidad,Un estado de calma y serenidad donde no hay conflictos ni disturbios.,"Caracol Televisión, Juan C. Triana",https://open.spotify.com/track/22OHgThta2v6UwrpRoQj80
Pop Anglo,Peaches (feat. Daniel Caesar & Giveon),"Fruta de color anaranjado que crece en los árboles, dulce al paladar.","Justin Bieber, Daniel Caesar, GIVĒON",https://open.spotify.com/track/4iJyoBOLtHqaGxP12qzhQI
Tropical,Pedacito de Mi Vida,Fragmento de mi existencia que llevas contigo en cada latido.,Celina Y Reutilio,https://open.spotify.com/track/2wbIlghub8hsIJiiDxPMAC
Banda,Pedro Y Pablo,Dúo famoso que representa nombres de dos personajes históricos en la música.,Los Tigres Del Norte,https://open.spotify.com/track/5XgIkYlSVby03NmqREd5Sf
Plancha,Penas,"Sufrimientos que llevamos en el corazón, muchas veces difíciles de ocultar.",Sandro,https://open.spotify.com/track/3xef9cUovCAdblrNkP1CRF
Pop Latino,Penelope,"Un nombre clásico, que esconde en sus letras un eco de aventuras y desamores.",Diego Torres,https://open.spotify.com/track/7imPloXAqWjd1UdUdJEAXF
Pop Latino,Penélope,Una mujer que lleva un nombre clásico y su viaje es su destino.,Draco Rosa,https://open.spotify.com/track/1tyXnxNVyqnsA7yaHPyKUN
Tropical,Pensamiento y Palabra,"Una reflexión interna y un término que comunica, juntos forman un dúo esencial.",Víctor Manuelle,https://open.spotify.com/track/7FGEEW7muLeJdhrFlkDLbh
Urbana,Pepas,"Sustancias que alegran y hacen olvidar, mezcladas en una celebración nocturna.",Farruko,https://open.spotify.com/track/5fwSHlTEWpluwOM0Sxnh5k
Vallenato,Perdoname,Una súplica sincera para que el rencor se disuelva y el amor regrese.,Los Gigantes Del Vallenato,https://open.spotify.com/track/3U2naITYC85LPaLlVEBzRZ
Urbana,Perdóname,Solicito que me absuelvas de mi falta.,"La Factoria, Eddy Lover",https://open.spotify.com/track/6yLqoieklk9gwabLaUDJ4s
Plancha,Perdóname,Solicita clemencia por un error cometido en el amor.,Camilo Sesto,https://open.spotify.com/track/3ZFYnK3yePXgrGxBTXsPww
Tropical,Perdóname,"La súplica que haces a quien ya no está contigo, anhelando una segunda oportunidad.",Grupo Galé,https://open.spotify.com/track/7n9pGlLR3oRcyzCDs9Qz7c
Tropical,Perdóname,Una súplica por el perdón de un corazón que ha fallado.,Gilberto Santa Rosa,https://open.spotify.com/track/1ufdzih0Lbpy2orJdYZoAJ
Urbana,Perdóname - Versión de Charly,Solicito la disculpa de alguien por una falta cometida.,"Caracol Televisión, Gelo Arango",https://open.spotify.com/track/7MIRskiPnGVAWgOR0fC6VR
Vallenato,Perdóname La Vida,"Lo que me pides es un bendito regalo, un chance para recuperar lo que no puedo tener.",Los inquietos del vallenato,https://open.spotify.com/track/2wke02gJ784npzihaoJ0em
Pop Anglo,Perfect,"Algo que se busca, ideal en todos los aspectos.",Ed Sheeran,https://open.spotify.com/track/0tgVpDi06FyKpA1z0VMD4v
Pop Anglo,Perfect Duet (Ed Sheeran & Beyoncé),"Una interpretación ideal en conjunto, donde cada voz brilla con armonía.","Ed Sheeran, Beyoncé",https://open.spotify.com/track/1bhUWB0zJMIKr9yVPrkEuI
Urbana,Perfecta,"Un adjetivo que describe algo sin fallas, ideal para ti.","Reik, Maluma",https://open.spotify.com/track/6VOb0Kkrd45Bp5RHYSla2J
Urbana,PERFuMITO NUEVO,Fragancia renovada que deja una impresión única al pasar.,"Bad Bunny, RaiNao",https://open.spotify.com/track/1Q9Efnm5csdCMFynISxL2x
Tropical,Periódico De Ayer,"Un impreso que contiene noticias pasadas, pero cada hoja es de un día anterior.",Héctor Lavoe,https://open.spotify.com/track/0A6uCqTC2RS0x7lyDTIend
Urbana,Permitame (feat. Yandel),Solicito su venia para acercarme a usted con intención.,"Tony Dize, Yandel",https://open.spotify.com/track/5ydCNFk70aZqC9jNsl2rQm
Tropical,Pero Dile,Indica a esa persona que los sentimientos no son secretos y que hay que hablar.,Víctor Manuelle,https://open.spotify.com/track/5T87VqdDfe14eG0bQFwgmk
Tropical,Pero Me Hiciste Tuyo,"Algo que te hace sentir posesión, pero que a la vez duele en el alma.",Cano Estremera,https://open.spotify.com/track/5uiBdmhyljCFQQ0SJ76yex
Banda,Pero Te Vas a Arrepentir - En Vivo,"Cuando decides alejarte, pero la memoria puede jugarte una mala pasada.",Luis Alfonso,https://open.spotify.com/track/3kPvrP8dOo9VymtsLncSfu
Urbana,PERO TÚ,"Algo que contrasta con una afirmación, pero que en el fondo, tú estás presente.","KAROL G, Quevedo",https://open.spotify.com/track/1dw7qShk971xMD6r6mA4VN
Urbana,PERRO NEGRO,Un can de color oscuro que busca su lugar en el barrio.,"Bad Bunny, Feid",https://open.spotify.com/track/7iQXYTyuG13aoeHxGG28Nh
Tropical,Persona Ideal,Eres la versión perfecta de lo que busco en mi vida.,Adolescent's Orquesta,https://open.spotify.com/track/0u2LbmKA70atp4J59QUnHW
Pop Anglo,Pessimist,"Un enfoque sombrío ante la vida, donde la esperanza parece escasa y la tristeza prevalece.",Lithe,https://open.spotify.com/track/0JWA4NaSOa1mZfLyNvZLQW
Pop Anglo,Photograph,"Una imagen capturada que guarda momentos para recordar, un retrato en el tiempo.",Ed Sheeran,https://open.spotify.com/track/1HNkqx9Ahdgi1Ixy2xkKkL
Plancha,Piel de Angel,"Una cobertura celestial sobre un ser humano, que refleja belleza y pureza.",Camilo Sesto,https://open.spotify.com/track/20PRqcym0a7bvokISwu3d6
Tropical,Piel Sobre Piel,"Capa que cubre la dermis, tocando íntimamente en un abrazo sin igual.",Pedro Arroyo,https://open.spotify.com/track/04umOdKeOUkTLDJOAkdMMj
Banda,Piensa en Mí,Reflexiona sobre lo que una persona anhela recordar en momentos de soledad.,Giovanny Ayala,https://open.spotify.com/track/7JvWDYjDu1IWRcjStR9sKm
Urbana,Piensas en Mí - Remix,"Reflexionas sobre lo que siento, pero ¿será que tú también me tienes presente?","Nicky Jam, Luigi 21 Plus, Jory Boy, Yelsid",https://open.spotify.com/track/0qcg0aGe1DdkKTyNRYH3lA
Urbana,Pierdo la Cabeza (Remix) [feat. Farruko & Yandel],"Cuando la razón se va y solo queda la locura, ¿qué parte de ti se descontrola?","Zion & Lennox, Farruko, Yandel",https://open.spotify.com/track/1neU3WI1TrSIoRBOQjGsUO
Pop Latino,Pingüinos en la Cama,Aves antárticas descansando en el lugar donde se duerme.,Ricardo Arjona,https://open.spotify.com/track/73X4fA2RX6ycvEsFvDIUs4
Plancha,Pisando fuerte,"Avanzando con determinación, dejando huellas notorias en el camino.",Alejandro Sanz,https://open.spotify.com/track/4RXaCB8ClD3BCGYdLxO19B
Urbana,PIToRRO DE COCO,"Un dulce tropical, pero eso no es todo; suena divertido y travieso en el asunto.",Bad Bunny,https://open.spotify.com/track/14QaXYIK3K3QPtezqxRRPN
Pop Anglo,Please Me,Solicita un favor que acaricia el ego y despierta el deseo.,"Cardi B, Bruno Mars",https://open.spotify.com/track/0PG9fbaaHFHfre2gUVo7AN
Tropical,Pobre Corazón (salsa Mix),Un sentimiento desdichado que late con tristeza y está en la caja torácica.,Divino,https://open.spotify.com/track/1vDKefeA0f4hMIIF7UX0u0
Urbana,Pobre Diabla,"Una mujer en apuros que parece no tener fortuna, pero posee un encanto especial.",Don Omar,https://open.spotify.com/track/0H0iOExW3XWT5xVdfClsFr
Pop Anglo,Pompeii,"Una antigua ciudad famosa por su gran desastre, ahora solo ruidos de ecos.",Bastille,https://open.spotify.com/track/6fNhZRFEkBfgW39W3wKARJ
Tropical,Ponte En Ritmo,Sincroniza tu cuerpo con el compás y déjate llevar por el son.,Tabaco y Su Sexteto,https://open.spotify.com/track/3NEvSrSkhffy8qXzyFIRie
Plancha,Popurri Juan Gabriel Medley,"Una mezcla musical que honra al maestro, deleitando con su esencia en fragmentos.",Pandora,https://open.spotify.com/track/2HtaztxlMW5bPI7ddDSXDd
Tropical,Poquita Cosa,Algo pequeño que puede ser muy especial para quienes lo valoran.,Grupo Niche,https://open.spotify.com/track/7xk0eNFr0r9bOoXJsICcd8
Tropical,Por Alguien Como Tu,Busca a esa persona que encaja perfecto en tu vida y ya no es un sueño.,Los Hermanos Moreno,https://open.spotify.com/track/74oY6f7KrgDWtbwkHxNj3y
Tropical,Por Alguien Que Se Fue,Ese ser que ya no está y por el que sientes nostalgia.,Luisito Carrion,https://open.spotify.com/track/3Z0hp0JX04bWw5WD5z0tjr
Pop Latino,Por Amarte Así,"El sentimiento que siento por ti, tan profundo que no puedo evitarlo.",Cristian Castro,https://open.spotify.com/track/2bvO1KXbUd4vySCWGNqIIa
Banda,Por Culpa Del Licor,"Un motivo de celebración que se convierte en un malentendido, gracias a una bebida.",Jhon Alex Castaño,https://open.spotify.com/track/4xuHmBO6hkasiirHqSN22i
Pop Latino,Por Debajo De La Mesa,"Un mueble donde se sirve la comida, pero aquí se sugiere algo más íntimo.",Luis Miguel,https://open.spotify.com/track/4FqfHVML025cwjfhAOFbfa
Tropical,Por Ejemplo,Un término que sugiere una instancia representativa de algo.,Víctor Manuelle,https://open.spotify.com/track/0WgoPyI8tj8zh3mY86DQav
Banda,POR EL CONTRARIO (with Ángela Aguilar & Leonardo Aguilar),Una expresión que indica oposición o un giro inesperado en el rumbo.,"Becky G, Ángela Aguilar, Leonardo Aguilar",https://open.spotify.com/track/6VsqdsaY4oV06NODea0L0J
Tropical,Por Ese Hombre - Tropical Version,"Un caballero que atrae a una dama, pero su amor es solo por un ser específico.",Brenda K. Starr,https://open.spotify.com/track/7F4ARzsFzDxx4BbDjVZGQx
Tropical,Por Eso Está Conmigo,Un motivo que justifica su compañía en lugar de la ausencia.,Johnny Rivera,https://open.spotify.com/track/5feoX0Sc9Fm9suM6SCbg5m
Vallenato,Por Favor Escúchame,Solicito tu atención y anhelo ser oído en mis súplicas.,"Los Chiches Vallenatos, Amin Martinez",https://open.spotify.com/track/5iQXUQ5xYTrJ5qTAzQyMIK
Tropical,Por Mas Que Intento - Salsa Version,"A pesar de los esfuerzos, el deseo sigue siendo inalcanzable.",Gilberto Santa Rosa,https://open.spotify.com/track/5T7LfNbxpuIXn4aLaK61yN
Plancha,Por Muchas Razones Te Quiero,Motivos múltiples y suficientes para un amor sincero.,Palito Ortega,https://open.spotify.com/track/7uSEht8p9wuXz7sQfUBU47
Banda,Por Que la Envidia,Un sentimiento que nace al compararse con otros y desear lo que tienen.,Yeison Jimenez,https://open.spotify.com/track/5IVHo4youq53zgREsCcuCS
Banda,Por Qué la Envidia,"Un interrogante sobre el desdén hacia lo que otros poseen, pero siempre con desdén.",Yeison Jimenez,https://open.spotify.com/track/1HtRbbYA4dpIRvyGmCzgxY
Banda,POR QUÉ SERÁ,"Una pregunta que se hace el corazón, buscando respuestas en la razón de lo incierto.","Grupo Frontera, Maluma",https://open.spotify.com/track/6NcU6uVwCWdHV74X51NaV7
Tropical,Por Que Te Amo,Motivo de mis sentimientos intensos que me mueve a expresarlo.,Nino Segarra,https://open.spotify.com/track/1CRCFdDp6iTcz2h9DfVA9X
Tropical,Por Que Te Niegas,Razón que aleja tu corazón de la verdad que quieres aceptar.,Roberto Roena Y Su Apollo Sound,https://open.spotify.com/track/4g6hLbImbBfPgXFnFKPnUW
Vallenato,Por Tu Primer Beso,"El instante que se roba con un roce suave y dulce, el inicio de todo.","Jorge Celedón, Jimmy Zambrano",https://open.spotify.com/track/5ygvbzX8dF7EPxb68ipeZz
Urbana,Por un Pendejo no se llora,Lágrimas por alguien que realmente no lo merecía.,Manuel Turizo,https://open.spotify.com/track/4VPl3WGYKxQG8EVis7uLDt
Urbana,Por un Segundo,Un breve instante que podría cambiarlo todo.,Aventura,https://open.spotify.com/track/2MioxSroS0g1mi24LLfcnq
Tropical,Por Un Solo Camino,Una senda única que te lleva a un destino singular.,Piper Pimienta,https://open.spotify.com/track/3yxIS7EnzaWW6ZT7P9DoHs
Urbana,PORFA,"Una manera de pedir algo con cortesía, como un ""por favor"" pero más directo.","Feid, Justin Quiles",https://open.spotify.com/track/4TOmcZvw0gHa7GiXRbcYAW
Tropical,Porque Este Amor,La razón detrás de este cariño que a veces duele y a veces sana.,Tito Rojas,https://open.spotify.com/track/25Ee7HESOI3b6ZI5k9v5EP
Tropical,Porque Fallaste,"La razón por la que no cumpliste, de nuevo te quedaste en el camino.",La Suprema Corte,https://open.spotify.com/track/49rgkMdOKmMGoB79xthmRn
Banda,Porque Se Fue,Una pregunta que todos se hacen cuando alguien desaparece de sus vidas.,Jhonny Rivera,https://open.spotify.com/track/40reG6cCyoVfENuI5s2s4P
Tropical,Porque Te Amo,Razón por la que mi corazón late con fuerza y pasión.,Nino Segarra,https://open.spotify.com/track/0DrNa6Ol75djsKlw67TABQ
Tropical,Porque Te Fuiste,Un interrogante que surge tras la partida de un ser querido.,La Suprema Corte,https://open.spotify.com/track/5YwUJkyFixAdG19w5BgEb1
Tropical,Porque Te Quiero,"Razón que me impulsa a desearte, una emoción intensa que no puedo ocultar.",Mickey Taveras,https://open.spotify.com/track/2vetHpHhkHZ3B3BgyQQvFD
Plancha,Porque Yo Te Amo,La razón que me impulsa a sentir afecto por ti de manera profunda.,Sandro,https://open.spotify.com/track/2KuP2WnaXV7hiHn9KLq27E
Urbana,Pose,Una postura que expresa confianza y dominancia en el escenario de la vida.,Daddy Yankee,https://open.spotify.com/track/4fJWoaQqGZwp3quw9OpLMe
Tropical,Preso,"Detenido en mis pensamientos sin libertad, atrapado en el sentimiento.",Oscar y la Fantasia,https://open.spotify.com/track/7AWf4bT8n7L2qYf6R64z8z
Vallenato,Primavera Azul,"Estación del renacer, donde el cielo y las flores se encuentran en su máximo esplendor.",Los inquietos del vallenato,https://open.spotify.com/track/5GOTtfKXbK5VwKP2DOjmsO
Banda,Primera Cita,"Un encuentro inicial que todos deseamos disfrutar, lleno de nervios y emoción.",Carín León,https://open.spotify.com/track/3fJHbMUnzceimOnNjp63fF
Tropical,Probabilidad de Amor,Una chance romántica que se calcula entre dos corazones.,"N'Klabe, Daniela Darcourt",https://open.spotify.com/track/5IiIrBWcsrF8FRFQylBfjT
Banda,Probablemente,"Es posible que algo suceda, pero no estoy seguro de qué será.",Christian Nodal,https://open.spotify.com/track/4prmUBle7TtAeeUgCnsc3Z
Tropical,Probablemente,"La posibilidad de algo que parece seguro, aunque no se confirme del todo.",Yiyo Sarante,https://open.spotify.com/track/1CcfK5lgUbETJBaI39p3ro
Urbana,PROBLEMA,"Una dificultad que aparece en el camino, a veces en la vida y a veces en el amor.",Daddy Yankee,https://open.spotify.com/track/2dl5K2ScW7jYhAhuem06cm
Tropical,Procuro Olvidarte,Aquí va un intento de dejar atrás un amor que causa nostalgia.,Sergio Vargas,https://open.spotify.com/track/3t7w2BRWyKpjtPy1rpuMAw
Tropical,Prohibido,"Lo que no está permitido, aunque el deseo a veces lo haga más tentador.",Grupo Galé,https://open.spotify.com/track/1pn0Hzp6eL1TkUiJAaPvOd
Pop Anglo,Promiscuous,"Repleta de opciones y sin un único compromiso, así se me ve en la pista.","Nelly Furtado, Timbaland",https://open.spotify.com/track/2gam98EZKrF9XuOkU13ApN
Urbana,Promise (feat. Usher),"La garantía de que cumpliré mi palabra, aunque el tiempo pase.","Romeo Santos, USHER",https://open.spotify.com/track/0jr6tT2vc4cIFPHb6wufG3
Tropical,Propiedad Privada,"Algo que pertenece a uno y no se comparte, aún en el amor.",Antonio Cartagena,https://open.spotify.com/track/74awsB56w9pT10OoIBb0ku
Urbana,Propuesta Indecente,"Sugerencia atrevida que juega con lo prohibido, sin llegar a ser un sí.",Romeo Santos,https://open.spotify.com/track/5PycBIeabfvX3n9ILG7Vrv
Urbana,PROVENZA,"Un lugar que evoca el origen de algo, como un hogar en el que todo comienza.",KAROL G,https://open.spotify.com/track/7dSZ6zGTQx66c2GF91xCrb
Tropical,Pruebame,Un examen para ver si puedes demostrar lo que sientes.,Louie Ramirez,https://open.spotify.com/track/7JrN9Ml5zSeaB0Nzd7Xj0e
Pop Latino,Puedes Contar Conmigo,"Alguien en quien puedes apoyarte, nunca estarás solo si me llamas.",La Oreja de Van Gogh,https://open.spotify.com/track/1hbWtHgRDG25DkmxE4I28V
Pop Anglo,Pumped Up Kicks,"Calzado energizado para saltar, pero solo los que tienen buen ritmo en su andar.",Foster The People,https://open.spotify.com/track/7w87IxuO7BDcJ3YUqCyMTT
Urbana,Puntos Suspensivos,"Señales de una historia que quedaron en el aire, sin un final definido.",Piso 21,https://open.spotify.com/track/04cd1MHVq1D8v1nuTZoCdv
Pop Anglo,Put On A Smile,Un gesto en el rostro que ilumina el día y oculta las penas.,"Bruno Mars, Anderson .Paak, Silk Sonic",https://open.spotify.com/track/4bbJw6usZSqkcmnqjSIOWx
Urbana,QLONA,"Sustituta de un antiguo amor, un nuevo lazo que se enreda en el camino.","KAROL G, Peso Pluma",https://open.spotify.com/track/3XB5uhhlYSnkxpSihkNQwh
Tropical,Qué Agonía,Una sensación intensa que duele y se siente como un lamento profundo.,Yiyo Sarante,https://open.spotify.com/track/63acuiYQbn3B382AafozBI
Vallenato,Que Descaro,"Un atrevimiento que sorprende en el amor, ¿acaso no es un acto audaz?",Los Gigantes Del Vallenato,https://open.spotify.com/track/3vg1rT5q6NKTSMWV0Hp3lG
Banda,Qué Día Es Hoy,"Un momento de incertidumbre en el calendario, cuando te preguntas sobre la fecha actual.",Yeison Jimenez,https://open.spotify.com/track/0edudEcdDdUlhq5CY6vejT
Tropical,Qué Estas Buscando - Nuevo,Indica lo que anhelas encontrar en el camino que recorres.,Willie Gonzalez,https://open.spotify.com/track/567t77Avg2tpCNfRUby55l
Tropical,Qué Ganas Tengo,Deseo ardiente por experimentar algo que me hace falta.,Conjunto Chaney,https://open.spotify.com/track/3JatnuFx7Uo2BrqEIgVOhp
Tropical,Qué Habría Sido de Mí,¿Qué posibilidad tendría mi vida si las circunstancias fueran diferentes?,Víctor Manuelle,https://open.spotify.com/track/0FM3vkqskxIo1XnOJLh90s
Urbana,QUE HACES,¿Qué actividad realizas en un instante cuando no sabes cómo reaccionar?,"Becky G, Manuel Turizo",https://open.spotify.com/track/4ad3yFpPEMFLnvCtvbman5
Tropical,Qué Haces Aquí,"La razón de tu presencia en este lugar, no es un misterio cualquiera.",Lebrón Brothers,https://open.spotify.com/track/26oW2mbnzo2SaQJZIhWKGx
Vallenato,Que Hago Si Te Pierdo?,¿Qué pasos doy si me quedo sin ti?,Los Diablitos,https://open.spotify.com/track/15EPlD9uS5JrMuI56XWR8M
Vallenato,Que Importa Si Te Vas,¿Qué relevancia tiene tu partida si ya no hay lazos que nos unan?,Los Gigantes Del Vallenato,https://open.spotify.com/track/3eKX8ys5EZ6CnZW7yn5SlO
Pop Latino,Que Lloro,"Cuando me siento triste, esa es la reacción que suelo tener.",Sin Bandera,https://open.spotify.com/track/62clthR0fZmLbxeqxVJatQ
Tropical,Que Locura Enamorarme De Ti,Un delirio pasar de la amistad a los sentimientos por alguien especial.,Eddie Santiago,https://open.spotify.com/track/1TMxv8sfUhU55AC6Ul1PU5
Banda,Qué Mal Te Ves Sin Mí,"Una reflexión sobre tu presencia, pero llevada a un estado de ausencia.","Grupo Firme, Hernan Sepulveda",https://open.spotify.com/track/78qgcRHfy0y0e39nz34m64
Urbana,Qué Más Pues?,"¿Qué otro saludo podría venir después de un ""¿Qué tal?"" en una charla casual?","J Balvin, Maria Becerra",https://open.spotify.com/track/6hf0RpxTbOprT5nnwzkk8e
Plancha,Qué Más Te Da,Un interrogante sobre la importancia que le das a ciertas cosas.,Camilo Sesto,https://open.spotify.com/track/2lyht3WUjnuz0MjvCE926B
Vallenato,Que Me Perdone,Una solicitud a la divinidad para que acepte tu disculpa por lo que hiciste.,"La Combinación Vallenata, Jean Carlos Centeno, Víctor Reyes",https://open.spotify.com/track/0W9BmcGUqOAjxwmNYq3Orp
Vallenato,Que Me Puedas Amar,Un deseo sincero de que tus sentimientos se dirijan hacia mí.,"Miguel Morales, Juan David Herrera",https://open.spotify.com/track/2TCLtIBA192ntJ6TQzzIzn
Banda,Que Me Traigan Licor,Solicito que me entreguen una bebida que levante el ánimo en esta ocasión.,Jhon Alex Castaño,https://open.spotify.com/track/26oM1atL5zREAPNKbsvuua
Vallenato,Que No Me Faltes Tu,Lo que más anhelo en mi vida es tu presencia constante.,Los Diablitos,https://open.spotify.com/track/03gTQmd2iDkbeZXxcjn9jZ
Tropical,Que Nos Paso,¿Qué ocurrió entre nosotros que nos llevó a este desconcierto?,Son De Cali,https://open.spotify.com/track/1FAzQQBVYCTxmmjNzTEmMg
Tropical,Que Nunca Me Falte,Un deseo constante: que siempre esté presente lo que me da vida.,Orquesta Internacional Los Niches,https://open.spotify.com/track/2mtxekve54nPpzYXCF8Xru
Banda,Qué Onda Perdida,"Un saludo que se lanza al aire, pero que no se puede atrapar.","Grupo Firme, Gerardo Coronel",https://open.spotify.com/track/6IV5Y1eWaQZ1jV5apkUMS4
Urbana,Qué Pecao,"Un error que se saborea, a menudo trae consecuencias en el corazón.","Manuel Turizo, Kapo",https://open.spotify.com/track/25CfEf59PmRAhV18oZRMNr
Vallenato,Que Pena,"Un dolor que se siente al hacer algo que no debería, pero que ya ocurrió.","La Combinación Vallenata, Los Diablitos, Jean Carlos Centeno, Beto Villa",https://open.spotify.com/track/3X6c2hY2FEzmoN3nwMozsu
Urbana,Qué Pena,Un sentimiento incómodo por una situación que se torna difícil de manejar.,"Maluma, J Balvin",https://open.spotify.com/track/5099x34vBakWpGkHourFxP
Urbana,QUE PRETENDES,"Lo que buscas en mí, ¿es un juego o una intención clara?","J Balvin, Bad Bunny",https://open.spotify.com/track/25ZAibhr3bdlMCLmubZDVt
Urbana,Que Se Mueran,El deseo de dejar en el pasado a quienes ya no importan.,Romeo Santos,https://open.spotify.com/track/7FrPSk0rZdCPR50pfzdzMK
Tropical,Que Se Mueran de Envidia,Deseo que sientan el final de sus días por lo que tienen y tú no.,Frankie Ruiz,https://open.spotify.com/track/2oxGvUBXI5sfElwx0DyNxk
Vallenato,Qué Sera de Mí,¿Qué sucederá con mi destino en el futuro?,Binomio de Oro,https://open.spotify.com/track/1qjKoc6JPi7jNFkSa1H1Et
Banda,Que Te Lo Crea Tu Madre,Una expresión de incredulidad que podrías compartir con quien te dio la vida.,Espinoza Paz,https://open.spotify.com/track/1FEH4cNvTNkBO5tM4mMyag
Tropical,Qué Te Pasa A Ti,¿Qué te sucede en este momento que no parece estar bien?,Ismael Rivera Y Sus Cachimbos,https://open.spotify.com/track/1OvlmE68VoYudhx1zNyv79
Urbana,Que Va,Una expresión que indica que algo no tiene importancia o relevancia en la conversación.,"Alex Sensation, Ozuna",https://open.spotify.com/track/6J1R5wtPXiHiwiPstOSI56
Urbana,Qué Vas a Hacer?,Una pregunta sobre tus próximos pasos en una situación incierta.,"Daddy Yankee, May-Be",https://open.spotify.com/track/6AzcHi5hHkwH0SgXuxE09h
Vallenato,Que Vuelva,"Deseo ardiente de regresar a lo que se ha perdido, un ruego sincero.",Los Diablitos,https://open.spotify.com/track/4lplPo03pTF41laFOsu7xr
Banda,QUE VUELVAS,"Regresar al lugar donde todo comenzó, deseando que estés de nuevo aquí.","Grupo Frontera, Carín León",https://open.spotify.com/track/5HR7yfhSCeoOHRQN05XnZQ
Banda,Que Vuelvas,"Un regreso deseado, anhelando lo que se fue y aún duele en el corazón.","Carín León, Grupo Frontera",https://open.spotify.com/track/6Um358vY92UBv5DloTRX9L
Urbana,quédate,"Permanece un momento más en este lugar, no te vayas aún.",Beéle,https://open.spotify.com/track/6VfL3MEuYeJbDlD8m011HR
Banda,QUÉDATE BEBÉ,"Permanecer un rato más, cariño, con un toque de dulzura etílica.",Grupo Frontera,https://open.spotify.com/track/4U0NzCC9oiVDEDfgDKIiTo
Tropical,Quédate Conmigo,"Permanece a mi lado, no te vayas, que quiero compartir este instante.",La Sabrosura Orquesta,https://open.spotify.com/track/0Eoiq4ZXcJ9lGAeeDtXeaK
Urbana,QUEMA,"Algo que ocurre cuando algo arde intensamente, consumiendo todo a su alrededor.","Ryan Castro, Peso Pluma, SOG",https://open.spotify.com/track/2hn2zOA2XFlv6DSmesylrL
Banda,Quererte Fue un Error,Amar a alguien y luego descubrir que la decisión fue equivocada.,El Charrito Negro,https://open.spotify.com/track/2e2TpmLCcMngQT7mqNWz6i
Plancha,Querida,"Un saludo a quien se extraña mucho, con un ""te estoy llamando"".",Juan Gabriel,https://open.spotify.com/track/5ySxlyvySBhIEvoO2xx7uT
Tropical,Queriendo,Deseando intensamente algo que se ha vuelto una necesidad profunda.,Pedro Arroyo,https://open.spotify.com/track/5NVT8uVwX212imAAl2AIPa
Urbana,"Quevedo: Bzrp Music Sessions, Vol. 52/66",Una combinación de la realidad y el deseo se encuentra en esta colaboración.,"Bizarrap, Quevedo",https://open.spotify.com/track/2tTmW7RDtMQtBk7m2rYeSw
Plancha,Quién Como Tú,¿Quién tiene la habilidad de ser incomparable y perfecto en todo?,Ana Gabriel,https://open.spotify.com/track/3UBpH7Y85ixCv7ditDHxWH
Vallenato,Quien No Se Ha Enamorado,Aquel que nunca ha sentido el dulce ardor del amor en su corazón.,Daniel Calderón,https://open.spotify.com/track/3AbnOlMkx1CDwp5gac5yqo
Vallenato,Quien Perdera,"Aquél que no guarda cuidadosamente lo que le pertenece, estará en problemas.",Los Diablitos,https://open.spotify.com/track/6UsPWRpytDo7qZUzqxO4fA
Urbana,Quien TV,La persona que observa lo que otros muestran en la pantalla.,Blessd,https://open.spotify.com/track/2ThSBT4fDS83BWu3iMjMRn
Urbana,Quiéreme,"Solicita que te amen de verdad y sin reservas, no solo por un instante.",Mike Bahía,https://open.spotify.com/track/5N99e6LuN2tknGikNAwl8n
Tropical,Quiéreme,"Desea que alguien tenga afecto por ti, sin condiciones ni límites.",Mickey Taveras,https://open.spotify.com/track/0mQv4QzTxrlTxfLOgMwGsu
Vallenato,Quiéreme,Un verbo en primera persona que indica deseo y un pronombre que pide atención.,"Luis Mateus, La Nueva Generación",https://open.spotify.com/track/6IQL7ZIyVRvTantflGrUmF
Urbana,Quiéreme Mientras Se Pueda,"Ama en el presente, mientras la oportunidad esté a nuestro alcance.",Manuel Turizo,https://open.spotify.com/track/1WH3iquIQXnSPwUzlROT8R
Urbana,Quiero +,"Deseo intenso, anhelo por algo que no puedo dejar de buscar.",Greeicy,https://open.spotify.com/track/3qwEwtnOb6TyJkSGYEm02h
Plancha,Quiero Aprender de Memoria,Un deseo ferviente por retener sin mirar el papel.,Leonardo Favio,https://open.spotify.com/track/2pkXhUgHqxgRuA1wY7hiS7
Urbana,Quiero Bailar,"Deseo moverme al ritmo de la música, sin importar el lugar ni el momento.",Ivy Queen,https://open.spotify.com/track/5JLV62rg4jtnoElc4P9F6K
Tropical,Quiero Besarte,Anhelo presionar mis labios contra los tuyos.,Grupo Galé,https://open.spotify.com/track/1IB2SIVKD7mI1K01yA374i
Plancha,Quiero Dormir Cansado,Anhelo de reposar tras un día agotador.,Emmanuel,https://open.spotify.com/track/6LmKDVBBlMsWqUbuNTeCuF
Tropical,Quiero Hacerte El Amor,Anhelo entregarte mis caricias en un momento íntimo y apasionado.,Tito Rojas,https://open.spotify.com/track/1BaRHvWwWiIkZwj99LbrLA
Tropical,Quiero Llenarte,Anhelo de satisfacer un vacío en el corazón con tu presencia.,Frankie Ruiz,https://open.spotify.com/track/5D9bkJ4VJd83UVSZJfPv6H
Tropical,Quiero Morir En Tu Piel,"Anhelo desvanecer, fundiéndome en la suavidad de tu exterior.",Willie Gonzalez,https://open.spotify.com/track/3t3jGDeU3t1ro51C3x2pPR
Tropical,Quiero Quedarme en Ti,"Anhelo permanecer en tu esencia, como un deseo que nunca acaba.",La Suprema Corte,https://open.spotify.com/track/3JBLdVJrLFymAihS70d395
Urbana,Quiero Repetir,Anhelo volver a experimentar lo que ya disfruté.,"Ozuna, J Balvin",https://open.spotify.com/track/0MIcPSq9n2z5H8TAfEstri
Vallenato,Quiero Saber De Ti,Deseo conocer más sobre tu persona y lo que sientes.,Los inquietos del vallenato,https://open.spotify.com/track/5Q9eoqeg4Z3c8wIsesbkaI
Tropical,Quiero Verte,"Deseo de observarte, anhelo de tu presencia, más allá de la distancia.",Frankie Ruiz,https://open.spotify.com/track/5FDTQOjCfiaIx1Ru7kVgGr
Tropical,Quiero Volver,El deseo ardiente de regresar a un lugar que atesoras en el corazón.,Pedro Conga,https://open.spotify.com/track/0fs0brKqAfDMaWogfhyZ42
Tropical,Quiero Volver a Enamorarte,Deseo regresar a sentir esa dulce chispa que une dos corazones.,Yan Collazo,https://open.spotify.com/track/54BaSfvSJiU1gq118n863j
Tropical,Quiero Volver A Querer,Anhelo regresar a sentir esa emoción que solía llenar mi corazón.,Pedro Conga,https://open.spotify.com/track/3A3cIiZK8BdHY4x5KA99yP
Tropical,Quiero Volver Contigo,El deseo de regresar a la unión amorosa que se perdió.,Luisito Ayala Y La Puerto Rican Power,https://open.spotify.com/track/12EN7AN1KjA7CFYfcBKIHN
Tropical,Quisiera Contarle,"Deseo narrarte algo profundo, pero las palabras se quedan guardadas en mi interior.",Pedro Arroyo,https://open.spotify.com/track/3YIa4vbdUKShntII7KDTeU
Plancha,Quítame Ese Hombre Del Corazón,Retira de mi pecho al que ocupa un lugar indeseado.,Pilar Montenegro,https://open.spotify.com/track/41MbmJ4NShxvMc8KrsmiiE
Urbana,Quizas - Remix,Posiblemente una respuesta a lo que sientes podría ser la clave de esta situación.,"Tony Dize, Ken-Y, Marioso",https://open.spotify.com/track/4lXmjobnSkEpX6TyEa7sgv
Urbana,Rakata,"Un ritmo que se siente, como un golpe en el pecho que no puedes ignorar.",Wisin & Yandel,https://open.spotify.com/track/1kQqiC1rS1FiuVpeBKN0QN
Pop Anglo,Rather Be (feat. Jess Glynne),"Preferiría estar en cualquier lugar que no sea este, donde no soy feliz.","Clean Bandit, Jess Glynne",https://open.spotify.com/track/61dCUoMCg28qEBzrW6htYM
Pop Latino,Rayando el Sol,"Apareciendo en el horizonte, justo antes de que el día despierte.",Maná,https://open.spotify.com/track/4Ofg5uuH7qqDIXpAJMpXZV
Plancha,Razón De Sobra,"Un motivo que hija de la abundancia, pero que ya no tiene sentido.",Marco Antonio Solís,https://open.spotify.com/track/4bflH24rxv6ZKKAGxTMci6
Vallenato,Realízame mis sueños,Una petición al universo para que lo que anhelas se vuelva tangible.,Binomio de Oro de América,https://open.spotify.com/track/5uFmiw2BfcTPmjXyLzkmRk
Banda,Recostada en la Cama,"En una posición relajada sobre un mueble acolchado, donde suelen descansar los sueños.",Pipe Bueno,https://open.spotify.com/track/4rsMakw5imCflCyNefFLhw
Tropical,Recuerdame,"Evoca a alguien en tu mente, aunque ya no esté presente.",Proyecto A,https://open.spotify.com/track/6nb9Zh5p72uDX0VEb5qjax
Vallenato,Recuérdame,Evoca a alguien que ya no está y guarda su esencia en la memoria.,Los inquietos del vallenato,https://open.spotify.com/track/4MaCRgEVU0iP2gIfnCLATK
Tropical,Recuerdos,Fragmentos de momentos pasados que permanecen en la mente y el corazón.,Adolescent's Orquesta,https://open.spotify.com/track/1OFb5EPb3J3iJwdOekjY2d
Vallenato,Recuerdos De Un Amor,Memorias de un sentimiento que se aferra al corazón y nunca se olvida.,Los Diablitos,https://open.spotify.com/track/5wIJcfAgtH2N91YeBhKfOK
Pop Anglo,Redbone,"Un tubérculo que se cultiva en la tierra, pero también puede referirse a una sensación de traición.",Childish Gambino,https://open.spotify.com/track/3vQ4T78TTMOjQXGfXVKQJo
Pop Anglo,redrum,"Un término que hace referencia a un asesinato repetido, pero en un sentido al revés.",21 Savage,https://open.spotify.com/track/52eIcoLUM25zbQupAZYoFh
Urbana,Reflejo,"La imagen que ves de ti en el espejo, pero con un toque musical.","Caracol Televisión, Gelo Arango",https://open.spotify.com/track/5txLogjkNolOwyipSiqIxr
Vallenato,Regalame Una Noche,"Un obsequio nocturno de tiempo compartido, donde los recuerdos brillan bajo las estrellas.",Los inquietos del vallenato,https://open.spotify.com/track/3A75fcWtHqmTESwNZFYcDY
Tropical,Regresa Pronto,El deseo de que alguien vuelva antes de que el tiempo se agote.,Grupo Galé,https://open.spotify.com/track/5ZM8BTsQXREZB3m9bu4SaG
Tropical,Regresa Ya,"Deseo que vuelvas a cruzar mi camino, lo anhelo con fervor.",El Gran Combo De Puerto Rico,https://open.spotify.com/track/2rlBW1XrS0LjezLW1eteYI
Urbana,Relación,"Un vínculo que une, pero que también puede complicar las cosas.",Sech,https://open.spotify.com/track/3ZG8N7aWw2meb6UrI5ZmnZ
Vallenato,Relicario de besos,"Un tesoro donde guardo caricias, esas muestras de afecto que se dan con los labios.",Binomio de Oro,https://open.spotify.com/track/6qmACNkSmtpiv9DmgbxL51
Urbana,REMIX,"Una mezcla de estilos, cuando le das un giro a lo habitual.",Daddy Yankee,https://open.spotify.com/track/65MqlYPOWReasKWcuCaOCW
Tropical,Renuncio,Decido liberar mi corazón de la carga que me pesa.,Proyecto A,https://open.spotify.com/track/5JIGsUUzt8Bnk6gUUI5guy
Banda,Repítela,"Cuando el sonido vuelve a sonar, deseas que se repita lo vivido.",Jessi Uribe,https://open.spotify.com/track/6syqaRHW4FsOgdGgoWvAb1
Banda,Resentimiento,Un sentimiento que surge cuando te duele una traición y el orgullo no se va.,Espinoza Paz,https://open.spotify.com/track/3Olzvg5XDJ6j8KNfkFFvYj
Tropical,Respuesta,"Una contestación a un interrogante, pero con un toque de misterio.",Amilcar Boscan,https://open.spotify.com/track/06gHQJPt9NavCAvKLodk4W
Pop Anglo,Rest Of My Life,El período restante que me queda para disfrutar de este viaje llamado vida.,Matt Johnson,https://open.spotify.com/track/09Cho6Z6miR25UfPLmLODW
Pop Anglo,Ride,"Viajar en la carretera, dejando atrás los problemas, buscando la libertad.",Twenty One Pilots,https://open.spotify.com/track/2Z8WuEywRWYTKe1NybPQEW
Pop Anglo,Riptide,"Una corriente intensa en la orilla, donde todo puede llevarte lejos.",Vance Joy,https://open.spotify.com/track/2uXlHCUbq9OMUwx3hrk06o
Pop Anglo,Risk It All,Apostar todo lo que tienes al obtener el premio mayor.,Bruno Mars,https://open.spotify.com/track/5y2ijHECwFYWqcAHKTZgzD
Urbana,Rojo,"El color que simboliza peligro y pasión, a menudo asociado con el amor ardiente.",J Balvin,https://open.spotify.com/track/4uziEsK1yiqdauKVDPsmVG
Urbana,Rompe,"Destruye lo que impide tu paso, deja huella y avanza sin miedo.",Daddy Yankee,https://open.spotify.com/track/72IpEhYp6GdvzO3V2MfH4E
Urbana,Ropa Cara,Lo que vistes en el cuerpo puede tener un precio elevado.,"Yampi, Ozuna",https://open.spotify.com/track/076uJiAXPcni8CFjSfzMIV
Urbana,Rosa,"Un color que simboliza el amor y la amistad, ¡pero también es un nombre femenino!",J Balvin,https://open.spotify.com/track/464uJVLmr0fDJGXOnciaDe
Plancha,Rosa,"Un color delicado, el que se lleva en el jardín, acompañado de su nombre.",Sandro,https://open.spotify.com/track/2xWNLtRPgcQwjTWjhncnJF
Pop Latino,Rosas,"Florecitas de colores que suelen alegrar el día, a veces llegan con espinas.",La Oreja de Van Gogh,https://open.spotify.com/track/4waqcUQWdj0yH26STWl2Rq
Pop Anglo,Rude,¿Quién se atreve a ser descortés con el futuro de un amor?,MAGIC!,https://open.spotify.com/track/6RtPijgfPKROxEzTHNRiDp
Urbana,RUMBATÓN,"Baile intenso que despierta el ritmo en tu corazón, todo el mundo se une a la fiesta.",Daddy Yankee,https://open.spotify.com/track/3XjN0mvFkQp1FMVM9Ro5hm
Banda,Rumores,"Chismes que circulan, susurros que vuelan, secretos a voces que nunca duermen.","Joan Sebastian, Lisa Lopez",https://open.spotify.com/track/1CGZr3OWD5QG1KCW7LMC1D
Tropical,Rumores,Chismes que se esparcen a través de susurros y conversaciones.,Orquesta La Palabra,https://open.spotify.com/track/6RvQchPUrJSJesyeYD4Z74
Pop Anglo,Running Up That Hill (A Deal With God),"Persiguiendo la cima de esa colina, proponiendo un trato con una fuerza superior.",Kate Bush,https://open.spotify.com/track/75FEaRjZTKLhTrFGsfMUXR
Tropical,Rurelto Mena,"Un sonido tradicional que invita a moverse, seguido de un nombre común de origen.",Grupo Niche,https://open.spotify.com/track/584e0Xcl5C3ZI9wDj2NLvN
Tropical,Sabía Que Vendrías,Un conocimiento previo sobre tu llegada inminente.,Anddy Caicedo,https://open.spotify.com/track/2ws401qirRgxWg03zewtMQ
Pop Anglo,Safe And Sound,"Protegido y en calma, donde no hay nada que temer.",Capital Cities,https://open.spotify.com/track/6Z8R6UsFuGXGtiIxiD8ISb
Tropical,Salí Porque Salí,"Una acción de abandonar el lugar, sin motivo ni razón aparente.",Cheo Feliciano,https://open.spotify.com/track/4fXkxxfpWE0VGCAe4Icdad
Urbana,Salió El Sol,"Un astro brillante que se asoma tras la oscuridad, trayendo luz y calor.",Don Omar,https://open.spotify.com/track/48NXpYRuvv9izul4oXhqS9
Urbana,Salud y Vida,Un brindis por el bienestar y la existencia en este mundo.,Daddy Yankee,https://open.spotify.com/track/5sC0youR92ljJRn6VatElb
Urbana,Salvavidas,Objeto que ayuda a flotar en el agua y salvar vidas.,"Piso 21, Ñejo",https://open.spotify.com/track/5VQyB3R9Q6anjtf23J2TK7
Tropical,Sandra Mora,Una mujer con un nombre común que danza al ritmo del mar.,"Velvet Salsa All Stars, Andy Montañez, Maritza Blanco De Puchi, PABLO ÁLVAREZ",https://open.spotify.com/track/1Lyg0T9xKFXIyIj3jHpOm8
Tropical,Sangrando Por La Herida,"Fluyendo de una abertura, una muestra de dolor que no se puede ocultar.",Agustin Arce,https://open.spotify.com/track/7vUD9OhzOKdj392orvaIL3
Pop Anglo,Save Your Tears,"Protege tus lagrimas, esas que brillan pero ocultan un dolor profundo.",The Weeknd,https://open.spotify.com/track/5QO79kh1waicV47BqGRL3g
Pop Anglo,Save Your Tears (Remix) (with Ariana Grande) - Bonus Track,Protégete de lo que brota de tus ojos cuando decides ocultar el dolor.,"The Weeknd, Ariana Grande",https://open.spotify.com/track/1oFAF1hdPOickyHgbuRjyX
Pop Anglo,Say It Right,"Expresa lo que sientes correctamente, o la oportunidad se perderá.",Nelly Furtado,https://open.spotify.com/track/2aI21FnmY7TJVKeMaoQZ0t
Pop Anglo,Say You Won't Let Go,Expresa que no dejarás escapar a alguien en un futuro incierto.,James Arthur,https://open.spotify.com/track/5uCax9HTNlzGybIStD3vDh
Tropical,Se Acaba Este Mundo,"El fin de nuestro planeta se aproxima, no hay tiempo que perder.",Willie Colón,https://open.spotify.com/track/4x3aZ33JAawd3TPmUcTlw6
Banda,Se Acabó,"El final de una historia, cuando ya no queda más que decir.",Yeison Jimenez,https://open.spotify.com/track/2T6BBNQW4t81x2ddqWrGzs
Tropical,Se Acabo El Amor,"La unión sentida que se quiebra, dejando atrás lo que fue un dulce lazo.",Adolescent's Orquesta,https://open.spotify.com/track/6vYGqxYCAcj4gfyrGcqN3i
Vallenato,Se Dejó Confundir,Un término que implica sucumbir a la ilusión o a las apariencias de alguien.,"Los Chiches Vallenatos, Amin Martinez",https://open.spotify.com/track/0rn6XSJc7faNcoMV83PsL1
Banda,Se la Robé y Me la Robaron,Un acto en el que tomas algo que no te pertenece y a ti te lo quitan.,Giovanny Ayala,https://open.spotify.com/track/1vJEs6E5qVdYNiXJPZksTO
Tropical,Se Me Fué,"Una pérdida que se va como el viento, un momento que se escapa sin avisar.",El Gran Combo De Puerto Rico,https://open.spotify.com/track/7LtdGE1jTyh9mgnmxvkyRO
Banda,Se Me Olvidó Otra Vez,"Un recuerdo que se escapa, una ocasión perdida que vuelve a desvanecerse.",Pepe Aguilar,https://open.spotify.com/track/1AQBhWEkoY8hl1104ts8YM
Pop Latino,Se Me Olvidó Otra Vez - Unplugged; 2020 Remasterizado,"Aquello que se escapa de la memoria, repetido en un nuevo intento de recordar.",Maná,https://open.spotify.com/track/3S2ypj6FSu07jVKFSTAUjm
Vallenato,Se Me Salen Las Lagrimas,Cuando el dolor es tan profundo que tus ojos no pueden retener el agua.,Los Gigantes Del Vallenato,https://open.spotify.com/track/1cJcBfTi40FK2QwzckE4bz
Tropical,Se Me Sigue Olvidando,"Lo que persiste en la memoria, pero escapa como arena entre los dedos.",Marc Anthony,https://open.spotify.com/track/2wHtuxkW4dFAlwGkbnwa7l
Tropical,Se No Perdio el Amor,"Aún hay esperanza en el afecto, aunque parezca que se ha desvanecido.",El Gran Combo De Puerto Rico,https://open.spotify.com/track/0w1su7w9OjsNBT6rDFmYnT
Tropical,Se Pareció Tanto a Ti,"Un remedo casi perfecto de lo que amabas, pero aún no es igual.",Grupo Niche,https://open.spotify.com/track/6imhzs02qG8OqhnN7ZHHMn
Urbana,Se Preparó,"Un estado mental de listo, para lo que venga.",Ozuna,https://open.spotify.com/track/1m69ELEgE6k5ZWsap40ozt
Tropical,Se Supone,"Un verbo que indica lo que debería ocurrir, pero a menudo no sucede.",Gilberto Santa Rosa,https://open.spotify.com/track/33nuHHVc2Ce7Qze0iajQDt
Urbana,Secreto,"Algo que se oculta y se guarda con recelo, a menudo íntimo y personal.","Anuel AA, KAROL G",https://open.spotify.com/track/5W83ErFkO3aKAIS1WMi6u0
Plancha,Secreto De Amor,Un vínculo oculto que hace vibrar el corazón en silencio.,Joan Sebastian,https://open.spotify.com/track/47PiSg7z5qjUyEGKN4I1g7
Pop Anglo,Secrets,"Lo que guardamos en lo más profundo, lejos de las miradas curiosas.",OneRepublic,https://open.spotify.com/track/1NhPKVLsHhFUHIOZ32QnS2
Tropical,Sed de Amarte,Un anhelo profundo por el cariño que deseas recibir.,Hector Tricoche,https://open.spotify.com/track/7ESz1xPY2AE9VYqn2IfmfK
Tropical,Seda,"Tejería suave, como lo que da brillo y suavidad al tacto.",Willie Gonzalez,https://open.spotify.com/track/0nZHEMMycl40jkcaVzKsAF
Banda,Según Quién,"La opinión que se toma como referencia para evaluar algo, ¿quién decide?","Maluma, Carín León",https://open.spotify.com/track/4bw8mcDUSRWfQo63ZTYRnU
Tropical,Segundo A Segundo,"Un intervalo intermedio tras otro, sin cesar, en una danza continua.",Glenn Monroig,https://open.spotify.com/track/2jTtNkWPK9eryys0b3SPnh
Tropical,Sembrados de Placer,Cultivados en un jardín de sensaciones intensas.,Camilo Azuquita,https://open.spotify.com/track/28Fmp9lBmGr7eUMI3CyVa6
Pop Anglo,Send My Love (To Your New Lover),Transmite mis mejores deseos a esa persona con la que ahora compartes tu vida.,Adele,https://open.spotify.com/track/0t7fVeEJxO2Xi4H2K5Svc9
Urbana,Sensacion Del Bloque,"Una emoción que llena el aire, propia de un lugar popular y movido.",De La Ghetto,https://open.spotify.com/track/4CvfLcACHb15gaXSvQtKup
Tropical,Sensual,"Una cualidad que expresa atracción, un estado que provoca sílabas suaves y seducción.",Tito Rojas,https://open.spotify.com/track/24kVcDkTco8J6KcgyhEHI9
Banda,Sentimientos de Cartón,"Lo que sientes a menudo es frágil, pero en este caso, ¡no es real!",Grupo Dominio,https://open.spotify.com/track/6SoV1HBPcfMpMahGav3ERw
Banda,Señor Locutor,"¿Quién está en el aire, hablando de una persona muy importante para muchos?",Los Tigres Del Norte,https://open.spotify.com/track/1BzgNEN1TRhThyaiSvt9Sy
Tropical,Señora De Madrugada,"Dama que llega cuando el sol se oculta, trayendo su misterio nocturno.",Tito Rojas,https://open.spotify.com/track/67hHhKVp67fqRwE0OehlnX
Tropical,Señora Ley,Una dama que impone normas en el ámbito de la justicia.,"Conjunto Clásico, Tito Nieves",https://open.spotify.com/track/0yMyFYZ12CMqo59GG2bJzY
Pop Anglo,Separate Ways (Worlds Apart) - Bryce Miller/Alloy Tracks Remix,"Caminos distintos que se cruzan, vidas en universos ajenos.","Journey, Steve Perry",https://open.spotify.com/track/0muK9BAzu2TJXQgWPsEj6e
Urbana,Sexo Virtual,"Interacción amorosa a través de pantallas, donde el deseo se comparte en el ciberespacio.",Rauw Alejandro,https://open.spotify.com/track/0giiXonRhODYy4J1iy4Lb3
Urbana,"Sexo, Sudor Y Calor","Elixir de pasión, humedad en el ambiente y altas temperaturas.","J Alvarez, Ñejo, Dalmata",https://open.spotify.com/track/3Hi2DWIdJ73D9L96KHGtEM
Pop Anglo,Sexual Revolution,"Un cambio íntimo que despierta deseos, transformando lo que es y lo que puede ser.",Macy Gray,https://open.spotify.com/track/71545askjfqezzpPSfrSP1
Urbana,Sexy Movimiento,Un movimiento cautivador que despierta el deseo y la atracción.,Wisin & Yandel,https://open.spotify.com/track/1Kgyx7NLtzsa3gWV1efGHu
Urbana,"Shakira: Bzrp Music Sessions, Vol. 53/66",Un encuentro en la pista donde se mezclan ritmos y futuros inciertos.,"Bizarrap, Shakira",https://open.spotify.com/track/4nrPB8O7Y7wsOCJdgXkthe
Pop Anglo,Shallow,Profundidad en la que te desplazas entre lo tenue y lo desconocido.,"Lady Gaga, Bradley Cooper",https://open.spotify.com/track/2VxeLyX666F8uXCJ0dZF8B
Pop Anglo,Shape of You,La silueta de tu figura es lo que atrapa mi atención.,Ed Sheeran,https://open.spotify.com/track/7qiZfU4dY1lWllzX7mPBI3
Pop Anglo,She Will Be Loved - Radio Mix,"Ella será apreciada, aunque no siempre esté cerca.",Maroon 5,https://open.spotify.com/track/4llK75pXNWZz6KAho2Gp16
Urbana,SHORTY QUE TE VAYA BN <3,Pequeña que tengas un buen camino y que todo te sonría con amor.,Rels B,https://open.spotify.com/track/3CQDFLetMMxD5hzAnUk410
Urbana,Si Antes Te Hubiera Conocido,"Un encuentro que hubiera cambiado todo, si el tiempo hubiera sido diferente.",KAROL G,https://open.spotify.com/track/6WatFBLVB0x077xWeoVc2k
Urbana,Si Ella Quisiera,El deseo de una dama puede abrir puertas que antes estaban cerradas.,Justin Quiles,https://open.spotify.com/track/7cIkMEpDhT7Vpw1FHOQqKC
Tropical,Si Ella Supiera,"La chica conoce el secreto, pero todavía no lo ha descubierto.",Ray De La Paz,https://open.spotify.com/track/65BlmCyAx151fpKYvuLtc9
Vallenato,Si Ella Supiera,Conocer en secreto lo que una dama ignora sobre sus sentimientos.,Los Chiches Vallenatos,https://open.spotify.com/track/08h9FcRyZCVIYJojsLIr7e
Tropical,Si Estuvieras Conmigo,"Si estuvieses a mi lado, todo sería diferente.",Roberto Blades,https://open.spotify.com/track/0tozp6USHzeHmDaIPkUtZy
Urbana,Si lo ven,Observa lo que ocurre cuando alguien es notado en un momento especial.,KAROL G,https://open.spotify.com/track/75KmkB7wmJnalp0sf4IdRD
Tropical,Si Me Das Un Beso,Un toque suave de labios que puede cambiar todo en un instante.,Rey Ruiz,https://open.spotify.com/track/0cc6Gjd2RpZ8Y6Y8xCwr4G
Plancha,Si Me Dejas Ahora,"Si decides marcharte en este preciso instante, nuestra historia se detendrá.",Camilo Sesto,https://open.spotify.com/track/10ZWwpLU1351dTBh1YChwd
Plancha,Si Me Dejas Ahora,"Si me das la libertad de marcharme en este instante, ¿seguirá intacto lo que siento?",José José,https://open.spotify.com/track/4Ffrs6kqh1cyNC1gdRWI38
Tropical,Si Me Dejas Amarte,"Si me permites entregarte mi amor, te lo agradeceré.",Roberto Lugo,https://open.spotify.com/track/6WECgPu7PHErTFnehoRSc8
Tropical,Si Me Faltas Tú,"Un condicional que expresa necesidad, seguido de una ausencia de alguien especial.",Willy Garcia,https://open.spotify.com/track/3ilYd8KiDFI7puRrw2Efq3
Banda,Si Me Ven Llorando,"Si me observan con lágrimas, sabrán que el corazón no es de acero.",Jessi Uribe,https://open.spotify.com/track/3U81ZH45AehL4wt95ePlHd
Tropical,Si No Fuera Por Ti,"Sin tu presencia, la vida perdería su sentido, pero contigo, todo cobra importancia.",Alex D'Castro,https://open.spotify.com/track/2eTPmrR5nLh9EedaB1CWWb
Tropical,Si No La Tengo,La frase que expresa la falta de algo crucial en mi vida.,Diablos Locos,https://open.spotify.com/track/5BSYu3CEg0L9sDBNXOwKTk
Urbana,Si No Le Contesto,"Un silencio que puede gritar más que mil palabras, un mensaje sin respuesta.",Plan B,https://open.spotify.com/track/3XaWuYsTtnkzCSBr0RmROc
Vallenato,Si No Me Falla El Corazon,"Este órgano central en tu pecho, puede ser un gran aliado o enemigo en el amor.",Los Diablitos,https://open.spotify.com/track/6idpPNIFO9J9tLNNLzRMFt
Plancha,Si No Te Hubieras Ido,Lo que ocurrió si en el pasado no hubieras partido de mi lado.,Marco Antonio Solís,https://open.spotify.com/track/3l1ZanpJ3jFQZMqATizqfE
Pop Latino,Si No Te Hubieras Ido,Un estado que se viviría si la separación no hubiera ocurrido.,Maná,https://open.spotify.com/track/0fHhIm7n240IlhbrYGKZXH
Banda,Si No Te Hubieras Ido - En Vivo,"Un concepto de ausencia, donde el viaje no se realizó y el pasado se mantiene.",Luis Alfonso,https://open.spotify.com/track/62eVG9CVo1mjZQsSabRzDG
Tropical,Si No Tengo Tu Amor,La condición de carecer de ese sentimiento que completa mi vida.,Ray Sepulveda,https://open.spotify.com/track/2SqWlvnuehnhoyTr6HQbsK
Pop Latino,Si Nos Quedara Poco Tiempo,Un breve lapso para disfrutar lo que queda de este viaje juntos.,Chayanne,https://open.spotify.com/track/5Z8lZ3FhHDMF85kZXXGhFZ
Urbana,SI SABE FERXXO,"Conocimiento es poder, pero cuando es un toque especial, se convierte en algo más.","Blessd, Feid",https://open.spotify.com/track/7chTH3GBjjAyagf0SPCZDL
Urbana,Si Se Da - Remix,"Una condición que, si ocurre, puede traer sorpresa y alegría.","Myke Towers, Farruko, Arcángel, Sech, Zion",https://open.spotify.com/track/6K5BsR04ijf3FHNzjbaagD
Banda,Si Supieras,"Conocieras la verdad, todo cambiaría en un instante.",Luisito Muñoz,https://open.spotify.com/track/4dbgZKrrQSBaqdWZ5Cy6Qv
Urbana,Si Supieras,Lo que podrías conocer si tu conocimiento fuera más profundo.,"Daddy Yankee, Wisin & Yandel",https://open.spotify.com/track/7MRU4vOkywuhZ9kbFiPuiu
Tropical,Si Supieras,Si tan solo conocieras la verdad que siento en mi corazón.,Orquesta Internacional Los Niches,https://open.spotify.com/track/5xTgVmA00q6QMU9bdduSYq
Tropical,Si Supieras,¿Qué pasaría si tu conocimiento sobre mí fuera más profundo?,Maelo Ruiz,https://open.spotify.com/track/2YzhQEikYymq0HR9oc0EGT
Urbana,Si Supieras (Live),Conocer el profundo anhelo que sientes al no saber lo que otro siente.,"Daddy Yankee, Wisin & Yandel",https://open.spotify.com/track/2OkhCzsaFaiP03Hoiu6Km2
Tropical,Si Te Dijeron,Lo que te comentan puede no ser la verdad de lo que siente mi corazón.,Gilberto Santa Rosa,https://open.spotify.com/track/72smi6VGrdsrdUD4W2MpUw
Tropical,Si Te Entregas a Mí,La acción de ofrecerte por completo a quien desea tu corazón.,Frankie Ruiz,https://open.spotify.com/track/3IPwvJd8WdPRs9bx12cf4e
Banda,Si Te Falta Alguien,Aquello que sientes cuando una persona especial no está a tu lado.,Christian Nodal,https://open.spotify.com/track/5KcuLISuSBnMFAPVhFnHr5
Tropical,Si Te Marchas - Voy a Llorar,"Si decides irte, el resultado será lágrimas en mis mejillas.",Adolescent's Orquesta,https://open.spotify.com/track/0xgdMUInG692P5WjBElwvR
Urbana,si te pillara,"Si te sorprendiera en un momento inapropiado, podría ser un gran lío.",Beéle,https://open.spotify.com/track/1C7NXX8UJ6pgNx8EkmyZDd
Tropical,Si Te Preguntan,"Una respuesta sencilla que evitas compartir, si alguien cuestiona tu corazón al hablar.",Rey Ruiz,https://open.spotify.com/track/3nowzwPyhLkKxSUtO1YIRa
Banda,Si Te Pudiera Mentir,Si tuviera la habilidad de engañarte sobre mis sentimientos.,Calibre 50,https://open.spotify.com/track/3p6eieHX6oEOzJStPtEsLu
Plancha,Si Te Pudiera Mentir,Un acto que implica distorsionar la verdad que sientes en lo más profundo.,Marco Antonio Solís,https://open.spotify.com/track/7w8dN85EyjgrXKAcqVegxZ
Urbana,Si Te Vas,"Un adiós que deja huella, como un eco en el corazón.","Sech, Ozuna",https://open.spotify.com/track/6Y4PDQv4XjYjHLeLmvyOt0
Tropical,Si Te Vas,"Si decides marcharte, ¿dónde quedará el amor que compartimos?",Marc Anthony,https://open.spotify.com/track/6gP2ecGSf52TexVx9TXFYg
Tropical,Si Te Vieras Con Mis Ojos,Imagina ver el mundo a través de mi mirada.,Mauro Castillo,https://open.spotify.com/track/4lG7jyfzkccwJVCva6A1U8
Tropical,Si Tu Amor No Está,La ausencia de ese sentimiento puede hacer que todo se sienta vacío.,Anddy Caicedo,https://open.spotify.com/track/5CYTthKDcubfsyMwFrMpbC
Vallenato,Si Tu Estuvieras,Un condicional que expresa la ausencia de tu presencia y lo que podría ser.,Los inquietos del vallenato,https://open.spotify.com/track/3aOjKxYkSW7MY9PQTNdSJk
Tropical,Si Tu Fueras Mia,"Imagina que posees a alguien, pero en un mundo alterno de deseos.",Willie Gonzalez,https://open.spotify.com/track/4lZXL8cuB5NA9Kve4CDZxP
Urbana,Si Tú La Ves (feat. Wisin),"Cuando la mires, piensa en cómo te dirías a ti mismo que todavía está ahí.","Nicky Jam, Wisin",https://open.spotify.com/track/4yN6xPLopmTLvc27pO9LIE
Vallenato,Si Tú No Estas,La ausencia de esa persona que da sentido a todo lo que soy.,Los Gigantes Del Vallenato,https://open.spotify.com/track/2HdjjwaH8rz3YsCWZXHGL0
Tropical,Si Tú No Estás,"Sin tu presencia, me falta el motivo para seguir.",Antonio Cartagena,https://open.spotify.com/track/0Six9DmmLn8rnyoMyf6p4p
Plancha,Si Tú Te Vas,"Si decides marcharte, dejarás un vacío que no se llenará.",Camilo Sesto,https://open.spotify.com/track/5m6K1WcBayx0N2CRkRAQkp
Banda,Si Yo Fuera Ladrón,"Imagina que, en un mundo paralelo, te conviertes en un experto en robar corazones.","Grupo Frontera, Profugos De Nuevo Leon",https://open.spotify.com/track/17PlPQ6pWfjvA77V0UHfhV
Banda,Si yo Fuera Ladrón,"Imagina que tuvieras el talento de robar, pero no con intenciones maliciosas.",Pipe Bueno,https://open.spotify.com/track/7wj3hweYixctVBC1QWZpy5
Tropical,Siempre Sere,Una afirmación constante sobre la identidad y el compromiso eterno.,Tito Rojas,https://open.spotify.com/track/4ZGk5h0sIfeunWEKzXEoHr
Urbana,Siempre Seré (feat. Secreto El Famoso Biberón & Pacho El Antifeka),"Un compromiso eterno de lealtad y amor inquebrantable, sin importar el tiempo.","Farruko, Myke Towers, Tempo, Secreto ""El Famoso Biberon"", Pacho El Antifeka",https://open.spotify.com/track/3AbJqOEvApkTuFKl1cIzTK
Banda,Siempre Te Voy A Querer,"Un compromiso eterno, un sentimiento que perdura sin fin.",Calibre 50,https://open.spotify.com/track/3VK8copXwqvAueMPhnBe6K
Tropical,Siempre Tu,"En cada instante, aunque el tiempo pase, a tu lado deseo estar eternamente.",Lalo Rodriguez,https://open.spotify.com/track/3oSDUG6QO6HYcCY2VwtMO3
Tropical,Siempre Tú,"Eres la constante en mi vida, la presencia que nunca se apaga.",La Suprema Corte,https://open.spotify.com/track/7pRL1dJpTQXuo3KHbdj9Gp
Banda,Siga Bebiendo (feat. Jhonny Rivera),"Continúa disfrutando de la bebida, aunque sea con un toque de melancolía.","Yeison Jimenez, Jhonny Rivera",https://open.spotify.com/track/3c6VxIQfFCC0S2XIwJ31GN
Pop Anglo,Sign of the Times,Un indicativo de momentos difíciles que debemos afrontar para continuar adelante.,Harry Styles,https://open.spotify.com/track/5Ohxk2dO5COHF1krpoPigN
Urbana,Sigo Extrañándote,"Aún guardo el sentimiento de tu ausencia, cada día me pesa más.",J Balvin,https://open.spotify.com/track/0k23rRi1B8ZHrKtzECGoyk
Tropical,Sigue Tu Camino,"Continúa por la senda que has elegido, sin desviarte de tu destino.",La Dimensión Latina,https://open.spotify.com/track/6SZrhuLGjIzsliOLEG7Y7O
Urbana,Sigueme Besando Asi,Avanza hacia mí y repite el gesto que nos une.,Manuel Turizo,https://open.spotify.com/track/6e0EEqNDhwPcP8yl2BZ8tA
Urbana,Sigues Con El,"Tu compañía permanece, aunque ya no haya un lazo.","Arcángel, Sech, Dímelo Flow",https://open.spotify.com/track/7sQKy5vlPQllr0k9IjYJv3
Urbana,Sigues Con El - Remix,"El presente persiste en el tiempo, pero tu compañía ya no está aquí.","Arcángel, Sech, Romeo Santos",https://open.spotify.com/track/4Pu0a2TuHOYtI4CCE3HEXI
Plancha,Simplemente Amigos,La relación que no avanza más allá de una buena compañía.,Ana Gabriel,https://open.spotify.com/track/10PwPpr7BBxYon3pwS7k5G
Vallenato,Simplemente Te Amo,Un sentimiento profundo que a menudo se expresa de forma sencilla.,Los Gigantes Del Vallenato,https://open.spotify.com/track/5zWk4BdpywR6SyGVamNmPh
Tropical,Sin Condición Alguna,"Nada se limita, todo se permite en esta danza de la vida.",Charlie Aponte,https://open.spotify.com/track/3ozjUgafAvGDKlea3Y1zFG
Urbana,Sin Contrato,"Un acuerdo que no se firma, pero aun así se siente.",Maluma,https://open.spotify.com/track/3yHJs5NmQk2ROAWCfjniXV
Pop Latino,Sin documentos,"Sin papeles ni identificaciones, ¿qué formas te permiten cruzar fronteras?",Los Rodriguez,https://open.spotify.com/track/6mOZfn6CVXsX1Tt0l3thm3
Plancha,Sin Él,"Sin la presencia de alguien especial, el vacío se siente aún más profundo.",Marisela,https://open.spotify.com/track/1pVdFpQPRP8HSV9ZeKdBb2
Pop Latino,Sin miedo a nada (feat. Amaia Montero),Sin temor a enfrentarse a lo desconocido.,"Alex Ubago, Amaia Montero",https://open.spotify.com/track/0EA40dd5ghMqemzoqWvo3E
Tropical,Sin Palabras,"Un estado que no se expresa con sonidos, pero se siente con fuerza y profundidad.",Grupo Niche,https://open.spotify.com/track/51kIgVhJYczSk0SjXTykNz
Urbana,Sin Pijama,Cuando la noche se viste de misterio y la prenda nocturna se queda fuera.,"Becky G, NATTI NATASHA",https://open.spotify.com/track/2ijef6ni2amuunRoKTlgww
Tropical,Sin Poderte Hablar,"La imposibilidad de comunicarse con alguien que amas, aunque desees hacerlo.",Willie Colón,https://open.spotify.com/track/3SJj8sSpkMuSWXd2P7mfRR
Banda,Sin Ropa Eres Mía,"Naked, you belong to me.",Pipe Bueno,https://open.spotify.com/track/5ByaGTrmhcpIXu6sasjagm
Banda,Sin Sentimientos,La ausencia de lo que se siente en el corazón.,Jhon Alex Castaño,https://open.spotify.com/track/2xAtaQoFZdqneFUtVXiIZb
Tropical,Sin Sentimientos,"Faltan las emociones en el corazón, dejando un vacío profundo.",Grupo Niche,https://open.spotify.com/track/4ubwzNjqHGaZZ5k06PDx1H
Vallenato,Sin Ti No Hay Vida,"La existencia se desvanece sin tu presencia, como un vacío que todo lo consume.","Luis Mateus, La Nueva Generación",https://open.spotify.com/track/5CXZ0GEEcHJwvEoJ1flsfV
Tropical,Sin Voluntad,"La falta de poder decidir, dejándose llevar por lo que venga.",Gilberto Santa Rosa,https://open.spotify.com/track/7KSk3pvHBfsBnZ0p4tuXfE
Urbana,SIRI,Un asistente vocal que responde a tu llamada.,"Romeo Santos, Chris Lebron",https://open.spotify.com/track/5S4aEL1BMsgLvCSt4BijHd
Urbana,Sistema,"Una vez que el orden se establece, múltiples componentes sincronizan su ritmo.",Zion & Lennox,https://open.spotify.com/track/1BRCOxoDsForww8nCBqfVH
Pop Anglo,Skate,"Deslizándome suavemente sobre la superficie, como un patinador en su mejor momento.","Bruno Mars, Anderson .Paak, Silk Sonic",https://open.spotify.com/track/2sXf2JdbB2GlNju00kw9WE
Pop Anglo,Smells Like Teen Spirit,Un aroma que recuerda la esencia de la juventud rebelde.,Malia J,https://open.spotify.com/track/1gnSosKDAUGYPTkTLiG5DW
Pop Anglo,Smokin Out The Window,"Saliendo al aire desde un lugar donde el humo se eleva, pero de forma especial.","Bruno Mars, Anderson .Paak, Silk Sonic",https://open.spotify.com/track/4iN16F8JtVxG2UTzp3avGl
Urbana,sobelove,Un cariño que se expresa con un toque dulce y un lazo profundo.,Beéle,https://open.spotify.com/track/4GZOxR1IuvoRiUz0gpmASl
Urbana,Soberbio,Un exceso de altivez puede llevarte a grandes caídas.,Romeo Santos,https://open.spotify.com/track/6hV6EpITzeBa1mzq5tvqpj
Tropical,Sobre Una Tumba Humilde,"Un lugar donde descansan los que se fueron, adornado con sencillez.",Cheo Feliciano,https://open.spotify.com/track/7sgmU7z3ymJxyLJv4jE0Jw
Tropical,Sobredosis,Exceso de una sustancia que provoca efectos intensos y vertiginosos.,"Óscar Quesada, Los Titanes",https://open.spotify.com/track/0eBUGPoEfLoo6FcXk5mUG5
Tropical,Sobredosis,"Exceso de una sustancia que atrapa y embriaga, a veces difícil de llevar.",Los Titanes,https://open.spotify.com/track/3EpEMEdNdgCBDLOtSLFAyh
Urbana,Sobredosis (feat. Ozuna),"Exceso de una sustancia que puede alterar tus sentidos, especialmente en compañía.","Romeo Santos, Ozuna",https://open.spotify.com/track/1WbXIpiGBJkCiv3hn40iPB
Vallenato,Sobrenatural,Algo que va más allá de lo terrenal y asombra con su esencia mística.,Los Gigantes Del Vallenato,https://open.spotify.com/track/62gwAAzygX0iMaO1wSMHp6
Banda,Sobreviviré,Lo que harás al continuar enfrentando dificultades y no rendirte ante la adversidad.,Darío Gómez,https://open.spotify.com/track/5JTLixJUu8eumxMyM3vIWU
Banda,Sobreviviré,"Después de todo lo que pasó, aún estoy aquí, no me han vencido.",Jessi Uribe,https://open.spotify.com/track/6R7H1WPeOHQ0fDsTSPOGt6
Urbana,Sobrio,"Sin alteraciones en mi estado, me encuentro plenamente en la calma.",Maluma,https://open.spotify.com/track/4HzqWEdAbzcVFDv0pvxV4w
Urbana,Sola (Remix),"Sin compañía, en este estado, encuentras la soledad más profunda.","Anuel AA, Daddy Yankee, Zion & Lennox, Farruko, Wisin",https://open.spotify.com/track/5q2JbCNi4FcnglgPfxcV65
Tropical,Sola Vaya,"Un camino sin compañía, donde el rumbo es incierto y el ser se siente ausente.",Sonora Ponceña,https://open.spotify.com/track/24H55DzJFZy63H1N1OoeWC
Vallenato,Solamente Tuyo,"Un amor que es exclusivo, solo para ti en cuerpo y alma.",Los Diablitos,https://open.spotify.com/track/0PlZ1EZ31y8mVOi1TsQdP9
Urbana,Solcito,"El pequeño astro que ilumina nuestro día, aunque a veces se esconda tras nubes.","Miguel Bueno, Juan Duque",https://open.spotify.com/track/2BE1Q5N4Enl1eRrM82uzsu
Urbana,Solita,"Una compañía que se siente ligera, pero en esta ocasión es solo tu sombra.","Sech, Farruko, Zion & Lennox",https://open.spotify.com/track/0tJCo71s7HT9Mu5Z4juuLw
Vallenato,Sólo Ámame,Un único ruego de alguien que anhela cariño y afecto.,Los inquietos del vallenato,https://open.spotify.com/track/4rJ8EoP2fPm89Rg1KXHfbX
Tropical,Solo Con Ella,"Una compañía exclusiva, pero solo de una mujer en particular.",Luisito Ayala Y La Puerto Rican Power,https://open.spotify.com/track/3KSeVtyvAx4uo9DuS8Uq3I
Tropical,Solo Con Un Beso,Un toque de labios puede ser suficiente para encender la pasión.,"Luisito Ayala Y La Puerto Rican Power, Tito Rojas",https://open.spotify.com/track/1vBopf5gcLKOczY4Oswuu1
Urbana,Solo Conmigo,Una única compañía que llena el vacío de los demás.,Romeo Santos,https://open.spotify.com/track/22iCMlT0xYryKNnz4X5Vwn
Tropical,Solo Contigo,Un estado de ser en el que solo una persona es suficiente para estar completo.,Víctor Manuelle,https://open.spotify.com/track/0UVlplzoNEXCneobgS2Lo5
Tropical,Solo Deseos,"Un anhelo profundo que se siente en la soledad, acompañado de anhelos secretos.",Mariano Civico,https://open.spotify.com/track/1Q9AgI6X81P5QQQp34VQO9
Urbana,Solo Es Mejor,A veces la soledad tiene más ventajas que estar en compañía.,Yandar & Yostin,https://open.spotify.com/track/3nV7QGv51syv5DoXKeo27C
Vallenato,Sólo Para Ti,"Para una persona especial, el regalo que el corazón anhela compartir.",Binomio de Oro,https://open.spotify.com/track/1kkIlrp0Z69s5KlnR4ckoe
Vallenato,Solo Pienso En Tenerla,"En mi mente, solo ocupa espacio la idea de poseerla.",Los Diablitos,https://open.spotify.com/track/7olq2jUaMyTQLMirbN3rd7
Vallenato,Sólo Pienso en Ti (Canción de Primavera),Lo único que ocupa mi mente es tu presencia constante.,"Los Chiches Vallenatos, Amin Martinez",https://open.spotify.com/track/61G3BoiXvttAKqPqP25JlQ
Plancha,Solo Tú,"Eres la única persona que deseo a mi lado, sin nadie más.",Camilo Sesto,https://open.spotify.com/track/30crc7BLEzXJp4H7BSj30C
Tropical,Solo un Cariño,"Un afecto, pero en la profundidad de la soledad.",Grupo Niche,https://open.spotify.com/track/73tCm6aMS9yzII1BQBQaxH
Urbana,Solos (feat. Plan B & Don Omar),"Un estado de compañía que se siente vacío, sin más que la soledad.","Tony Dize, Plan B, Don Omar",https://open.spotify.com/track/6FneC4m7h21vhlUVDh25XM
Urbana,Soltera (Remix),"Una mujer libre de compromisos, disfrutando de la vida sin ataduras.","Lunay, Daddy Yankee, Bad Bunny",https://open.spotify.com/track/4t9a07PAghtQMRAIP9FQ7Z
Banda,Soltero Feliz,Un estado de ánimo alegre al no estar comprometido.,Espinoza Paz,https://open.spotify.com/track/2om0MQWST4Dt67seH9vKwN
Tropical,Sombra Loca,Una figura oscura que danza y un estado de locura que provoca el corazón.,Gilberto Santa Rosa,https://open.spotify.com/track/7hqI73OXybfZ6FV9O4WrNs
Vallenato,Sombra Perdida,"Una figura que acompaña a los que se han ido, pero de la que no te acuerdas.",Binomio de Oro,https://open.spotify.com/track/1iLUNt0JQR8FOohEGHE22z
Pop Anglo,Somebody That I Used To Know,"Una persona que solía ser importante, pero ahora solo es un eco del pasado.","Gotye, Kimbra",https://open.spotify.com/track/1qDrWA6lyx8cLECdZE7TV7
Pop Anglo,Somedays,"A veces, el clima de tu ánimo cambia, como un día en particular.","Sonny Fodera, Jazzy, D.O.D",https://open.spotify.com/track/3wo3d0I5H8KjkwGvnz8WbB
Pop Anglo,Something Serious,Algo que uno siente cuando la vida se vuelve intensa y no puedes ignorarlo.,Bruno Mars,https://open.spotify.com/track/0PV4VQCmE6Ujssr1bnswdF
Tropical,Sonámbulo,Un viajero que se mueve sin estar despierto.,Tito Nieves,https://open.spotify.com/track/2TRyhtRsOs3qVZpOl6uJaL
Tropical,Sonido Bestial,"Ruido poderoso de la naturaleza, aquel que provoca un gran impacto en la selva.",Richie Ray & Bobby Cruz,https://open.spotify.com/track/682K8AJvxcAaUWgjuQSmmN
Urbana,SONRÍE <3,"Un gesto que ilumina el rostro y alegra el alma, aunque sea efímero.",Rels B,https://open.spotify.com/track/47sOMp1xXLBzGXOuUZPR4x
Urbana,Sorry - Latino Remix,Una disculpa podría ser la forma de admitir un error.,"Justin Bieber, J Balvin",https://open.spotify.com/track/3grxgV6Ot8KqtysApjYLs1
Urbana,SORRY 4 THAT MUCH,Una disculpa en el contexto de una gran cantidad o intensidad.,Feid,https://open.spotify.com/track/63pLfjK6FvcYJYMGwtHjd6
Tropical,Soy Como Soy,"Es la forma en que me acepte la vida, sin cambiar mi esencia.",Grupo Galé,https://open.spotify.com/track/4JItmkf4kRY9hp4Rx7qVUW
Tropical,Soy Sensacional,Haz de cuenta que eres una maravilla que brilla con confianza y alegría.,Orquesta Harlow,https://open.spotify.com/track/28tIwbYX1oh1NVZeaWfMJq
Pop Anglo,Stand By Me,"Permanece a mi lado, mi apoyo en momentos difíciles y desafiantes.",Ben E. King,https://open.spotify.com/track/7jmHyHMEqm9MJWiMAneF05
Pop Anglo,Starboy,"El chico del firmamento, que brilla con fuerza y estilo.","The Weeknd, Daft Punk",https://open.spotify.com/track/7MXVkk9YMctZqd1Srtv4MB
Pop Anglo,STAY (with Justin Bieber),"Permanece un momento más, aunque el tiempo quiera separarnos.","The Kid LAROI, Justin Bieber",https://open.spotify.com/track/5HCyWlXZPP0y6Gqq8TgA20
Urbana,Still,"Aún persiste, aunque el tiempo pase, en el fondo del corazón.","KAROL G, Bruno Mars",https://open.spotify.com/track/1dj1bE6SpLu8jLotrzWsJF
Pop Anglo,Story of My Life,Relato que narra mis experiencias de forma profunda y significativa.,One Direction,https://open.spotify.com/track/4nVBt6MZDDP6tRVdQTgxJg
Pop Anglo,Strangers,"Personas que no se conocen, pero que en un momento se cruzan.",Kenya Grace,https://open.spotify.com/track/5mjYQaktjmjcMKcUIcqz4s
Urbana,Su Veneno,"Una sustancia mortal que atrae con su belleza, pero puede dañar el corazón.",Aventura,https://open.spotify.com/track/709hAukJxapqTU9VhsiQm0
Vallenato,Suave Brisa,Una ráfaga fresca que acaricia la piel en un caluroso día de verano.,Los inquietos del vallenato,https://open.spotify.com/track/259Tp3yiAjlZEqsCb8fOTp
Banda,Sublime Mujer - En Vivo,Elevada esencia de lo que brilla y encanta en cada mirada.,Yeison Jimenez,https://open.spotify.com/track/73pufW3xEDKIxWIeEUTQnL
Tropical,Suceden,"Eventos que ocurren, a veces inesperados, en el vaivén de la vida.",Marc Anthony,https://open.spotify.com/track/3dYXDlJOKjRhydeY1Yr3un
Pop Anglo,Sucker,"Una persona que disfruta demasiado de alguien puede serlo, especialmente si se siente atrapada.",Jonas Brothers,https://open.spotify.com/track/22vgEDb5hykfaTwLuskFGD
Pop Latino,Suelta Mi Mano,"Deja ir la parte de mí que te sostiene, por favor.",Sin Bandera,https://open.spotify.com/track/50xvGsnNmO3k5EtaUBXRRr
Vallenato,Sueños De Olvido,"Visiones que se desvanecen con el tiempo, recuerdos que ya no perduran.",Los Diablitos,https://open.spotify.com/track/1orBenGZoJ0hE6lWkFmaLf
Pop Anglo,Sugar,Endulzante natural que se disuelve en la vida y hace todo más placentero.,Maroon 5,https://open.spotify.com/track/2iuZJX9X9P0GKaE93xcPjk
Pop Anglo,Sunset That Ride,"Cuando la luz del día se oculta, sube a la movilidad del placer.",Steven Price,https://open.spotify.com/track/4hzXl9NGyLwr0C6waE8GK5
Urbana,Sus Huellas,Marcas que quedan de aquellos que pasaron y que ya no volverán.,Romeo Santos,https://open.spotify.com/track/2NTMjOwveAazm5GS2wgDgw
Urbana,Ta´ Bien,Una expresión popular que indica que todo está en orden y sin problemas.,"Nicky Jam, Beéle",https://open.spotify.com/track/3i8RdqDuBKAcgw8ZIobr7S
Pop Latino,Tabaco y Chanel,Un placer de lo más refinado combinado con un hábito que puede dañar.,Bacilos,https://open.spotify.com/track/48svUiwMMYQRPyesVEnof1
Urbana,Taboo,"Una palabra que evoca lo prohibido, aquello que no se puede tocar o tener.",Don Omar,https://open.spotify.com/track/4cyYC67XY3weSVmSLdKLP8
Pop Anglo,Take Me To Church,"Llévame a un lugar sagrado que no es un templo, donde el alma se eleva.",Hozier,https://open.spotify.com/track/3dYD57lRAUcMHufyqn9GcI
Tropical,Tal Vez,"Una posible respuesta a una duda futura, que podría cambiar el destino.",Jerry Rivera,https://open.spotify.com/track/7EEpxeIJFNk1FQ6cqKCGDg
Pop Anglo,Talking to the Moon,Una conversación con un satélite natural que brilla en la noche.,Bruno Mars,https://open.spotify.com/track/161DnLWsx1i3u1JT05lzqU
Tropical,También Nos Duele,"Es un sentimiento que compartimos, no solo yo. Ambos lo sufrimos.",Tito Rojas,https://open.spotify.com/track/6W0Fq3Z5RTufJVOT9EhNYd
Urbana,Tan Bonita,"Un adjetivo que destaca la belleza, seguido de una palabra que describe un estado de ser.",Piso 21,https://open.spotify.com/track/6mm3K0yWp6uzfOMuipM9Zh
Pop Latino,Tan Enamorados,Un par de personas profundamente unidos por sus sentimientos.,Ricardo Montaner,https://open.spotify.com/track/5kxol5m6MfiJgahqyzbDRH
Tropical,Tan Solo Tú,La única persona que puede alegrar mis días es la que ocupa mi mente.,Grupo Galé,https://open.spotify.com/track/1TSKWIg7IK0oEXroOQx0Pn
Tropical,Tanto Amor,"Un gran afecto que perdura, profundo como el mar y eterno como un sueño.",Willie Gonzalez,https://open.spotify.com/track/4zYoHHHL8DVjb8NZbBlV0g
Vallenato,Tarde,Un momento que llega después de la luz del día.,Cumbia Sonidera & Grupera,https://open.spotify.com/track/7g88txmTPQ21F0BDHlxrhF
Plancha,Tarde ó Temprano,"En la espera, puede que el reloj avance o retroceda, pero siempre llega el momento.",Camilo Sesto,https://open.spotify.com/track/1KaD3Bi7BmkcrDBBir3yxl
Pop Anglo,Taste,"Un sensación que te hace querer más, un deleite que se disfruta a cada bocado.",Sabrina Carpenter,https://open.spotify.com/track/5G2f63n7IPVPPjfNIGih7Q
Urbana,Tattoo - Remix with Camilo,"Una marca indeleble que en la piel llevas, mostrando lo que sientes por esa persona.","Rauw Alejandro, Camilo",https://open.spotify.com/track/4ZRrLHqzhGRXYj2qcB4s5S
Banda,Tatuajes,"Marcas visibles que quedan en la piel, recuerdos de momentos especiales.",Joan Sebastian,https://open.spotify.com/track/57dG9il4j7Hi7G8Cqgi0Ts
Vallenato,Te Amaré,"Sentir un profundo afecto por ti, siempre, a pesar de todo.",Los inquietos del vallenato,https://open.spotify.com/track/2k7Ems2UPjfIPKOrsLOc8I
Vallenato,Te Ame,"El verbo que expresa un fuerte sentimiento hacia alguien, en pasado.",Los Gigantes Del Vallenato,https://open.spotify.com/track/52He2vDaS0KPxjKUF8IPbW
Urbana,Te Amo,Una expresión de profundo cariño que se traduce en dos palabras.,"Piso 21, Paulo Londra",https://open.spotify.com/track/2RVrdr062uLFxXwIxwdXPH
Tropical,te amo,"Expresión profunda de cariño, dos palabras que combinan la devoción y la emoción.",Son De Cali,https://open.spotify.com/track/6e9J03K6uCctJNX5F9BGEl
Tropical,"Te Amo, Te Extraño",Dos expresiones intensas que reflejan el cariño y la falta que alguien hace.,Guayacán Orquesta,https://open.spotify.com/track/0GHCgZdI5W324Byq24qJdF
Urbana,Te Boté - Remix,"Despojé a alguien de su amor, dejando caer lo que ya no quiero.","Nio Garcia, Casper Magico, Bad Bunny, Darell, Ozuna, Nicky Jam",https://open.spotify.com/track/3V8UKqhEK5zBkBb6d6ub8i
Urbana,Te Busco,Voy en la dirección de hallar a alguien que anhelo encontrar.,"Cosculluela, Nicky Jam",https://open.spotify.com/track/2M2WWJE863upPYUrzCRjN6
Tropical,Te Busco,"Una búsqueda intensa por alguien que se ha ido, en cada rincón de mi alma.",Celia Cruz,https://open.spotify.com/track/5AuS5Nk1vs2vJNPlwB04F1
Pop Latino,Te Conozco,"Sabes quién soy, porque hemos cruzado caminos antes.",Ricardo Arjona,https://open.spotify.com/track/1RARODu6hwSaJLmcV6oedT
Tropical,Te Conozco Bien,Un encuentro familiar que va más allá de la superficie.,Marc Anthony,https://open.spotify.com/track/6fhM1k6uoPvz5Vd2KaWjnA
Tropical,Te Conquistaré,Lograré que cedas a mis encantos.,Wichy Camacho,https://open.spotify.com/track/6nuLN1Q29jSAReLGeFpkXa
Vallenato,Te Daré Mi Vida,"Un ofrecimiento profundo y sincero, entrego mi existencia por ti.",Los inquietos del vallenato,https://open.spotify.com/track/6Z9tcXNPG9iDkDmn1BYntB
Banda,Te Dejé De Amar,Decidí cortar la conexión emocional con alguien especial.,Espinoza Paz,https://open.spotify.com/track/1FLPzyZOU1p4ZZhYi1CjfK
Tropical,Te Dejo Libre,Una despedida que permite a alguien volar sin ataduras.,Pedro Arroyo,https://open.spotify.com/track/5sfPYOfOHkEsDZjt59AQIn
Banda,Te Deseo Lo Mejor,"Mis mejores deseos para ti, aunque ya no estemos juntos.",Yeison Jimenez,https://open.spotify.com/track/209TbMaHld3dF44BEB5GTL
Urbana,Te Encontre,Un hallazgo inesperado en el camino de la vida.,El Vega,https://open.spotify.com/track/2kP6fOqdSQ5CYqVH5z5844
Tropical,Te Enseñare A Olvidar,Un aprendizaje que te liberará del pesar de lo que fue.,Grupo Niche,https://open.spotify.com/track/2SWbIsC63yvZQivEtqHMa2
Urbana,Te Entiendo - Remix,"Comprendo tu situación, pero sólo lo hago a mi manera.","Maisak, Feid, Maluma",https://open.spotify.com/track/1VvliZHnsUj177MnuSY8G2
Banda,Te Extraño,La sensación de anhelo por alguien que ya no está presente.,Jhonny Rivera,https://open.spotify.com/track/41r4Bi95vksuMFgKx9yftT
Urbana,Te Extraño,"No puedo dejar de pensar en ti, y la ausencia se siente en cada rincón.","Ovy On The Drums, Piso 21, Blessd",https://open.spotify.com/track/2Jm6Vb7FsOuzg8NVZsNik8
Vallenato,Te Extraño Tanto,Siento una falta profunda por alguien muy querido.,Los Gigantes Del Vallenato,https://open.spotify.com/track/7LFs4hxDzGlSJjGvUzm8H2
Pop Latino,"Te Extraño, Te Olvido, Te Amo",Una triada de sentimientos que suelen ir en conjunto cuando alguien se aleja.,Ricky Martin,https://open.spotify.com/track/4S1bYWrLOC8smuy8kJzxKQ
Urbana,Te Felicito,"Un mensaje de congratulación que puede sonar a risa, pero es más propio del desamor.","Shakira, Rauw Alejandro",https://open.spotify.com/track/2rurDawMfoKP4uHyb2kJBt
Vallenato,Te Haré Cambiar,Transformaré tu perspectiva en un giro que no esperas.,"Los Chiches Vallenatos, Amin Martinez",https://open.spotify.com/track/7jWjLAC9IBsWWcfpqLU23I
Plancha,Te He Prometido,Una declaración de intención que trasciende el tiempo y los momentos compartidos.,Leo Dan,https://open.spotify.com/track/7Et3UkjbCjRhRaACPBXRQg
Tropical,Te He Prometido,"Un compromiso verbal que se hace, pero que no siempre se cumple.",Junior Gonzalez,https://open.spotify.com/track/742x4cdDwex5kcwMhLfNkb
Banda,Te Hubieras Ido Antes,"Un momento previo a la partida, que podría haber evitado el dolor.",Pipe Bueno,https://open.spotify.com/track/0uw9huLXX2ne9bkisvYUFH
Urbana,Te Invito,"Una oferta para pasar un buen rato juntos, sin obligación.",Aventura,https://open.spotify.com/track/5UdT2XVZPgZDMi7vxQBgRN
Urbana,Te llevas To,Un pequeño fragmento de un todo que se lo lleva alguien más.,KAROL G,https://open.spotify.com/track/05P0CPgq8EH9yXOYWql17I
Pop Latino,Te Lloré Un Río,"Una masa de agua hecha lágrimas, donde fluyeron mis sentimientos.",Maná,https://open.spotify.com/track/4HrX1xb0RsnmmJqN52hhHj
Pop Latino,"Te lo agradezco, pero no (feat. Shakira)",Una expresión de gratitud mezclada con una negativa rotunda en un dúo inesperado.,"Alejandro Sanz, Shakira",https://open.spotify.com/track/0TSO6afZViXH6OUlIMl6m4
Tropical,Te Necesito Mas,"Un anhelo profundo que crece en el corazón, buscando más de lo que ya tienes.",La Misma Gente,https://open.spotify.com/track/7AakHxcGB1a1H7p9k9omt6
Tropical,Te Necesito Mi Amor,"Un vínculo profundo que ansío, sumando afecto y anhelando tu compañía.",Maelo Ruiz,https://open.spotify.com/track/53eYV0Xo8fj2wTVb5GIIiK
Tropical,Te Olvide,Dejé de recordar lo que solía sentir por ti.,Conjunto Chaney,https://open.spotify.com/track/68hwWf88SYhwIvNtavjWyC
Banda,Te Parece Poco,¿Es insuficiente lo que sientes por mí?,Pipe Bueno,https://open.spotify.com/track/6MONkJqN1Q8Y86cP8D1wtZ
Vallenato,Te Pierdo Y Te Pienso,"En el juego del amor, a veces, te dejo ir y a la vez, te tengo presente.",Los Inquietos del Vallenato,https://open.spotify.com/track/0WNAzUD7bWABK4ZFui9r4k
Urbana,Te Pintaron Pajaritos,"El arte que adorna lo que vuela, pero en este caso, es sólo ilusión.","Yandar & Yostin, Andy Rivera",https://open.spotify.com/track/4jY5SnGbpH6FdGCqVbhOD4
Plancha,Te Propongo,Una oferta que invita a dar un paso hacia algo más profundo.,Sandro,https://open.spotify.com/track/0FsmfPF1d68aOWocBcuHpJ
Tropical,Te Propongo,Una invitación a compartir un futuro entre dos corazones.,Hector Rey,https://open.spotify.com/track/2WLNCSzgMtdXyHcdPNK8UQ
Tropical,Te Propongo,Un ofrecimiento que sugiere una opción romántica y sincera entre dos.,Gilberto Santa Rosa,https://open.spotify.com/track/6AbVjoG8GXBozXo7jOdaTr
Tropical,Te Quiero,"Un sentimiento profundo que se siente por alguien especial, más allá de la amistad.",Domingo Quiñones,https://open.spotify.com/track/6DiFM94NGY075lnhtSiGvy
Tropical,Te Quiero Amor,"Un sentimiento profundo hacia esa persona especial, acompañado de una dulce palabra.",Pedro Conga,https://open.spotify.com/track/1QXXEBaCZy5DGdfZxj18kj
Tropical,Te Quiero Amor,Deseo profundo hacia ese sentimiento tan poderoso que une dos almas.,"Maelo Ruiz, Pedro Conga",https://open.spotify.com/track/0YXACQDJPtH66tcuWG42ZR
Vallenato,Te Quiero Asi,"Deseo que tu esencia se mantenga de esta manera, mi amor.",Los inquietos del vallenato,https://open.spotify.com/track/3avvOq4Nziye4oNcHeruKu
Pop Latino,Te quiero igual,Un sentimiento profundo que permanece sin importar la reciprocidad.,Andrés Calamaro,https://open.spotify.com/track/7qIw4D1PcDHigDohKkLB0W
Urbana,Te Quiero Pa´Mi,"Un deseo de posesión, anhelando tener a alguien especial solo para mí.","Don Omar, Zion & Lennox",https://open.spotify.com/track/5YTMV11r6H8eeKuHghbBql
Tropical,Te Quise Tanto,"Sentí una fuerte emoción hacia ti, que no puedo olvidar.",Nacho Acero,https://open.spotify.com/track/4CPyTGm3D9CLwns1V7kDmu
Urbana,Te Regalo,"Un presente que no se puede envolver, pero que viene del corazón.","Rels B, J Abecia",https://open.spotify.com/track/2318Aoqig6HS9YkHGlAm8T
Tropical,Te Regalo el Corazon,"Un obsequio de ese órgano que siente y late, entregado con cariño.",El Gran Combo De Puerto Rico,https://open.spotify.com/track/6JTuTBQwY6SwCx0HzdZVjV
Urbana,Te Robaré,"Voy a quitarte algo valioso, pero ¿acaso me dirás que no?","Nicky Jam, Ozuna",https://open.spotify.com/track/6v0lAdFF4haL8xjBIUjtOw
Vallenato,Te Sorprenderás,"Cuando pienses que ya no hay más sorpresas, encontrarás algo que no esperabas.",Los inquietos del vallenato,https://open.spotify.com/track/3PmZbVgKrXe2v7H5y5d8uk
Tropical,Te Vas De Mi,Cuando decides partir y dejar algo que fue tuyo.,Sonora Ponceña,https://open.spotify.com/track/4kp9lpxCVbe5R9mxl5sFGB
Vallenato,Te Veré Llorar,Un futuro encuentro donde las lágrimas fluyen por el no poder estar.,"Los Chiches Vallenatos, Amin Martinez",https://open.spotify.com/track/0gG85VPgg0uOpNzJgw10Le
Urbana,Te Vi,"Observé tu presencia en un instante, un encuentro fugaz que dejó huella.","Piso 21, Micro TDH",https://open.spotify.com/track/059bcIhyc2SBwm6sw2AZzd
Tropical,Te Voy a Hacer Feliz,Prometo que haré que sonrías y te llenaré de alegría.,Mariano Civico,https://open.spotify.com/track/4jBkRRscUmbKtUbngf2WQf
Tropical,Te Voy a Olvidar,Una promesa de dejar atrás un recuerdo que duele y olvidar su esencia.,"Anddy Caicedo, Cassanova",https://open.spotify.com/track/415SdF6iXWeGUbwoRooTTt
Tropical,Tempestad,Un fenómeno climático que agita el mar y desata emociones intensas.,Jimmy Saa,https://open.spotify.com/track/5XQUnc2Z9gDyFaKV1UPoux
Urbana,Tempted to Touch,"Atraído a sentir un roce, un deseo de conexión irresistible.",Rupee,https://open.spotify.com/track/2KyeRuRvBxIzmUHM7ETkOf
Tropical,Tendria Que Llorar Por Ti,Un sentimiento de tristeza por alguien que nunca debería importarte.,Moncho Santana,https://open.spotify.com/track/1KvvRNWBKRcWE6aSxroIb0
Plancha,Tengo Mucho Que Aprender de Ti,Una abundante cantidad de lecciones que me faltan por recibir de tu sabiduría.,Emmanuel,https://open.spotify.com/track/4oGUe2drMP0QGkSeOHc0Ro
Pop Latino,Tengo Todo Excepto a Ti,"Lo poseo todo en la vida, salvo a la persona que anhelo.",Luis Miguel,https://open.spotify.com/track/27XboT5Wb8VOn7A0heo3Ei
Urbana,Tengo Un Amor (feat. Rakim & Ken-Y) - Remix Version,"Siento una emoción especial por una persona en mi corazón, un profundo sentimiento.","Toby Love, Rakim, Ken-Y",https://open.spotify.com/track/4mDWapOAzoFsHu8TPcP2R0
Banda,Tenías Razón,"Un argumento que se sostiene, aún cuando se creía lo contrario.",Yeison Jimenez,https://open.spotify.com/track/1Ek8ncnW6IJMJnBfFlJ0OE
Banda,Tequila Con Cerveza,Una bebida fuerte combinada con la burbujeante que suele alegrar cualquier fiesta.,"Luis Alfonso, Blessd",https://open.spotify.com/track/4x7oOM338zTGyLb33RR8jJ
Tropical,Teresita,Una joven con un nombre tradicional que alegra el corazón de quien la canta.,"Conjunto Clásico, Tito Nieves",https://open.spotify.com/track/5EPx1kv0UcbU2bObPzXpqf
Pop Anglo,test drive,"Una prueba al volante, ¿te atreverías a acelerar sin un destino claro?",Ariana Grande,https://open.spotify.com/track/3eZYOQO4UzKrUDYDghtnFw
Pop Anglo,Thank You,Un gesto de gratitud sincero por lo que has recibido en la vida.,Dido,https://open.spotify.com/track/3yUcJwYu7fXAfqMj9krY6l
Pop Anglo,That's What I Like,Lo que disfruto son cosas que son típicas de un estilo de vida deseado.,Bruno Mars,https://open.spotify.com/track/0KKkJNfGyhkQ5aFogxQAPU
Pop Anglo,The Hills,Montañas en la distancia que guardan secretos de una vida oculta.,The Weeknd,https://open.spotify.com/track/7fBv7CLKzipRk6EC6TWHOB
Pop Anglo,The Kill,"Una pérdida que duele hasta el fondo, un final oscuro y trágico.",Thirty Seconds To Mars,https://open.spotify.com/track/0lP4HYLmvowOKdsQ7CVkuq
Pop Anglo,The Man Who Sold The World - Live,Un individuo que cambió de manos el planeta que habitamos.,Nirvana,https://open.spotify.com/track/15VRO9CQwMpbqUYA7e6Hwg
Pop Anglo,The Scientist,El experto en la materia que busca entender lo que ya fue.,Coldplay,https://open.spotify.com/track/75JFxkI2RXiU7L9VXzMkle
Pop Anglo,The Shoop Shoop Song (It's In His Kiss),La melodía está en la forma en que sus labios se mueven.,Cher,https://open.spotify.com/track/5oV1YjM2rtyZ55txHHsFUu
Pop Anglo,The Way You Make Me Feel - 2012 Remaster,La forma en que tú me haces experimentar emociones intensas y agradables.,Michael Jackson,https://open.spotify.com/track/76HKOVWqsEg26SECtmw7Rz
Pop Anglo,Thinking out Loud,Una reflexión profunda y continua sobre lo que se siente con intensidad.,Ed Sheeran,https://open.spotify.com/track/34gCuhDGsG4bRPIf9bb02f
Pop Anglo,This Love,"Un vínculo que regresa, como un eco en el tiempo.",Maroon 5,https://open.spotify.com/track/6ECp64rv50XVz93WvxXMGF
Tropical,Tiburon,Un pez grande que nada en aguas saladas y se vuelve rey del mar.,Proyecto Uno,https://open.spotify.com/track/2GcjfckZexh9wRRjg9KtQG
Pop Latino,Tientame,"Dame una señal que despierte mi deseo, una invitación a acercarme más.",69 Nombres,https://open.spotify.com/track/2IcpUhPfJs2erd8VfttsBv
Vallenato,Tierra Mala,"Un suelo que no ofrece frutos, donde las esperanzas parecen secarse.","Los Chiches Vallenatos, Amin Martinez",https://open.spotify.com/track/4TTYsYuhG7W8JpM1tBrwwI
Pop Anglo,Time,Un recurso del reloj que nunca se detiene y lo que usas para medir.,Olivia Dean,https://open.spotify.com/track/78Uo6eJIPkVo4Xw848NCN7
Pop Anglo,Timeless (feat. DJ SPINKING),"Sin fin ni límites, un concepto que perdura a lo largo de la existencia.","A Boogie Wit da Hoodie, DJ SpinKing",https://open.spotify.com/track/0q5DrtpnnGpOvBy5nnPMbe
Urbana,Tiroteo - Remix,"Un intercambio de disparos, ¿o será algo que ocurre a otra velocidad?","Marc Seguí, Rauw Alejandro, Pol Granch",https://open.spotify.com/track/4OwhwvKESFtuu06dTgct7i
Pop Anglo,Titanium (feat. Sia),Un metal fuerte que resiste y vuelve a levantarse en cada embate.,"David Guetta, Sia",https://open.spotify.com/track/0TDLuuLlV54CkRRUOahJb4
Urbana,Tití Me Preguntó,Un familiar que se interesa por tu vida amorosa.,Bad Bunny,https://open.spotify.com/track/1IHWl5LamUGEuP4ozKQSXZ
Urbana,To My Love,Una dedicación afectuosa hacia esa persona especial que hace latir tu corazón.,Bomba Estéreo,https://open.spotify.com/track/6z1VtU0MCGo666iKiajfhp
Urbana,Todavia,"Aún no he dejado ir lo que siento, permanece en mi corazón sin cesar.",La Factoria,https://open.spotify.com/track/5wPhERt9izm1T45aFXDWPe
Urbana,Todavia Me Amas,¿Sigues sintiendo cariño por quien ya no está en tu vida?,Aventura,https://open.spotify.com/track/0wJTj7BfrMEJ30x63A1lh4
Pop Latino,Todo Cambió,Lo que sucede cuando una situación experimenta una transformación completa.,Camila,https://open.spotify.com/track/4OyzSXRSadNQt5EMwASdap
Urbana,Todo De Ti,Cada aspecto que amas de una persona puede ser tu universo.,Rauw Alejandro,https://open.spotify.com/track/5RwV8BvLfX5injfqYodke9
Tropical,Todo Empezó,Un inicio que abarca todo lo que surge en el corazón.,Eddie Santiago,https://open.spotify.com/track/0SkkD8rQuyaPuerKfakzA0
Tropical,Todo Me Huele A Ti,Cada aroma en el aire me recuerda a tu presencia.,Rubby Haddock and Orchesta,https://open.spotify.com/track/0Rc1gXrR2QlaYkhevKh0EC
Plancha,Todo por Nada,"Una elección que resulta infructuosa; todo se va, convirtiéndose en aire.",Camilo Sesto,https://open.spotify.com/track/1UGIV0PIvqR9HVgXHTbRo0
Tropical,Todo Se Derrumbo,"Cuando la estructura de tus sueños colapsa, ¿qué queda?",Noche Caliente,https://open.spotify.com/track/4tVkA5uKlxZygfVYAc1ALk
Plancha,Todo Se Derrumbó Dentro de Mí,La totalidad de mi ser se desmorona en un caos interno.,Emmanuel,https://open.spotify.com/track/4hWUYwFwJKpu4o49Gon76Z
Tropical,Toma Jabón Pa Que Laves,Recibe un regalo para que tu higiene personal sea más fácil de realizar.,"Fruko Y Sus Tesos, Wilson Saoko",https://open.spotify.com/track/6OvDTGGhyKV7irnxhTmwz4
Vallenato,Toma Tú Recuerdo,"Rinde homenaje a lo que una vez fue, pero ahora es solo memoria que puedes recibir.",Los inquietos del vallenato,https://open.spotify.com/track/6Ow8ycrYyPdeV5YJK5hOwH
Tropical,Tómame,Agarra mis manos y déjame ser parte de tu vida.,Angeles,https://open.spotify.com/track/7mq993Tc9F3dd5W9fyHBav
Banda,Tomando Cerveza,"Un líquido burbujeante en un encuentro social, ideal para compartir.","Jhonny Rivera, Francisco Gómez ""El Nuevo Rey De La Música Popular""",https://open.spotify.com/track/3vAhExP8wWp7zMSZx4hvAt
Pop Anglo,Tonight (D.I.Y.A),"El momento que llega al caer la noche, cuando todo se vuelve posible.","Jax Jones, Joel Corry, Jason Derulo",https://open.spotify.com/track/1FYAysfZgA82W5QA8SwdwI
Urbana,Tonto,A veces uno actúa sin pensar y se vuelve un poco… ingenuo.,"J Balvin, Ryan Castro, DJ Snake",https://open.spotify.com/track/7mU1fei7P9h4mpjP2Otdw5
Pop Anglo,Too Good At Goodbyes,"Habilidad destacada para despedidas sin dolor, un maestro en el adiós.",Sam Smith,https://open.spotify.com/track/1mXVgsBdtIVeCLJnSnmtdV
Pop Anglo,Too Good to Say Goodbye,"Demasiado excelente para despedirse, más bien sería un adiós que no debería ocurrir.",Bruno Mars,https://open.spotify.com/track/0B0tYbVp7pDQAqKDhgMeaL
Pop Anglo,Too Sweet,Un comentario sobre algo que es extremadamente agradable al paladar.,Hozier,https://open.spotify.com/track/3HMY0r2BAdpasXMY8rseR0
Urbana,top diesel,"El mejor en su campo, con energía que avanza rápido.",Beéle,https://open.spotify.com/track/2QP041AcWg8PwPIWP95RKN
Tropical,Torbellino de Amor,"Un remolino de sentimientos que gira intensamente, atrapando corazones.",Juan Carlos Alfonso y La Dan Den de Cuba,https://open.spotify.com/track/25ohsAGi2o6ZqMMVGGqYuT
Urbana,TQG,"Una abreviatura que expresa un fuerte deseo o emoción, pero en un tono directo.","KAROL G, Shakira",https://open.spotify.com/track/0DWdj2oZMBFSzRsi2Cvfzf
Tropical,Trampolín,"Superficie elástica que te impulsa hacia arriba, lista para un salto de alegría.",El Gran Combo De Puerto Rico,https://open.spotify.com/track/6o9sS5iqHV6Jwa2CTgCsM7
Pop Latino,Trátame Suavemente - Remasterizado 2007,"Manéjate con ternura, como si fuera un susurro delicado.",Soda Stereo,https://open.spotify.com/track/65DBZofI0b79kfHTcWWDuU
Pop Anglo,Travelin' Man,"Un hombre en movimiento, recorriendo caminos lejanos en busca de aventuras.",Ricky Nelson,https://open.spotify.com/track/0ud4DLDefQPNjvVEydOJhJ
Urbana,Travesuras,Pequeñas acciones que causan revuelo en un juego de amor.,Nicky Jam,https://open.spotify.com/track/1PtL0YQRtq3qxDGUSwZPJ5
Tropical,Triste Y Vacía,Un estado emocional que siente soledad y carencia de llenura.,"Héctor Lavoe, Willie Colón",https://open.spotify.com/track/53GPxPUQjOBFIU4SEbQ1ze
Tropical,Trucutu,"Un sonidito juguetón que se repite, y tienes que mover el cuerpo al hacerlo.","Tommy Olivencia y Su Orquesta, Chamaco Ramírez",https://open.spotify.com/track/64g9DmjfX5oZ2MZ3Dnv5oY
Urbana,TRUQUITO - Skit,Un pequeño movimiento astuto que engaña al oponente en un juego.,Daddy Yankee,https://open.spotify.com/track/0Luxz61t3qzA8f2PNb4ktH
Tropical,Tu Amigo o Tu Amante,"Un compañero cercano, o tal vez algo más que eso, ¿qué prefieres ser?",La Sabrosura Orquesta,https://open.spotify.com/track/3XCqINkynQfUcB75MrihyK
Tropical,Tu Ausencia,Un vacío que se siente cuando esa persona especial ya no está presente.,Pedro Arroyo,https://open.spotify.com/track/4TlSeZa9Ae7wWF29UHQDkK
Urbana,Tu Boca,"Atrae todas las miradas, ese lugar en tu rostro que enamora y deleita.","Beéle, Wisin",https://open.spotify.com/track/4wtOpbBoX1O3ClP6W7OEPz
Plancha,Tu Cárcel,"Un lugar donde la libertad se siente fuera de alcance, pero habita tu ser.",Los Bukis,https://open.spotify.com/track/0LNn2O06dvsZqvWaS870xJ
Plancha,Tu Con El,Un pronombre posesivo seguido de una persona en singular que acompaña.,Los Iracundos,https://open.spotify.com/track/0QwRB5Q6nxAN0AsLavgFOa
Tropical,Tu Con El,La segunda persona del singular unida a una preposición de pertenencia.,Frankie Ruiz,https://open.spotify.com/track/5p3xpIxdICGLWvjI5FEPng
Plancha,Tu Con Él,"Un par de palabras que indican compañía, mientras un alma sufre en la lejanía.",Los Iracundos,https://open.spotify.com/track/5wPE93rO0Kwfi9q7QTOpTh
Urbana,Tu Cuerpo Me Llama,Un organismo en el que resuena un llamado irresistible y seductor.,"Reykon, LOS MORTAL COMBAT",https://open.spotify.com/track/2Cc8r3E3EaPnqN847ph6W8
Tropical,Tú de Que Vas,"Lo que eres para mí, pero también podría ser un pronombre interrogativo.",Juan Carlos Ensamble,https://open.spotify.com/track/3wm0JKHPquzOmIBrRZGfsu
Pop Latino,Tú de Qué Vas,¿Qué intención escondes detrás de esa dirección sobre lo que eres?,Franco De Vita,https://open.spotify.com/track/66iygyOSvvoQQsKJ1vEXfT
Tropical,Tú Eres,Eres la persona que ocupa mi pensamiento constantemente.,Frankie Ruiz,https://open.spotify.com/track/3ZFU7Jagw5F6oEgqkPekB9
Tropical,Tu Eres Lo Máximo,"Eres la cima en mi vida, la más alta distinción que hay.",Jerry Galante,https://open.spotify.com/track/3JfR1gW6tg9WWzapLWfCvU
Tropical,Tu Fidelidad,La lealtad que se demuestra en un vínculo profundo.,Hansel Camacho,https://open.spotify.com/track/64k6y3ALc1ItE7ugPsdpRt
Tropical,Tu Forma De Amar,La manera en que demuestras afecto y cariño hacia mí.,Pedro Conga,https://open.spotify.com/track/4fzbnMArLxwH917jh6cxi3
Urbana,Tú Foto,"La imagen que capturaste de mí, que guardas en tu dispositivo.",Ozuna,https://open.spotify.com/track/5zSOVwaY3sVjnmLhuEfsuf
Urbana,Tu Jueguito,"Un entretenimiento entre dos, donde las reglas cambian según la ocasión.",Aventura,https://open.spotify.com/track/60ZPX5gGSVOz8mH64M0uXM
Urbana,Tu Libertad (feat. Prince Royce),La potestad de elegir tu camino y ser quien realmente eres.,"Wisin, Prince Royce",https://open.spotify.com/track/2Cam43R2H3xPO5cqJS7ZXE
Plancha,"Tú Llegaste, Cuando Menos Te Esperaba",Un encuentro inesperado que ilumina la vida justo en el momento más sorpresivo.,Leo Dan,https://open.spotify.com/track/3pHGQHC1G7NcaH9fZsGYFI
Banda,Tu Mal Sabor,"Un gusto que deja una huella amarga, fruto de un amor que no fue.",Yeison Jimenez,https://open.spotify.com/track/1LNLFgc99bgCWPAaJ9zUQi
Tropical,Tu Manera De Amar,"El estilo en que das amor es único y distintivo, propio de tu esencia.",Pedro Conga,https://open.spotify.com/track/2eUJ9doLmna3fqa8Mq6A0F
Tropical,Tú Me Haces Falta,La ausencia que sientes cuando alguien especial no está contigo.,Eddie Santiago,https://open.spotify.com/track/6WePMNhVJbMePASwPNgN4t
Plancha,Tú Me Pides Que Te Olvide,"Si deseas que su memoria desaparezca, aunque el corazón no lo quiera.",Leo Dan,https://open.spotify.com/track/7iPpx6NkEUfAGRICeMv11H
Tropical,Tú Me Quemas,El efecto que produce el ardor en el corazón cuando el amor se intensifica.,Eddie Santiago,https://open.spotify.com/track/0MIV6L1svhZi1KSPBU0qSd
Tropical,Tú Me Vuelves Loco,"Soy el efecto que produces en mí, desatando mi locura al contemplarte.",Frankie Ruiz,https://open.spotify.com/track/2oyuJuVCq3nQdMEm6aAMRm
Tropical,Tu Precio,"El valor que le das a lo que eres, no lo puede medir nadie.",Mariano Civico,https://open.spotify.com/track/2Fon9te68MYvRPxNBDWYRP
Urbana,Tu Príncipe,El rey que viene a rescatar a su dama.,"Daddy Yankee, Zion & Lennox",https://open.spotify.com/track/0Q7ZM15J0cJA9rd7pQYdRq
Tropical,Tú Quisiste,"La decisión fue tuya, aunque ahora duela en el corazón.",Conjunto Chaney,https://open.spotify.com/track/7psGiuDGvnkSvcyZ59xggi
Urbana,Tu recuerdo,"La memoria de lo que fue, aunque ya no esté presente.",Maluma,https://open.spotify.com/track/2Myp53WxhQq9JTWNEFNyCn
Pop Latino,Tu Recuerdo (feat. Chambao & Tommy Torres),Lo que permanece en la memoria de algo que se ha ido.,"Ricky Martin, Chambao, Tommy Torres",https://open.spotify.com/track/317pCszjSc7IYw8n9mgQgL
Pop Latino,Tu Recuerdo (feat. Chambao & Tommy Torres) - MTV Unplugged Version,Lo que permanece en la mente cuando alguien querido ya no está.,"Ricky Martin, Chambao, Tommy Torres",https://open.spotify.com/track/61hJK3EfAd1LDk7x5OrCTc
Banda,Tu Sangre en Mi Cuerpo,"Un líquido vital que recorre tu ser, ahora en mi interior.","Ángela Aguilar, Pepe Aguilar",https://open.spotify.com/track/1EarUeWxzDC364EWOSXhNL
Vallenato,Tu Vas A Volar,"Cuando alguien rompe las cadenas que lo atan, ¿a dónde se dirige su espíritu?",Los Diablitos,https://open.spotify.com/track/7niiFKqQlF9SM6G5fWui9j
Urbana,TU VAS SIN (fav),"Paseas sin que nadie te detenga, dejando huellas en el camino.",Rels B,https://open.spotify.com/track/6uiQ0DqbXTBc8tl0AUKZkR
Banda,Tu Veneno,"Sustancia que intoxica el corazón, irresistible y peligrosa a la vez.","Jessi Uribe, Jhonny Rivera",https://open.spotify.com/track/6baqa74IoPWJPy8grAX8CF
Urbana,Tu Veneno,"El líquido que provoca una atracción mortal, despierta tanto deseo como dolor.",J Balvin,https://open.spotify.com/track/5KFHrrBMyGj5MhVbZMM3ts
Tropical,Tu y Yo,"La conexión entre dos personas, donde uno y otro son inseparables.",La Misma Gente,https://open.spotify.com/track/3bzKUx3jwyOIWuINVfg5jV
Banda,TULUM,Un lugar en la costa mexicana donde el sol brilla intensamente y el tiempo se detiene.,"Peso Pluma, Grupo Frontera",https://open.spotify.com/track/7bPp2NmpmyhLJ7zWazAXMu
Urbana,TURiSTA,"Un viajero que visita sin un destino fijo, sin hojas de ruta.",Bad Bunny,https://open.spotify.com/track/7tCuCjhxzjX2XCz4JiiAsp
Urbana,Turn Me On,Activa mi deseo y enciende mi pasión.,Kevin Lyttle,https://open.spotify.com/track/0BBOLOV5JntPL3341swIre
Pop Anglo,Turn Up The Sunshine - From 'Minions: The Rise of Gru' Soundtrack,Eleva la luz que hace que el día brille aún más.,"Diana Ross, Tame Impala",https://open.spotify.com/track/4qfsIA030Dnr1K6rs2JVYq
Urbana,Tusa,"En Colombia, así se llama la pena tras una separación romántica.",KAROL G,https://open.spotify.com/track/7k4t7uLgtOxPwTpFmtJNTY
Urbana,Tusa,Una palabra que usamos para describir cuando una relación se descompone.,"KAROL G, Nicki Minaj",https://open.spotify.com/track/7k4t7uLgtOxPwTpFmtJNTY
Urbana,Tutu,"Una prenda que te hace sentir especial, como un baile suave y encantador.","Camilo, Pedro Capó",https://open.spotify.com/track/1nocRtwyNPVtGcIJqfgdzZ
Urbana,Un Afrito,Un instante de frío que te deja un fuerte ardor en el corazón.,Juan Duque,https://open.spotify.com/track/213EYsG3x95vtxupDU1XMc
Tropical,Un Alto en el Camino,Detente por un momento en la ruta que has elegido.,Grupo Niche,https://open.spotify.com/track/5F9fsLJOvnMEAgFNBuO4xu
Tropical,Un Amante Como Yo,"Un ser querido que comparte más que cariño, pero se siente especial por su singularidad.",La Suprema Corte,https://open.spotify.com/track/1xwhKDnb8EMk1Be5tjGbnU
Tropical,Un Amor De La Calle,Un sentimiento que brota entre las aceras y se vive en cada rincón.,Héctor Lavoe,https://open.spotify.com/track/66juz7XEijXRIMtFXYtuSi
Plancha,Un Beso Y Una Flor,Un toque suave y un regalo de la naturaleza que simboliza amor eterno.,Nino Bravo,https://open.spotify.com/track/5IU4JO2cpa0wPK8oQWFfCr
Pop Latino,Un Buen Perdedor,El que acepta la derrota con nobleza es alguien que sabe perder bien.,Franco De Vita,https://open.spotify.com/track/0T7JubkdjBXNDVadRIq2ck
Vallenato,Un Camino Lejano,Un sendero que se extiende por mucho tiempo y distancia.,Binomio de Oro de América,https://open.spotify.com/track/34dXtfHp5Zf8TV4dwqXGGg
Tropical,Un Caso Social,Un asunto nada habitual que despierta interés en la sociedad.,Grupo Niche,https://open.spotify.com/track/5irSOlA7zXrwkJHVPgyVZQ
Urbana,Un Desperdicio,Lo que sucede cuando algo valioso se deja ir sin aprovechar.,"Rels B, Junior H",https://open.spotify.com/track/75qepWUT3FEyPyXQMMMVZm
Tropical,Un Día Después,Un periodo en el que el sol regresa tras haberse ocultado.,Grupo Niche,https://open.spotify.com/track/3uciPSsKqqgG2HuLlUTEDm
Plancha,Un Gato en la Oscuridad - Un Gato en Blu,Un felino que se mueve en la penumbra.,Roberto Carlos,https://open.spotify.com/track/7iBPBs3IQxMqbWS8jsNK32
Tropical,Un Hombre Busca Una Mujer,Un caballero intenta encontrar a una dama para compartir su vida.,"Jossie Esteban, La Patrulla 15",https://open.spotify.com/track/0gUEASZhZGZb60JqyQwytv
Plancha,Un Idiota,Aquel que actúa sin pensar y enfrenta las consecuencias de su torpeza.,Joan Sebastian,https://open.spotify.com/track/5susfx6SX1tebTCLSxe74K
Vallenato,Un Osito Dormilón,Un pequeño mamífero que se halla en sueños.,Binomio de Oro de América,https://open.spotify.com/track/2kfy5uzINhvThNfTqgXNPt
Banda,Un Perro Enamorado,Un canino que siente fuertes sentimientos por otro ser.,Yeison Jimenez,https://open.spotify.com/track/3kcr3teEgyTOVIAxMPOPeO
Urbana,UN PESO,Una carga ligera que te hace sentir que vales más en la vida.,"J Balvin, Bad Bunny, Marciano Cantero",https://open.spotify.com/track/7hynhxDoDpgMIV12JuVtNa
Vallenato,Un Recuerdo Que Mata,Algo del pasado que hiere y desgasta con su peso.,Binomio de Oro de América,https://open.spotify.com/track/6olio6TmfjrE5Jmnq3F1VV
Urbana,Un Rodeoooo,Un circuito cerrado para alguien con quien siempre quieres estar.,Rels B,https://open.spotify.com/track/1fcOwu14PSWy2JJhpGIOoL
Pop Latino,Un Siglo Sin Ti,Un periodo de cien años sin tu presencia en mi vida.,Chayanne,https://open.spotify.com/track/5NSJ0qoxwbO26tVvqpL4N2
Vallenato,Un Solo Corazón,Una única fuente de amor que late en perfecta armonía.,Los Gigantes Del Vallenato,https://open.spotify.com/track/4AEAHcLDOoL0BGhrrvQ2RE
Vallenato,Un Solo Cuerpo,Una única forma física que comparte el amor entre dos almas.,"Los Chiches Vallenatos, Amin Martinez",https://open.spotify.com/track/4O2h7M3LF9jYoVSuDh8E23
Tropical,Un Tipo Común,Un hombre ordinario que se distingue por su sencillez y autenticidad.,Tito Nieves,https://open.spotify.com/track/0ChYNjEK9JwQyz2TZfVikv
Banda,un x100to,"Una multiplicación de algo que se siente mucho, en un juego de número y corazón.","Grupo Frontera, Bad Bunny",https://open.spotify.com/track/2yzshFeBIwH8tWIqHEFLeD
Urbana,Una Aventura,"Un relato emocionante, donde dos corazones exploran lo desconocido juntos.",Ozuna,https://open.spotify.com/track/6P5OklKnFLlyc5sZiQwCrA
Vallenato,Una Hoja en Blanco,"Un papel sin marca, listo para llenarse de nuevas historias.","Omar Geles, ESMERALDA OROZCO",https://open.spotify.com/track/3G5OfJVzos5wI0L09oyTOW
Urbana,Una Lady Como Tú,"Una dama con un toque especial, que destaca entre las demás.",Manuel Turizo,https://open.spotify.com/track/5jf0PmPCHefQ78uAzqIqbj
Urbana,Una Locura,Un desvarío que provoca sentimientos intensos y nos lleva a un estado de frenesí.,"Ozuna, J Balvin, Chencho Corleone",https://open.spotify.com/track/5y7DaS3jAc9eZzcSOoUIwU
Banda,Una Mujer Como la Suya,"Un ser del sexo femenino, especial y singular, que despierta admiración.",Christian Nodal,https://open.spotify.com/track/1hGC0iYUrO6gvkRUogGCwH
Tropical,Una Noche Mas,Un período corto adicional para disfrutar de momentos especiales.,Salsa Baul Precisas,https://open.spotify.com/track/2kl54sQ9qLjJEkwncfeLPm
Tropical,Una Noche Más,Un periodo adicional en el que los recuerdos todavía pueden danzar.,Gunda Merced y Su Salsa Fever,https://open.spotify.com/track/0K8a3ELlhfDXRiSn9nGXHx
Banda,Una vida juntos,Un periodo de existencia compartida para siempre.,"Maluma, Grupo Frontera, El Bogueto",https://open.spotify.com/track/5t4jQPNGUqciQDDxXEnQKr
Urbana,Una Vida Para Recordar,Un tiempo limitado para hacer memorias que perduren.,"Piso 21, Myke Towers",https://open.spotify.com/track/6n8CqMxK4RqmUrX6gsJseD
Urbana,Una Vida Pasada,"Un existir que ya se fue, pero que siempre queda en el recuerdo.","Camilo, Carín León",https://open.spotify.com/track/7y91nQBMhyeHWTn9wVvhKl
Plancha,Una Vieja Canción de Amor,Melodía nostálgica que evoca pasiones pasadas y sentimientos que el tiempo no borra.,Raul Abramzon,https://open.spotify.com/track/7rvPbEvzYqJABB8kinljqP
Pop Anglo,undefined,Una cifra que representa el valor de la vida y un estado mental en calma.,undefined,
Tropical,Uno Mismo,El singular que se siente completo al mirarse en el espejo.,Tony Vega,https://open.spotify.com/track/15UiSHRnDSrw5uAUtKOYSO
Urbana,UNO QUITAO Y OTRO PUESTO,"Un número singular, removido y otro en su lugar, ¡así fluye el ritmo!",Daddy Yankee,https://open.spotify.com/track/51GN2McXgVYpNJPlePLP1g
Tropical,Uno Se Cura,"A veces en el camino, una compañía numerada sana heridas.",Raulin Rosendo,https://open.spotify.com/track/2jIeTDKCMcpyEzR3KCnIfW
Pop Anglo,Unsquare Dance,"Un baile que desafía la norma, donde los ángulos se rompen.",Dave Brubeck,https://open.spotify.com/track/2jfiDZCg4UjLJEFktdcAV4
Pop Anglo,Unwritten,Un texto en blanco que espera ser llenado por tus pensamientos y sueños.,Natasha Bedingfield,https://open.spotify.com/track/3U5JVgI2x4rDyHGObzJfNf
Tropical,Usted,Una forma de referirse a una persona en un tono muy formal y respetuoso.,Tito Rojas,https://open.spotify.com/track/217OiircokozWB5frngZOs
Urbana,UWAIE,"Un grito al aire que invita a celebrar, soltar tensiones y dejar ir.",Kapo,https://open.spotify.com/track/0fMjldiEpgjbWQ4bBQwVzH
Urbana,"Vacaciones (feat. Don Omar, Zion & Lennox & Tito El Bambino) - Remix","Un periodo para relajarse, lejos del trabajo y las preocupaciones.","Wisin, Don Omar, Zion & Lennox, Tito ""El Bambino""",https://open.spotify.com/track/4EUWRoZnVaq9hHt0gie8HM
Urbana,Vagabundo,"Un nómada que busca su lugar en el mundo, sin raíces fijas.","Sebastian Yatra, Manuel Turizo, Beéle",https://open.spotify.com/track/1MB8kTH7VKvAMfL9SHgJmG
Tropical,Vamos A Darnos Tiempo,"Un momento para pensar en lo que sentimos, sin presiones ni prisas.",Conjunto Chaney,https://open.spotify.com/track/02joge9HKX6OfUsEfxGmVO
Vallenato,Vas A Amarme,Un futuro incierto donde la pasión anticipa su llegada.,Los Diablitos,https://open.spotify.com/track/0C361A5r9FuW1R31TEgKdV
Urbana,VeLDÁ,"Lo que se siente al tener un compromiso serio, sin ataduras, en la vida.","Bad Bunny, Omar Courtz, Dei V",https://open.spotify.com/track/7d6yK8v8J484SWH5prIQiE
Vallenato,Ven A Mí,"Un llamado para que te acerques a mí, no te quedes lejos.",Los inquietos del vallenato,https://open.spotify.com/track/3FbY8IsVYAnchlr4wQfH2e
Urbana,Ven Bailalo,Invita a moverte al ritmo y disfruta de la noche en la pista de baile.,"Angel Y Khriz, Mr. G",https://open.spotify.com/track/2KtNeULMaw8sFkr8w13WWB
Urbana,Ven Conmigo,"Acércate y acompáñame, que en esta noche quiero compartir.","Daddy Yankee, Prince Royce",https://open.spotify.com/track/2QSuNcQxqFfokvbS7SInHG
Tropical,Ven Devórame Otra Vez,Anhelo que regreses y me consumas una vez más.,Lalo Rodriguez,https://open.spotify.com/track/5mg6sU732O35VMfCYk3lmX
Vallenato,Ven Y Dime,"Acércate y revela lo que guardas en tu corazón, sin más dilación.",Los inquietos del vallenato,https://open.spotify.com/track/3xIFpzSM6Em1AxkIQh8OaI
Tropical,Vendedora de Amor,Quien intercambia una mercancía especial por el deseo de otros.,Moncho Santana,https://open.spotify.com/track/3uzuhX2qGvWN1XbqXWsx1v
Urbana,Verano 23,Estación cálida del año y un número que representa el presente.,Juan Duque,https://open.spotify.com/track/33D8RI7wFKjzh8zvbSE1mN
Tropical,Verdades,"La esencia de lo que es real, sin máscaras ni engaños.",Hansel Camacho,https://open.spotify.com/track/2rV6kXdyRSpKPJDn7YTBfb
Urbana,Verde,"El color de la esperanza, lleno de vida y frescura, que se lleva en el alma.","J Balvin, Sky Rompiendo",https://open.spotify.com/track/3HTbI3yUJQw3fP0Po8qLcD
Pop Anglo,Versace on the Floor,Un elegante diseño textil sobre una superficie mientras la música suena suavemente.,Bruno Mars,https://open.spotify.com/track/0kN8xEmgMW9mh7UmDYHlJP
Banda,Vete,Despedirse de alguien que ya no quiere estar a tu lado.,Yeison Jimenez,https://open.spotify.com/track/6cZcn282SIMmuO8FHN8634
Urbana,Vete,"Desaparece de mi vida, sin quedarte a dar explicaciones.",Bad Bunny,https://open.spotify.com/track/5DxXgozhkPLgrbKFY91w0c
Vallenato,Vete De Mí,"Desaparece de mi vida, por favor, antes de que el dolor se haga eterno.",Los Gigantes Del Vallenato,https://open.spotify.com/track/5FJzUqMbP86Gu41OJgZUkC
Tropical,Vicio,Un hábito del que es difícil liberarse y que te atrapa sin compasión.,"Pedro Conga, Maelo Ruiz",https://open.spotify.com/track/3JEir287l2onZtUT6z66je
Urbana,Vida de Rico,"Existencia de abundancia y bienestar, donde lo simple se convierte en lo valioso.",Camilo,https://open.spotify.com/track/73nAK3HgQK8dak83Y2WQ8F
Tropical,Viene Y Se Va,Aparece y desaparece como un suspiro en el aire.,Mauro Castillo,https://open.spotify.com/track/3StjgHSqvAcswY3fb2IDWA
Vallenato,Vientos De Navidad,Corrientes de aire que traen consigo el espíritu festivo en diciembre.,Los Diablitos,https://open.spotify.com/track/6ZU2K5uNgFD6rLXxTZjJ5L
Tropical,Vino Añejo,Un néctar fermentado que mejora con el paso del tiempo.,Rubén Blades,https://open.spotify.com/track/3fAkRiXq1lopFUpDM8wlQh
Tropical,Virgen,"Un estado de pureza que se mantiene intacto, sin haber sido tocado.",Adolescent's Orquesta,https://open.spotify.com/track/4ae223xfO5QUzbDWqLJMag
Urbana,Virtual Diva,Una reina del mundo digital que brilla en el escenario virtual.,Don Omar,https://open.spotify.com/track/6doLqlEfsI2zjsYQCNn5z8
Pop Anglo,Viva La Vida,"Celebra la existencia, solo que en la lengua de los ganadores.",Coldplay,https://open.spotify.com/track/1mea3bSkSGXuIRvnydlB5b
Vallenato,Vive en Mi,Una existencia en mi corazón que nunca se apaga.,Los Gigantes Del Vallenato,https://open.spotify.com/track/2aZqvfsa1sXyGegEQoyBnD
Vallenato,Vives En Mi,"Un término que se usa para expresar presencia continua, seguido de un pronombre que indica pertenencia.",Los Gigantes Del Vallenato,https://open.spotify.com/track/4jOsVBZsUDaAvguaywRL9J
Vallenato,Vivimos Lo Nuestro,"Un tiempo compartido entre dos, lleno de emociones y promesas.",Los inquietos del vallenato,https://open.spotify.com/track/0WKTMYmfsIAI4qTMUQzXR5
Plancha,Vivir Así Es Morir de Amor,Existir de esta forma es sucumbir por el sentimiento más profundo.,Camilo Sesto,https://open.spotify.com/track/3yzHIAzk3zVE1WgspS8W21
Tropical,Vivir Lo Nuestro,"Compartir nuestras vidas, mezclando lo bueno y lo malo, es esencial para nosotros.","LA INDIA, Marc Anthony",https://open.spotify.com/track/4UXdWLgdsdmkeOFABIGwZY
Tropical,Vivir Sin Ella,"Existir sin su presencia, aunque el alma anhele su compañía.",Gilberto Santa Rosa,https://open.spotify.com/track/1B0ojiCJyXn5WQEBctXQ70
Plancha,Vivir Sin Ti,"La existencia sin tu presencia, un desafío constante en el corazón.",Camilo Sesto,https://open.spotify.com/track/0MexPBIVYBTeTgrQGPIIsB
Tropical,Vivo Amándote,"Estando lleno de cariño, no puedo dejar de sentirlo por ti.",Lalo Rodriguez,https://open.spotify.com/track/2NXU2zd817lHLZjjpd4RC2
Vallenato,Vivo por Ti,"Existo gracias a tu presencia, mi razón de ser.",Los Gigantes Del Vallenato,https://open.spotify.com/track/4YtHcEWXyGYpqhNfBEf9c6
Vallenato,Volver,"Regresar a un tiempo que fue, reviviendo memorias en el camino.",Los inquietos del vallenato,https://open.spotify.com/track/76k5BZctXgW2IyrYjKGNP6
Pop Latino,Volverte A Ver,Deseo de reencontrar a alguien que ha sido muy especial en el pasado.,Juanes,https://open.spotify.com/track/2ZqFfDwNjKvPu3USx3onhO
Vallenato,Voy a Amarte,Un compromiso de afecto que se dirige hacia ti.,Los Gigantes Del Vallenato,https://open.spotify.com/track/0bkLfsZSNwXX5kc2zMdXjc
Tropical,Voy A Arrancarte De Mi,"Desisto de tenerte en mi vida, dejaré que te vayas.",Juan Carlos Coronel,https://open.spotify.com/track/1hZzXYOFrkundQadclYmQC
Urbana,Voy a Beber,Decido actuar dejando atrás la sobriedad por un rato y disfrutando de una bebida.,Nicky Jam,https://open.spotify.com/track/7L6OH2Vvayl3qMnmZxhsNh
Vallenato,Voy A Cambiar Por Tí,Decido modificar mi ser por tu amor.,"Otto Serge, Rafael Ricardo",https://open.spotify.com/track/6TLEHsLODXagw3N6cYsaop
Tropical,Voy A Conquistar Tu Amor,Un propósito decidido para ganar el afecto de alguien especial.,Johnny Rivera,https://open.spotify.com/track/1RbjmUfYA4rH0OXpS1JvYx
Plancha,Voy a Llenarte Toda,"Una promesa de colmarte por completo, sin dejar nada fuera de tu ser.",José José,https://open.spotify.com/track/6RjJbVwSkEdr6UnzVUDtn4
Urbana,VOY A LLeVARTE PA PR,"Un destino caribeño, en el que te prometo llevarte junto a mí.",Bad Bunny,https://open.spotify.com/track/59D4DOkspUbWyMmbAPQkxZ
Vallenato,Voy a Olvidarte,Un deseo de dejar atrás recuerdos que pesan en el corazón.,Los Chiches Del Vallenato,https://open.spotify.com/track/3k6wke7iC3W6cfQfcu6SK6
Tropical,Voy A Prometerme,Un compromiso personal que establezco conmigo mismo para el futuro.,Víctor Manuelle,https://open.spotify.com/track/4i6PHN6YpJHepCIi9Z6EkT
Pop Latino,Vuelve,"Regresa el tiempo que compartimos, ese anhelo de verte otra vez.",Ricky Martin,https://open.spotify.com/track/3OK8WgNRmp4F3ahXe6XX6l
Tropical,Vuelve A Ser Mia Otra Vez (Be Mine Again),"Regresa a ser la dueña de mi corazón, una segunda oportunidad en el amor.",Maelo Ruiz,https://open.spotify.com/track/12iNALuSbtfWb4Q9zCBgTG
Banda,Vuelve o Vete,"Regresa o marcha, la decisión está en tus manos.",Carín León,https://open.spotify.com/track/3veYAXkDS2BIxK9RwamGhQ
Banda,Vuelve y Me Pasa,"Regresa a mi lado una vez más, como un ciclo sin fin.",Yeison Jimenez,https://open.spotify.com/track/2D6EXB657fhCYrBK35UTf2
Urbana,W&B,Una mezcla de colores que dan ganas de reir y bailar.,"Hector Nazza, Koora, Zaider",https://open.spotify.com/track/7MR39rAMsRts5sNkk0JtFD
Pop Anglo,Walking On A Dream,Paseando sobre una ilusión que parece un viaje o una aventura etérea.,Empire Of The Sun,https://open.spotify.com/track/5r5cp9IpziiIsR6b93vcnQ
Pop Anglo,Water,"El elemento esencial para la vida, que fluye y tiene muchos estados.",Tyla,https://open.spotify.com/track/5aIVCx5tnk0ntmdiinnYvw
Pop Anglo,Waterfalls,"Cascadas que fluyen, a menudo se desvían de su camino, cuidado con lo profundo.",TLC,https://open.spotify.com/track/6qspW4YKycviDFjHBOaqUY
Pop Anglo,We Are Young (feat. Janelle Monáe),Un momento de la vida en el que aún no hemos dejado de brillar.,"fun., Janelle Monáe",https://open.spotify.com/track/5rgy6ghBq1eRApCkeUdJXf
Urbana,WELTiTA,"Un lugar que va más allá de lo usual, donde se juega a vivir diferente.","Bad Bunny, Chuwi",https://open.spotify.com/track/5WEF0icHWmAZBBMglBd599
Pop Anglo,What Do You Mean?,"¿Una pregunta que busca claridad, pero tú no sabes responder?",Justin Bieber,https://open.spotify.com/track/4B0JvthVoAAuygILe3n4Bs
Pop Anglo,What's Up?,"Pregunta que refleja el estado de algo, pero no es un interrogante.",4 Non Blondes,https://open.spotify.com/track/0jWgAnTrNZmOGmqgvHhZEm
Pop Anglo,When I Was Your Man,"En el pasado, cuando aún eras parte de mi vida, un caballero a tu lado.",Bruno Mars,https://open.spotify.com/track/0nJW01T7XtvILxQgC5J7Wh
Pop Anglo,When It's Cold I'd Like to Die,"En el momento en que baja la temperatura, deseo descansar para siempre.","Moby, Mimi Goese",https://open.spotify.com/track/6sOx5jDVKkQCQp3NfCTd52
Pop Anglo,Where Is The Love?,Un interrogante sobre la fuerza que une o divide a la humanidad.,Black Eyed Peas,https://open.spotify.com/track/0xmjwnQ3FNE6HuWCt2nHdZ
Urbana,WHERE SHE GOES,"El lugar al que se dirige, un misterio en movimiento.",Bad Bunny,https://open.spotify.com/track/7ro0hRteUMfnOioTFI5TG1
Pop Anglo,Wherever You Will Go,"El lugar al que tú irás, siempre que estés presente en mi andar.",The Calling,https://open.spotify.com/track/5QpaGzWp0hwB5faV8dkbAz
Pop Anglo,Why You Wanna Fight?,¿Cuál es tu razón para intentar un conflicto en lugar de la paz?,Bruno Mars,https://open.spotify.com/track/3Ac4AjYkqsvop2ydbSAhTX
Pop Anglo,Wildest Dreams,Visiones más audaces de un amor que pervive en la memoria con intensidad.,Taylor Swift,https://open.spotify.com/track/3fVnlF4pGqWI9flVENcT28
Pop Anglo,With Or Without You,"Alternar entre tener y no tener; en tu vida, siempre un dilema.",U2,https://open.spotify.com/track/6ADSaE87h8Y3lccZlBJdXH
Pop Anglo,Without You (feat. Usher),"La carencia de tu presencia, eso que acompaña el vacío en el alma.","David Guetta, USHER",https://open.spotify.com/track/3UN6cIn3VIyg0z1LCuFSum
Pop Anglo,Wonderwall - Remastered,"Un muro que asombra, una pared que guarda un secreto especial para ti.",Oasis,https://open.spotify.com/track/5qqabIl2vWzo9ApSC317sa
Urbana,X,Una letra que representa el lugar donde se guardan objetos perdidos.,"Nicky Jam, J Balvin",https://open.spotify.com/track/39N9RPD9MRb5WmoLzNzPeA
Urbana,X (feat. Maluma & Ozuna) - Remix,"Una marca que señala lo desconocido en un intento de definirlo, seguido de un signo.","Nicky Jam, J Balvin, Maluma, Ozuna",https://open.spotify.com/track/6JjPBQfI2Y8nIjnm65X6Pw
Urbana,X SI VOLVEMOS,"Regresar a un estado anterior, con un compañero.","KAROL G, Romeo Santos",https://open.spotify.com/track/4NoOME4Dhf4xgxbHDT7VGe
Urbana,X TI,Por qué no simplemente me dices lo que sientes por mí.,"Kapo, Feid",https://open.spotify.com/track/4TFjpINnVhINpTdrtNQIvx
Urbana,X ÚLTIMA VEZ,Un adiós final que marca el momento de no volver a intentarlo.,"Daddy Yankee, Bad Bunny",https://open.spotify.com/track/48AJSd42lXpicsGqcgopof
Vallenato,Y Es Tan Injusto,Una situación que parece carecer de equidad y no tiene sentido.,Cumbia Sonidera & Grupera,https://open.spotify.com/track/17SwV7F9tSzOdi86GtgNYD
Tropical,Y Hubo Alguien,Un ser especial que hizo que todo cambiara en tu vida.,Marc Anthony,https://open.spotify.com/track/4lmOvO7Nc0Ppdz2hk8jpHj
Tropical,Y No Puedo,Una frase que expresa la incapacidad de avanzar en el amor.,Frankie Ruiz,https://open.spotify.com/track/0ne8Osw9y8U7qJodGEoEGs
Vallenato,Y No Regresas,"Es aquello que no vuelve, acompañado de una negación.",Binomio de Oro de América,https://open.spotify.com/track/2jnRsLF9SldwnS129Utsqi
Tropical,Y Nos Amamos,El verbo que describe la acción y una conexión intensa entre dos corazones.,David Pabon,https://open.spotify.com/track/1GJ81TUe0L0V8KpFC2Xobo
Tropical,Y Qué,"Si me miras así, ¿importa lo que digan los demás?",Pedro Arroyo,https://open.spotify.com/track/3wMhZgWtdGJ5H5z2qX1XeV
Pop Latino,"Y Si Te Quedas, ¿Qué?",¿Qué sucede si decides no irte? ¿Cuál es la consecuencia de quedarte aquí?,Santiago Cruz,https://open.spotify.com/track/33sVMI3oIildS18RA5GCqg
Pop Latino,Y sólo se me ocurre amarte,Una simple propuesta que surge de mis sentimientos profundos hacia ti.,Alejandro Sanz,https://open.spotify.com/track/05Zcw1sWmSu3wfbaLTeosp
Plancha,Y Te Vas,"Un adiós que marca la partida, dejando un vacío en el corazón.",José Luis Perales,https://open.spotify.com/track/0AlxkpxyHszvNIuHxBHuDK
Tropical,Y Tú No Estás,"La ausencia de quien solía acompañarte, dejando un vacío en el corazón.",Juan Carlos Coronel,https://open.spotify.com/track/45l28NeUGdN9BmStB4Y6Bt
Pop Latino,Y Tú Te Vas,"Cuando te marchas, dejas un vacío que se siente en el alma.",Chayanne,https://open.spotify.com/track/34hM4PLlhyBysgL50IWdHf
Tropical,Y un Día Te Fuiste,Cuando el sol se oculta y solo queda el recuerdo de tu partida.,Grupo Galé,https://open.spotify.com/track/0Iw4htgOsBlG3KUvonGF6R
Plancha,Y Volveré - Remastered 1994,Regresaré donde el corazón me quiere llevar.,Los Angeles Negros,https://open.spotify.com/track/1skQgtTyuxpGsKgWUEhz7s
Vallenato,Y Yo Ni Se Diga,Una expresión para el que nunca se entera de lo que dicen los demás.,Los Diablitos,https://open.spotify.com/track/54bOkMUTTBSVnnLcZGPQNH
Pop Latino,"Y, ¿Si fuera ella?",Un cuestionamiento sobre una posible dama en cuya presencia sientes confusión.,Alejandro Sanz,https://open.spotify.com/track/1DmlUpnkg4N1VWquSoffF1
Tropical,Ya Es Ajena,"Pertenece a otro, ya no es de quien alguna vez fue.",Fulanito,https://open.spotify.com/track/6PizIUzbNA7MK7Z9aE5NV1
Plancha,Ya Lo Sé Que Tú Te Vas,"Conozco tu decisión de partir, aunque mi corazón ya se lo imaginaba.",Juan Gabriel,https://open.spotify.com/track/5KSwwf96ITyukZpWfazLzS
Tropical,Ya Lo Ves,"Tú lo has observado, pero aún no lo crees del todo.",Anthony Cruz,https://open.spotify.com/track/068tXXWCZVrbHc4Qv5QJ0R
Banda,Ya Me Cansé,"Un estado de frustración extremo, al límite de decir basta.",Alzate,https://open.spotify.com/track/4k2FA4wQYFqGWDNHVHW9M1
Banda,Ya No Mi Amor!,Un adiós a ese sentimiento que solía ser tuyo y mío.,Yeison Jimenez,https://open.spotify.com/track/3Sx0SpMveMpN7eZzeamZQl
Tropical,Ya No Queda Nada,"Lo que antes fue, ahora se ha desvanecido por completo.","Jhonsy de los Angeles, Angeles Bendecidos, Jimmy Saa, Junior Jein",https://open.spotify.com/track/33Mq9K8xBn53emPWWHR5Nz
Tropical,Ya No Queda Nada - Salsa Version,Lo que solía estar presente se ha esfumado por completo.,Tito Nieves,https://open.spotify.com/track/0rWfWAImGqoxFCjmunuwfR
Tropical,Ya No Regreso Contigo,"Una decisión definitiva, el camino va en otra dirección.",Roberto Blades,https://open.spotify.com/track/2FXK84CAkSrAQcpqz5N9rX
Banda,Ya No Somos Ni Seremos,"Un pasado que ya no es, y un futuro que nunca llegará a ser.",Christian Nodal,https://open.spotify.com/track/7CnmrsgrDklemSrdq8tuzL
Tropical,Ya No Te Puedo Amar,"El sentimiento que una vez fue, ahora se ha desvanecido.",Grupo Galé,https://open.spotify.com/track/4GR1oh1QEZ5LAaj2OQzvuY
Banda,Ya Pedo Quién Sabe,"Es posible que estés perdido, pero no hay de qué preocupase con nuestro estado actual.","Grupo Frontera, Christian Nodal",https://open.spotify.com/track/3dNLpNsPJ3zvlVu8s5vll0
Vallenato,Ya Tengo Quien Me Quiera,"Ahora tengo a alguien que me aprecia, un vínculo que no necesita más que amor.",Los Diablitos,https://open.spotify.com/track/6Ug1ZTbe6RCRlqJCs3ISgm
Urbana,Yandel 150,Un número redondo que se asocia a un gran esfuerzo y un famoso artista.,"Yandel, Feid",https://open.spotify.com/track/2oiixB9QMIzhWaHGVlQx4g
Urbana,Yankee 150,"Un número que representa un centenar y medio, en el mundo del ritmo.","Yandel, Feid, Daddy Yankee",https://open.spotify.com/track/28BSTgZH1ckI8Xfy8LXaRz
Urbana,YAPAQUE,Un extra que se añade a lo que ya tienes.,"Farruko, Greeicy, Steve Aoki",https://open.spotify.com/track/67kmVaXtdmcy856hKjHb3y
Pop Anglo,Yellow,"El color que simboliza la luz del sol, y el término para describir algo que no es oscuro.",Coldplay,https://open.spotify.com/track/3AJwUDP919kvQ9QcozQPxg
Plancha,Yo Fui el Segundo en Tu Vida,El que ocupó el segundo espacio en tu historia de amor.,Miguel Gallardo,https://open.spotify.com/track/5YBf9xMBOA3Qr0snphwCWm
Tropical,Yo No Soy Un Ángel,"Un ser querido con alas, pero no es celestial ni de la luz.",Cheo Feliciano,https://open.spotify.com/track/2UH3l432yj8IOylvlXyZtT
Tropical,Yo No Te Pido,"A ti no te ruego, solo expreso lo que siento sin esperar nada a cambio.",Gilberto Santa Rosa,https://open.spotify.com/track/1ykmvt3x1ah7eLuR7zYZ7b
Tropical,Yo Quisiera,"Un deseo profundo que anhelo con fervor, algo que me hace soñar en voz alta.",Oscar D'León,https://open.spotify.com/track/4HD9PodcnOBUm5eGr3iHCI
Urbana,Yo Quisiera Amarla,"Un deseo profundo de sentir afecto por ella, pero las circunstancias lo impiden.",Aventura,https://open.spotify.com/track/0p1pTmCR7FoIw1CIIpGkwN
Urbana,Yo También (feat. Marc Anthony),"Un par de veces, yo también participo en esta danza del amor.","Romeo Santos, Marc Anthony",https://open.spotify.com/track/5A9AILetvfQg3LHyX5X0pV
Urbana,Yo Te Lo Dije,Una afirmación confiada que anticipa un mensaje que ya compartí.,J Balvin,https://open.spotify.com/track/4Qup5wrYCm9I4dJHxmoRJY
Urbana,Yo Te Quiero,Un sentimiento profundo y positivo hacia alguien especial.,Wisin & Yandel,https://open.spotify.com/track/7ltKsJeP89DFVDDpPRwTkp
Urbana,Yo Voy (feat. Daddy Yankee),Un camino que sigue a la voluntad de quien lo recorre.,Zion & Lennox,https://open.spotify.com/track/5gflgO9EPbIBf16n5TKnQS
Urbana,YO y TÚ,"Dos individuos, uno frente al otro, en un universo privado que solo conocen ellos.","Ovy On The Drums, Quevedo, Beéle",https://open.spotify.com/track/7koAf6aZgjO6TS7bipfPD0
Urbana,You,"Eres el pronombre que te señala y, al mismo tiempo, el núcleo de mi deseo.",Romeo Santos,https://open.spotify.com/track/1sQrCwV8vvtYLqa0KQlwE9
Pop Anglo,You Rock My World,Eres la razón por la que mi universo gira y se llena de energía.,Michael Jackson,https://open.spotify.com/track/1Lhwn4PqeGpM4LTVUowW76
Pop Anglo,Young Girls,"Chicas en sus años formativos, llenas de sueños y promesas.",Bruno Mars,https://open.spotify.com/track/3G5iN5QBqMeXx3uZPy8tgB
Urbana,ZONA DEL PERREO,"Espacio donde se baila con energía y desinhibición, a menudo al ritmo de la calle.","Daddy Yankee, NATTI NATASHA, Becky G",https://open.spotify.com/track/4pN4uE4g6srE6376NDwMJP
Tropical,Zumbale,"Un sonido vibrante que pide moverse, dale ritmo a tu cuerpo y ¡deja que suene!",Henry Fiol,https://open.spotify.com/track/6M5z2Pca6OuN4l5n5kId3E
Urbana,Zun Da Da,Un sonido repetitivo que anima el cuerpo y resuena en la fiesta.,Zion,https://open.spotify.com/track/6DxS2ZRl8G3EagHkovYXA2